version 2
JvmtiExport can_access_local_variables 0
JvmtiExport can_hotswap_or_post_breakpoint 0
JvmtiExport can_post_on_exceptions 0
# 798 ciObject found
instanceKlass com/android/tools/r8/internal/RY
ciInstanceKlass java/lang/Cloneable 1 0 7 100 1 100 1 1 1
# instanceKlass com/android/tools/r8/internal/QJ$$Lambda+0x000001ec483612e8
instanceKlass com/android/tools/r8/internal/gb
instanceKlass com/android/tools/r8/internal/Lj
instanceKlass com/android/tools/r8/internal/Db
instanceKlass  @bci com/android/tools/r8/internal/Y5 a (Lcom/android/tools/r8/internal/Y5;Lcom/android/tools/r8/internal/nt;Lcom/android/tools/r8/ir/optimize/a;)Ljava/util/Set; 156 <appendix> member <vmtarget> ; # com/android/tools/r8/internal/Y5$$Lambda+0x000001ec48360a70
instanceKlass  @bci com/android/tools/r8/internal/nb b (Lcom/android/tools/r8/internal/P8;Lcom/android/tools/r8/internal/I9;Lcom/android/tools/r8/internal/H70;)Lcom/android/tools/r8/internal/I9; 3 <appendix> member <vmtarget> ; # com/android/tools/r8/internal/nb$$Lambda+0x000001ec48360838
instanceKlass  @bci com/android/tools/r8/internal/nb a (Lcom/android/tools/r8/internal/I9;Lcom/android/tools/r8/graph/y;Lcom/android/tools/r8/internal/P8;)Lcom/android/tools/r8/internal/I9; 110 <appendix> member <vmtarget> ; # com/android/tools/r8/internal/nb$$Lambda+0x000001ec48360600
instanceKlass  @bci com/android/tools/r8/internal/nb a (Lcom/android/tools/r8/internal/I9;Lcom/android/tools/r8/graph/y;Lcom/android/tools/r8/internal/P8;)Lcom/android/tools/r8/internal/I9; 104 <appendix> member <vmtarget> ; # com/android/tools/r8/internal/nb$$Lambda+0x000001ec4835cc60
instanceKlass  @bci com/android/tools/r8/internal/qR b (Lcom/android/tools/r8/internal/sB;)Lcom/android/tools/r8/internal/De; 324 <appendix> argL0 ; # com/android/tools/r8/internal/qR$$Lambda+0x000001ec4835ca30
instanceKlass  @bci com/android/tools/r8/internal/LI a (Lcom/android/tools/r8/graph/j1;Lcom/android/tools/r8/synthesis/M;)V 98 <appendix> argL0 ; # com/android/tools/r8/internal/LI$$Lambda+0x000001ec4835dcd8
instanceKlass  @bci com/android/tools/r8/internal/LI c (Lcom/android/tools/r8/graph/K5;Lcom/android/tools/r8/internal/NI;)Lcom/android/tools/r8/graph/K5; 57 <appendix> member <vmtarget> ; # com/android/tools/r8/internal/LI$$Lambda+0x000001ec4835daa0
instanceKlass  @bci com/android/tools/r8/internal/LI c (Lcom/android/tools/r8/graph/K5;Lcom/android/tools/r8/internal/NI;)Lcom/android/tools/r8/graph/K5; 51 <appendix> member <vmtarget> ; # com/android/tools/r8/internal/LI$$Lambda+0x000001ec4835d868
instanceKlass  @bci com/android/tools/r8/ir/optimize/u0 b (Lcom/android/tools/r8/internal/sB;Lcom/android/tools/r8/internal/QJ;)V 127 <appendix> member <vmtarget> ; # com/android/tools/r8/ir/optimize/u0$$Lambda+0x000001ec4835d220
instanceKlass  @bci com/android/tools/r8/internal/ep a (Lcom/android/tools/r8/internal/Jr0;)V 9 <appendix> argL0 ; # com/android/tools/r8/internal/ep$$Lambda+0x000001ec4835d000
instanceKlass  @bci com/android/tools/r8/internal/ep a (Lcom/android/tools/r8/internal/Jr0;)V 1 <appendix> argL0 ; # com/android/tools/r8/internal/ep$$Lambda+0x000001ec4835fd48
instanceKlass  @bci com/android/tools/r8/internal/ep a (Lcom/android/tools/r8/internal/Up;Lcom/android/tools/r8/internal/xf;)I 6 <appendix> argL0 ; # com/android/tools/r8/internal/ep$$Lambda+0x000001ec4835fb28
instanceKlass  @bci com/android/tools/r8/ir/optimize/F a (Ljava/util/Queue;Lcom/android/tools/r8/internal/sB;Lcom/android/tools/r8/internal/Y5;Lcom/android/tools/r8/ir/optimize/a;Lcom/android/tools/r8/internal/Hx0;)V 356 <appendix> argL0 ; # com/android/tools/r8/ir/optimize/F$$Lambda+0x000001ec4835f8f8
instanceKlass  @bci com/android/tools/r8/internal/es a (Lcom/android/tools/r8/internal/Jr0;)V 1 <appendix> argL0 ; # com/android/tools/r8/internal/es$$Lambda+0x000001ec4835f6b8
instanceKlass  @bci com/android/tools/r8/internal/lo0 a (Lcom/android/tools/r8/internal/XL;)V 449 <appendix> argL0 ; # com/android/tools/r8/internal/lo0$$Lambda+0x000001ec4835f478
instanceKlass  @bci com/android/tools/r8/internal/hp a (Lcom/android/tools/r8/internal/Jr0;)V 17 <appendix> argL0 ; # com/android/tools/r8/internal/hp$$Lambda+0x000001ec4835f258
instanceKlass  @bci com/android/tools/r8/internal/hp a (Lcom/android/tools/r8/internal/Jr0;)V 9 <appendix> argL0 ; # com/android/tools/r8/internal/hp$$Lambda+0x000001ec4835f038
instanceKlass  @bci com/android/tools/r8/internal/hp a (Lcom/android/tools/r8/internal/Jr0;)V 1 <appendix> argL0 ; # com/android/tools/r8/internal/hp$$Lambda+0x000001ec4835ee18
instanceKlass  @bci com/android/tools/r8/internal/hp a (Lcom/android/tools/r8/internal/Up;Lcom/android/tools/r8/internal/xf;)I 6 <appendix> argL0 ; # com/android/tools/r8/internal/hp$$Lambda+0x000001ec4835ebf8
instanceKlass  @bci com/android/tools/r8/internal/bp a (Lcom/android/tools/r8/internal/Jr0;)V 9 <appendix> argL0 ; # com/android/tools/r8/internal/bp$$Lambda+0x000001ec4835e000
instanceKlass  @bci com/android/tools/r8/internal/bp a (Lcom/android/tools/r8/internal/Jr0;)V 1 <appendix> argL0 ; # com/android/tools/r8/internal/bp$$Lambda+0x000001ec481f4000
instanceKlass  @bci com/android/tools/r8/internal/fp a (Lcom/android/tools/r8/internal/Jr0;)V 9 <appendix> argL0 ; # com/android/tools/r8/internal/fp$$Lambda+0x000001ec481f4c40
instanceKlass  @bci com/android/tools/r8/internal/bp a (Lcom/android/tools/r8/internal/Up;Lcom/android/tools/r8/internal/xf;)I 6 <appendix> argL0 ; # com/android/tools/r8/internal/bp$$Lambda+0x000001ec481f4a20
instanceKlass  @bci com/android/tools/r8/internal/fp a (Lcom/android/tools/r8/internal/Jr0;)V 1 <appendix> argL0 ; # com/android/tools/r8/internal/fp$$Lambda+0x000001ec481f4800
instanceKlass  @bci com/android/tools/r8/internal/fp a (Lcom/android/tools/r8/internal/Up;Lcom/android/tools/r8/internal/xf;)I 6 <appendix> argL0 ; # com/android/tools/r8/internal/fp$$Lambda+0x000001ec481f8478
instanceKlass  @bci com/android/tools/r8/internal/TY a (Ljava/util/HashSet;Ljava/util/HashMap;Ljava/util/HashSet;)Lcom/android/tools/r8/internal/rv; 39 <appendix> member <vmtarget> ; # com/android/tools/r8/internal/TY$$Lambda+0x000001ec481f8220
instanceKlass  @bci com/android/tools/r8/internal/TY a (Lcom/android/tools/r8/internal/Y5;Ljava/util/HashSet;Ljava/util/HashMap;)V 285 <appendix> argL0 ; # com/android/tools/r8/internal/TY$$Lambda+0x000001ec481f8000
instanceKlass  @bci com/android/tools/r8/internal/lo0 a (Ljava/util/List;Lcom/android/tools/r8/ir/optimize/a;Lcom/android/tools/r8/internal/V6;Ljava/util/Map$Entry;)V 252 <appendix> member <vmtarget> ; # com/android/tools/r8/internal/lo0$$Lambda+0x000001ec48200cc0
instanceKlass  @bci com/android/tools/r8/internal/US a (Lcom/android/tools/r8/internal/tU;ILcom/android/tools/r8/internal/Kf0;Lcom/android/tools/r8/internal/Kf0;)V 92 <adapter> ; # java/lang/invoke/LambdaForm$MH+0x000001ec48201400
# instanceKlass java/lang/invoke/LambdaForm$DMH+0x000001ec48214400
instanceKlass  @bci com/android/tools/r8/internal/US a (Lcom/android/tools/r8/internal/tU;ILcom/android/tools/r8/internal/Kf0;Lcom/android/tools/r8/internal/Kf0;)V 92 <appendix> form vmentry <vmtarget> ; # java/lang/invoke/LambdaForm$DMH+0x000001ec48215000
instanceKlass  @bci com/android/tools/r8/internal/US a (Ljava/util/List;Lcom/android/tools/r8/internal/qK;)V 36 <appendix> member <vmtarget> ; # com/android/tools/r8/internal/US$$Lambda+0x000001ec48200a38
instanceKlass  @bci com/android/tools/r8/internal/US a (Lcom/android/tools/r8/internal/tU;ILcom/android/tools/r8/internal/Kf0;Lcom/android/tools/r8/internal/Kf0;)V 92 <appendix> member <vmtarget> ; # com/android/tools/r8/internal/US$$Lambda+0x000001ec48200800
instanceKlass  @bci com/android/tools/r8/internal/US c (Lcom/android/tools/r8/internal/ME;)Z 32 <appendix> member <vmtarget> ; # com/android/tools/r8/internal/US$$Lambda+0x000001ec48201c70
instanceKlass com/android/tools/r8/internal/hb
instanceKlass  @cpi com/android/tools/r8/internal/US 1596 form vmentry <vmtarget> ; # java/lang/invoke/LambdaForm$DMH+0x000001ec48216800
instanceKlass com/android/tools/r8/internal/qF
instanceKlass com/android/tools/r8/internal/kF
instanceKlass com/android/tools/r8/internal/sF
instanceKlass  @bci com/android/tools/r8/internal/LI b (Lcom/android/tools/r8/graph/H2;)Lcom/android/tools/r8/graph/g1; 1 <appendix> argL0 ; # com/android/tools/r8/internal/LI$$Lambda+0x000001ec48215d18
instanceKlass  @bci com/android/tools/r8/internal/LI a (Lcom/android/tools/r8/graph/H2;Lcom/android/tools/r8/synthesis/M;)V 109 <appendix> member <vmtarget> ; # com/android/tools/r8/internal/LI$$Lambda+0x000001ec48216470
instanceKlass  @bci com/android/tools/r8/internal/LI a (Lcom/android/tools/r8/graph/H2;Lcom/android/tools/r8/internal/NI;)V 64 <appendix> member <vmtarget> ; # com/android/tools/r8/internal/LI$$Lambda+0x000001ec48216238
instanceKlass  @bci com/android/tools/r8/internal/LI a (Lcom/android/tools/r8/graph/H2;Lcom/android/tools/r8/internal/NI;)V 56 <appendix> member <vmtarget> ; # com/android/tools/r8/internal/LI$$Lambda+0x000001ec48216000
instanceKlass  @bci com/android/tools/r8/internal/US a (Lcom/android/tools/r8/internal/tU;IZ)V 90 <appendix> member <vmtarget> ; # com/android/tools/r8/internal/US$$Lambda+0x000001ec481f5cb8
instanceKlass  @bci com/android/tools/r8/internal/kb h ()Ljava/lang/Iterable; 22 <appendix> argL0 ; # com/android/tools/r8/internal/kb$$Lambda+0x000001ec481f5a78
instanceKlass  @bci com/android/tools/r8/internal/kb h ()Ljava/lang/Iterable; 12 <appendix> argL0 ; # com/android/tools/r8/internal/kb$$Lambda+0x000001ec481f5828
instanceKlass  @bci com/android/tools/r8/internal/kb a (I)Lcom/android/tools/r8/internal/q70; 31 <appendix> member <vmtarget> ; # com/android/tools/r8/internal/kb$$Lambda+0x000001ec481f5600
instanceKlass  @bci com/android/tools/r8/ir/optimize/M a (Lcom/android/tools/r8/internal/sB;)V 583 <appendix> member <vmtarget> ; # com/android/tools/r8/ir/optimize/M$$Lambda+0x000001ec4835bc08
instanceKlass  @bci com/android/tools/r8/ir/optimize/M a (Lcom/android/tools/r8/internal/sB;)V 563 <appendix> argL0 ; # com/android/tools/r8/ir/optimize/M$$Lambda+0x000001ec4835b970
instanceKlass  @bci com/android/tools/r8/ir/optimize/M a (Lcom/android/tools/r8/internal/sB;)V 553 <appendix> argL0 ; # com/android/tools/r8/ir/optimize/M$$Lambda+0x000001ec4835b720
instanceKlass  @bci com/android/tools/r8/internal/nb a (Lcom/android/tools/r8/internal/I9;Lcom/android/tools/r8/graph/y;Lcom/android/tools/r8/internal/P8;)Lcom/android/tools/r8/internal/I9; 130 <appendix> member <vmtarget> ; # com/android/tools/r8/internal/nb$$Lambda+0x000001ec4835b4e8
instanceKlass  @bci com/android/tools/r8/ir/optimize/u0 a (Lcom/android/tools/r8/internal/sB;Lcom/android/tools/r8/internal/QJ;)V 125 <appendix> argL0 ; # com/android/tools/r8/ir/optimize/u0$$Lambda+0x000001ec4835b298
instanceKlass  @bci com/android/tools/r8/ir/optimize/M a (Lcom/android/tools/r8/internal/sB;)V 448 <appendix> argL0 ; # com/android/tools/r8/ir/optimize/M$$Lambda+0x000001ec4835b058
instanceKlass  @bci com/android/tools/r8/internal/nb a (Lcom/android/tools/r8/internal/I9;Lcom/android/tools/r8/graph/y;Lcom/android/tools/r8/internal/P8;)Lcom/android/tools/r8/internal/I9; 124 <appendix> member <vmtarget> ; # com/android/tools/r8/internal/nb$$Lambda+0x000001ec4835ae30
instanceKlass  @bci com/android/tools/r8/internal/tf b (Lcom/android/tools/r8/internal/sB;)Lcom/android/tools/r8/internal/De; 514 <appendix> argL0 ; # com/android/tools/r8/internal/tf$$Lambda+0x000001ec4835ac00
instanceKlass  @bci com/android/tools/r8/internal/xB b (Lcom/android/tools/r8/graph/K5;Lcom/android/tools/r8/internal/Z40;Lcom/android/tools/r8/internal/RX;Lcom/android/tools/r8/internal/Lf;Lcom/android/tools/r8/internal/sX$a;Lcom/android/tools/r8/internal/at0;)Lcom/android/tools/r8/internal/at0; 35 <appendix> member <vmtarget> ; # com/android/tools/r8/internal/xB$$Lambda+0x000001ec4835a9d8
instanceKlass  @bci com/android/tools/r8/internal/lu b ()Lcom/android/tools/r8/graph/G; 78 <appendix> member <vmtarget> ; # com/android/tools/r8/internal/lu$$Lambda+0x000001ec4835a7a0
instanceKlass  @bci com/android/tools/r8/internal/o5 a (Lcom/android/tools/r8/graph/y;Lcom/android/tools/r8/synthesis/M;)V 46 <appendix> member <vmtarget> ; # com/android/tools/r8/internal/o5$$Lambda+0x000001ec4835a160
instanceKlass  @bci com/android/tools/r8/internal/o5 a (Lcom/android/tools/r8/graph/y;Lcom/android/tools/r8/graph/K5;Lcom/android/tools/r8/internal/n5;Ljava/util/function/Supplier;)Lcom/android/tools/r8/graph/K5; 27 <appendix> member <vmtarget> ; # com/android/tools/r8/internal/o5$$Lambda+0x000001ec48359f28
instanceKlass  @bci com/android/tools/r8/internal/o5 a (Lcom/android/tools/r8/graph/y;Lcom/android/tools/r8/graph/K5;Lcom/android/tools/r8/internal/n5;Ljava/util/function/Supplier;)Lcom/android/tools/r8/graph/K5; 11 <appendix> argL0 ; # com/android/tools/r8/internal/o5$$Lambda+0x000001ec48359d08
instanceKlass  @bci com/android/tools/r8/internal/o5 a (Lcom/android/tools/r8/graph/y;Lcom/android/tools/r8/graph/K5;Lcom/android/tools/r8/internal/n5;Lcom/android/tools/r8/internal/Lf;Lcom/android/tools/r8/graph/u1;Ljava/util/LinkedHashMap;Lcom/android/tools/r8/graph/B2;)Lcom/android/tools/r8/graph/i0; 24 <appendix> member <vmtarget> ; # com/android/tools/r8/internal/o5$$Lambda+0x000001ec48359ae0
instanceKlass  @bci com/android/tools/r8/internal/sB y ()V 373 <appendix> member <vmtarget> ; # com/android/tools/r8/internal/sB$$Lambda+0x000001ec48359680
instanceKlass com/android/tools/r8/internal/cL
instanceKlass  @bci com/android/tools/r8/internal/o5 a (Lcom/android/tools/r8/graph/u1;Lcom/android/tools/r8/graph/y;Lcom/android/tools/r8/graph/K5;Lcom/android/tools/r8/internal/n5;Lcom/android/tools/r8/internal/Lf;Ljava/util/LinkedHashMap;Lcom/android/tools/r8/synthesis/M;)V 54 <appendix> member <vmtarget> ; # com/android/tools/r8/internal/o5$$Lambda+0x000001ec48359250
instanceKlass  @bci com/android/tools/r8/internal/o5 a (Lcom/android/tools/r8/graph/y;Lcom/android/tools/r8/graph/K5;Lcom/android/tools/r8/internal/ga;Lcom/android/tools/r8/internal/Lf;)Lcom/android/tools/r8/graph/B2; 49 <appendix> member <vmtarget> ; # com/android/tools/r8/internal/o5$$Lambda+0x000001ec48359018
instanceKlass  @cpi com/android/tools/r8/internal/o5 240 form vmentry <vmtarget> ; # java/lang/invoke/LambdaForm$DMH+0x000001ec4835c000
instanceKlass  @bci com/android/tools/r8/internal/o5 a (Lcom/android/tools/r8/graph/y;Lcom/android/tools/r8/graph/K5;Lcom/android/tools/r8/internal/ga;Lcom/android/tools/r8/internal/Lf;)Lcom/android/tools/r8/graph/B2; 31 <appendix> argL0 ; # com/android/tools/r8/internal/o5$$Lambda+0x000001ec48358df8
instanceKlass  @bci com/android/tools/r8/internal/Pi b (Lcom/android/tools/r8/graph/K5;)V 76 <appendix> member <vmtarget> ; # com/android/tools/r8/internal/Pi$$Lambda+0x000001ec48358bd0
instanceKlass  @bci com/android/tools/r8/internal/o5 a (Lcom/android/tools/r8/synthesis/M;)V 45 <appendix> member <vmtarget> ; # com/android/tools/r8/internal/o5$$Lambda+0x000001ec48357d40
instanceKlass  @bci com/android/tools/r8/internal/o5 a (Lcom/android/tools/r8/graph/y;Lcom/android/tools/r8/graph/G5;Lcom/android/tools/r8/internal/n5;Ljava/util/function/Supplier;)Lcom/android/tools/r8/graph/B2; 27 <appendix> member <vmtarget> ; # com/android/tools/r8/internal/o5$$Lambda+0x000001ec48357b08
instanceKlass  @bci com/android/tools/r8/internal/o5 a (Lcom/android/tools/r8/graph/y;Lcom/android/tools/r8/graph/G5;Lcom/android/tools/r8/internal/n5;Ljava/util/function/Supplier;)Lcom/android/tools/r8/graph/B2; 12 <appendix> argL0 ; # com/android/tools/r8/internal/o5$$Lambda+0x000001ec483578e8
instanceKlass  @bci com/android/tools/r8/internal/o5 a (Ljava/util/LinkedHashMap;Lcom/android/tools/r8/graph/y;Lcom/android/tools/r8/graph/K5;Lcom/android/tools/r8/internal/n5;Lcom/android/tools/r8/internal/Lf;Lcom/android/tools/r8/graph/M2;)V 24 <appendix> member <vmtarget> ; # com/android/tools/r8/internal/o5$$Lambda+0x000001ec483576c0
instanceKlass  @bci com/android/tools/r8/internal/o5 a (Lcom/android/tools/r8/graph/y;Lcom/android/tools/r8/graph/K5;Lcom/android/tools/r8/internal/n5;Lcom/android/tools/r8/internal/Lf;)Ljava/util/LinkedHashMap; 15 <appendix> member <vmtarget> ; # com/android/tools/r8/internal/o5$$Lambda+0x000001ec48357488
instanceKlass  @bci com/android/tools/r8/internal/b6 a (Lcom/android/tools/r8/internal/Y5;)V 4 <appendix> member <vmtarget> ; # com/android/tools/r8/internal/b6$$Lambda+0x000001ec48357230
instanceKlass com/android/tools/r8/internal/jt
instanceKlass com/android/tools/r8/internal/tI
instanceKlass  @bci com/android/tools/r8/internal/US a (IZ)I 22 <appendix> member <vmtarget> ; # com/android/tools/r8/internal/US$$Lambda+0x000001ec483564c8
instanceKlass  @bci com/android/tools/r8/internal/tU a (Lcom/android/tools/r8/internal/SS;)Lcom/android/tools/r8/internal/uU; 5 <appendix> member <vmtarget> ; # com/android/tools/r8/internal/tU$$Lambda+0x000001ec48353130
instanceKlass com/android/tools/r8/internal/uL
instanceKlass  @bci com/android/tools/r8/internal/LI a (Lcom/android/tools/r8/graph/K5;Lcom/android/tools/r8/graph/j1;Lcom/android/tools/r8/synthesis/M;)V 590 <appendix> argL0 ; # com/android/tools/r8/internal/LI$$Lambda+0x000001ec48352d08
instanceKlass  @bci com/android/tools/r8/internal/LI a (Lcom/android/tools/r8/graph/K5;Lcom/android/tools/r8/internal/NI;)Lcom/android/tools/r8/graph/K5; 59 <appendix> member <vmtarget> ; # com/android/tools/r8/internal/LI$$Lambda+0x000001ec48352ad0
instanceKlass com/android/tools/r8/internal/i40
instanceKlass  @bci com/android/tools/r8/internal/LI a (Lcom/android/tools/r8/graph/K5;Lcom/android/tools/r8/internal/NI;)Lcom/android/tools/r8/graph/K5; 53 <appendix> member <vmtarget> ; # com/android/tools/r8/internal/LI$$Lambda+0x000001ec48352690
instanceKlass  @bci com/android/tools/r8/internal/sB a (Lcom/android/tools/r8/internal/nB;Lcom/android/tools/r8/ir/optimize/a;)Z 169 <appendix> argL0 ; # com/android/tools/r8/internal/sB$$Lambda+0x000001ec48352460
instanceKlass com/android/tools/r8/internal/gm
instanceKlass  @bci com/android/tools/r8/internal/nb a (Lcom/android/tools/r8/internal/I9;Lcom/android/tools/r8/graph/y;Lcom/android/tools/r8/internal/P8;)Lcom/android/tools/r8/internal/I9; 154 <appendix> member <vmtarget> ; # com/android/tools/r8/internal/nb$$Lambda+0x000001ec48350230
instanceKlass  @bci com/android/tools/r8/internal/nb a (Lcom/android/tools/r8/internal/I9;Lcom/android/tools/r8/graph/y;Lcom/android/tools/r8/internal/P8;)Lcom/android/tools/r8/internal/I9; 180 <appendix> argL0 ; # com/android/tools/r8/internal/nb$$Lambda+0x000001ec48350000
instanceKlass  @bci com/android/tools/r8/internal/nb a (Lcom/android/tools/r8/internal/I9;Lcom/android/tools/r8/graph/y;Lcom/android/tools/r8/internal/P8;)Lcom/android/tools/r8/internal/I9; 175 <appendix> argL0 ; # com/android/tools/r8/internal/nb$$Lambda+0x000001ec48349d30
instanceKlass  @bci com/android/tools/r8/internal/I9 a (Lcom/android/tools/r8/internal/du0;Lcom/android/tools/r8/internal/I9;Lcom/android/tools/r8/internal/H70;)Lcom/android/tools/r8/internal/I9; 3 <appendix> member <vmtarget> ; # com/android/tools/r8/internal/I9$$Lambda+0x000001ec4834b9f8
instanceKlass  @bci com/android/tools/r8/internal/I9 a (Ljava/util/function/BiFunction;Ljava/util/function/BiFunction;)Lcom/android/tools/r8/internal/I9; 3 <appendix> member <vmtarget> ; # com/android/tools/r8/internal/I9$$Lambda+0x000001ec4834b7c0
instanceKlass  @bci com/android/tools/r8/internal/I9 a (Lcom/android/tools/r8/internal/du0;Ljava/util/function/BiFunction;)Lcom/android/tools/r8/internal/I9; 2 <appendix> member <vmtarget> ; # com/android/tools/r8/internal/I9$$Lambda+0x000001ec4834b588
instanceKlass  @bci com/android/tools/r8/internal/nb d (Lcom/android/tools/r8/internal/P8;Lcom/android/tools/r8/internal/I9;Lcom/android/tools/r8/internal/H70;)Lcom/android/tools/r8/internal/I9; 11 <appendix> member <vmtarget> ; # com/android/tools/r8/internal/nb$$Lambda+0x000001ec4834b350
instanceKlass  @bci com/android/tools/r8/internal/nb d (Lcom/android/tools/r8/internal/P8;Lcom/android/tools/r8/internal/I9;Lcom/android/tools/r8/internal/H70;)Lcom/android/tools/r8/internal/I9; 5 <appendix> member <vmtarget> ; # com/android/tools/r8/internal/nb$$Lambda+0x000001ec4834b128
instanceKlass  @bci com/android/tools/r8/internal/nb a (Lcom/android/tools/r8/internal/I9;Lcom/android/tools/r8/graph/y;Lcom/android/tools/r8/internal/P8;)Lcom/android/tools/r8/internal/I9; 143 <appendix> member <vmtarget> ; # com/android/tools/r8/internal/nb$$Lambda+0x000001ec4834aef0
instanceKlass com/android/tools/r8/internal/In
instanceKlass  @bci com/android/tools/r8/internal/sp a (Lcom/android/tools/r8/internal/Jr0;)V 49 <appendix> argL0 ; # com/android/tools/r8/internal/sp$$Lambda+0x000001ec4834aaa0
instanceKlass  @bci com/android/tools/r8/internal/sp a (Lcom/android/tools/r8/internal/Jr0;)V 41 <appendix> argL0 ; # com/android/tools/r8/internal/sp$$Lambda+0x000001ec4834a880
instanceKlass  @bci com/android/tools/r8/internal/sp a (Lcom/android/tools/r8/internal/Jr0;)V 33 <appendix> argL0 ; # com/android/tools/r8/internal/sp$$Lambda+0x000001ec4834a660
instanceKlass  @bci com/android/tools/r8/internal/sp a (Lcom/android/tools/r8/internal/Jr0;)V 25 <appendix> argL0 ; # com/android/tools/r8/internal/sp$$Lambda+0x000001ec4834a440
instanceKlass  @bci com/android/tools/r8/internal/sp a (Lcom/android/tools/r8/internal/Jr0;)V 17 <appendix> argL0 ; # com/android/tools/r8/internal/sp$$Lambda+0x000001ec4834a220
instanceKlass  @bci com/android/tools/r8/internal/sp a (Lcom/android/tools/r8/internal/Jr0;)V 9 <appendix> argL0 ; # com/android/tools/r8/internal/sp$$Lambda+0x000001ec4834a000
instanceKlass  @bci com/android/tools/r8/internal/sp a (Lcom/android/tools/r8/internal/Jr0;)V 1 <appendix> argL0 ; # com/android/tools/r8/internal/sp$$Lambda+0x000001ec4834fdb0
instanceKlass  @bci com/android/tools/r8/internal/sp a (Lcom/android/tools/r8/internal/Up;Lcom/android/tools/r8/internal/xf;)I 6 <appendix> argL0 ; # com/android/tools/r8/internal/sp$$Lambda+0x000001ec4834fb90
instanceKlass com/android/tools/r8/internal/TZ
instanceKlass com/android/tools/r8/internal/wa
instanceKlass  @bci com/android/tools/r8/internal/US b (IILcom/android/tools/r8/internal/tU;)Z 165 <appendix> member <vmtarget> ; # com/android/tools/r8/internal/US$$Lambda+0x000001ec48347750
instanceKlass  @bci com/android/tools/r8/internal/Sn a (Lcom/android/tools/r8/internal/Jr0;)V 1 <appendix> argL0 ; # com/android/tools/r8/internal/Sn$$Lambda+0x000001ec48347510
instanceKlass sun/reflect/generics/reflectiveObjects/LazyReflectiveObjectGenerator
instanceKlass sun/reflect/generics/reflectiveObjects/ParameterizedTypeImpl
instanceKlass java/lang/reflect/ParameterizedType
instanceKlass sun/reflect/generics/visitor/Reifier
instanceKlass sun/reflect/generics/visitor/TypeTreeVisitor
instanceKlass sun/reflect/generics/tree/ClassSignature
instanceKlass sun/reflect/generics/tree/Signature
instanceKlass sun/reflect/generics/tree/ClassTypeSignature
instanceKlass sun/reflect/generics/tree/SimpleClassTypeSignature
instanceKlass sun/reflect/generics/tree/FieldTypeSignature
instanceKlass sun/reflect/generics/tree/BaseType
instanceKlass sun/reflect/generics/tree/TypeSignature
instanceKlass sun/reflect/generics/tree/ReturnType
instanceKlass sun/reflect/generics/tree/TypeArgument
instanceKlass sun/reflect/generics/tree/FormalTypeParameter
instanceKlass sun/reflect/generics/tree/TypeTree
instanceKlass sun/reflect/generics/tree/Tree
instanceKlass sun/reflect/generics/parser/SignatureParser
instanceKlass java/lang/reflect/TypeVariable
instanceKlass com/android/tools/r8/internal/ex0
# instanceKlass java/util/stream/MatchOps$$Lambda+0x000001ec480d33c0
instanceKlass sun/reflect/generics/repository/AbstractRepository
instanceKlass  @bci java/util/stream/MatchOps makeRef (Ljava/util/function/Predicate;Ljava/util/stream/MatchOps$MatchKind;)Ljava/util/stream/TerminalOp; 20 <appendix> member <vmtarget> ; # java/util/stream/MatchOps$$Lambda+0x000001ec480d2f70
instanceKlass java/util/stream/MatchOps$BooleanTerminalSink
instanceKlass  @bci com/android/tools/r8/internal/po0 b (ILcom/android/tools/r8/internal/tU;Lcom/android/tools/r8/internal/tU;)V 32 <appendix> argL0 ; # com/android/tools/r8/internal/po0$$Lambda+0x000001ec48346ac0
instanceKlass sun/reflect/generics/factory/CoreReflectionFactory
instanceKlass java/util/stream/MatchOps$MatchOp
instanceKlass sun/reflect/generics/factory/GenericsFactory
instanceKlass java/util/stream/MatchOps
instanceKlass sun/reflect/generics/scope/AbstractScope
instanceKlass sun/reflect/generics/scope/Scope
instanceKlass  @bci com/android/tools/r8/internal/tU a (Ljava/util/List;)Z 32 <appendix> argL0 ; # com/android/tools/r8/internal/tU$$Lambda+0x000001ec48346870
instanceKlass  @bci com/android/tools/r8/graph/u1 a (Lcom/android/tools/r8/internal/q70;)Lcom/android/tools/r8/graph/S0; 19 <appendix> argL0 ; # com/android/tools/r8/graph/u1$$Lambda+0x000001ec48346630
instanceKlass  @bci com/android/tools/r8/internal/US e (Lcom/android/tools/r8/internal/tU;)V 107 <appendix> member <vmtarget> ; # com/android/tools/r8/internal/US$$Lambda+0x000001ec483463f8
# instanceKlass java/lang/invoke/LambdaForm$MH+0x000001ec48349400
instanceKlass  @bci com/android/tools/r8/ir/optimize/f0 a (Lcom/android/tools/r8/internal/Y5;Lcom/android/tools/r8/internal/US;Ljava/util/Set;Lcom/android/tools/r8/ir/optimize/X;)V 283 <adapter> ; # java/lang/invoke/LambdaForm$MH+0x000001ec48349000
instanceKlass  @bci com/android/tools/r8/internal/tU a ()Lcom/android/tools/r8/internal/uU; 4 <appendix> argL0 ; # com/android/tools/r8/internal/tU$$Lambda+0x000001ec48345da0
instanceKlass com/android/tools/r8/internal/zo
# instanceKlass java/lang/invoke/LambdaForm$DMH+0x000001ec48348c00
# instanceKlass java/lang/invoke/LambdaForm$DMH+0x000001ec48348800
# instanceKlass java/lang/invoke/LambdaForm$DMH+0x000001ec48348400
instanceKlass  @bci com/android/tools/r8/ir/optimize/f0 a (Lcom/android/tools/r8/internal/Y5;Lcom/android/tools/r8/internal/US;Ljava/util/Set;Lcom/android/tools/r8/ir/optimize/X;)V 283 <appendix> form vmentry <vmtarget> ; # java/lang/invoke/LambdaForm$DMH+0x000001ec48348000
instanceKlass java/util/ComparableTimSort
instanceKlass com/android/tools/r8/graph/a1
# instanceKlass com/android/tools/r8/ir/optimize/f0$$Lambda+0x000001ec483453b8
instanceKlass  @bci com/android/tools/r8/ir/optimize/f0 a (Lcom/android/tools/r8/internal/Y5;Lcom/android/tools/r8/internal/US;Ljava/util/Set;Lcom/android/tools/r8/ir/optimize/X;)V 283 <appendix> member <vmtarget> ; # com/android/tools/r8/ir/optimize/f0$$Lambda+0x000001ec48345160
instanceKlass com/android/tools/r8/graph/V0
instanceKlass  @bci com/android/tools/r8/internal/US e (Lcom/android/tools/r8/internal/tU;)V 38 <appendix> member <vmtarget> ; # com/android/tools/r8/internal/US$$Lambda+0x000001ec48344f28
instanceKlass  @bci com/android/tools/r8/internal/pr a (Lcom/android/tools/r8/internal/Jr0;)V 1 <appendix> argL0 ; # com/android/tools/r8/internal/pr$$Lambda+0x000001ec48344ce8
instanceKlass  @cpi com/android/tools/r8/ir/optimize/f0 247 form vmentry <vmtarget> ; # java/lang/invoke/LambdaForm$DMH+0x000001ec4833c400
instanceKlass com/android/tools/r8/internal/Ao
instanceKlass  @bci com/android/tools/r8/graph/l1 a (Lcom/android/tools/r8/internal/Jr0;)V 17 <appendix> argL0 ; # com/android/tools/r8/graph/l1$$Lambda+0x000001ec48344370
instanceKlass  @bci com/android/tools/r8/internal/dp b (Lcom/android/tools/r8/internal/Jr0;)V 11 <appendix> member <vmtarget> ; # com/android/tools/r8/internal/dp$$Lambda+0x000001ec48344148
instanceKlass  @bci com/android/tools/r8/internal/dp b (Lcom/android/tools/r8/internal/Jr0;)V 2 <appendix> argL0 ; # com/android/tools/r8/internal/dp$$Lambda+0x000001ec48343f28
instanceKlass  @bci com/android/tools/r8/graph/l1 a (Lcom/android/tools/r8/internal/Jr0;)V 9 <appendix> argL0 ; # com/android/tools/r8/graph/l1$$Lambda+0x000001ec48343ce8
instanceKlass  @bci com/android/tools/r8/internal/mJ a (Lcom/android/tools/r8/graph/H2;)Lcom/android/tools/r8/internal/lJ; 5 <appendix> argL0 ; # com/android/tools/r8/internal/mJ$$Lambda+0x000001ec48343aa8
instanceKlass  @bci com/android/tools/r8/internal/dp a (Lcom/android/tools/r8/internal/Up;Lcom/android/tools/r8/internal/xf;)I 8 <appendix> member <vmtarget> ; # com/android/tools/r8/internal/dp$$Lambda+0x000001ec48341b10
instanceKlass  @bci com/android/tools/r8/graph/l1 a (Lcom/android/tools/r8/internal/Jr0;)V 1 <appendix> argL0 ; # com/android/tools/r8/graph/l1$$Lambda+0x000001ec483418d0
instanceKlass  @bci com/android/tools/r8/internal/US a (Lcom/android/tools/r8/internal/qK;)Z 54 <appendix> argL0 ; # com/android/tools/r8/internal/US$$Lambda+0x000001ec4833cce8
instanceKlass  @bci com/android/tools/r8/graph/l1 m ()Lcom/android/tools/r8/internal/Hr0; 0 <appendix> argL0 ; # com/android/tools/r8/graph/l1$$Lambda+0x000001ec4833d6f8
instanceKlass com/android/tools/r8/internal/lJ
instanceKlass com/android/tools/r8/internal/S10
instanceKlass  @bci com/android/tools/r8/internal/ip b (Lcom/android/tools/r8/internal/Jr0;)V 17 <appendix> argL0 ; # com/android/tools/r8/internal/ip$$Lambda+0x000001ec4833f1a8
instanceKlass  @bci com/android/tools/r8/internal/ip b (Lcom/android/tools/r8/internal/Jr0;)V 9 <appendix> argL0 ; # com/android/tools/r8/internal/ip$$Lambda+0x000001ec4833ef88
instanceKlass  @bci com/android/tools/r8/internal/ip b (Lcom/android/tools/r8/internal/Jr0;)V 1 <appendix> argL0 ; # com/android/tools/r8/internal/ip$$Lambda+0x000001ec4833ed68
instanceKlass  @bci com/android/tools/r8/internal/ip a (Lcom/android/tools/r8/internal/Up;Lcom/android/tools/r8/internal/xf;)I 6 <appendix> argL0 ; # com/android/tools/r8/internal/ip$$Lambda+0x000001ec4833eb48
instanceKlass  @bci com/android/tools/r8/internal/Zo a (Lcom/android/tools/r8/internal/Jr0;)V 9 <appendix> argL0 ; # com/android/tools/r8/internal/Zo$$Lambda+0x000001ec4833e440
instanceKlass  @bci com/android/tools/r8/internal/Zo a (Lcom/android/tools/r8/internal/Jr0;)V 1 <appendix> argL0 ; # com/android/tools/r8/internal/Zo$$Lambda+0x000001ec4833e220
instanceKlass  @bci com/android/tools/r8/internal/Zo a (Lcom/android/tools/r8/internal/Up;Lcom/android/tools/r8/internal/xf;)I 6 <appendix> argL0 ; # com/android/tools/r8/internal/Zo$$Lambda+0x000001ec4833e000
# instanceKlass com/android/tools/r8/internal/Pi$$Lambda+0x000001ec4833b6f0
instanceKlass  @bci com/android/tools/r8/internal/Pi b (Lcom/android/tools/r8/graph/K5;Lcom/android/tools/r8/internal/ga;)V 58 <appendix> member <vmtarget> ; # com/android/tools/r8/internal/Pi$$Lambda+0x000001ec4833b4c8
instanceKlass com/android/tools/r8/internal/af
instanceKlass  @bci com/android/tools/r8/graph/G2 a (Lcom/android/tools/r8/internal/Jr0;)V 9 <appendix> argL0 ; # com/android/tools/r8/graph/G2$$Lambda+0x000001ec4833b080
# instanceKlass java/util/function/Consumer$$Lambda+0x000001ec480d1448
instanceKlass  @bci com/android/tools/r8/graph/G2 a (Lcom/android/tools/r8/internal/Jr0;)V 1 <appendix> argL0 ; # com/android/tools/r8/graph/G2$$Lambda+0x000001ec4833ae40
instanceKlass  @bci com/android/tools/r8/internal/x5 a (Lcom/android/tools/r8/graph/y;Lcom/android/tools/r8/synthesis/M;)V 31 <appendix> member <vmtarget> ; # com/android/tools/r8/internal/x5$$Lambda+0x000001ec4833aa20
instanceKlass  @bci com/android/tools/r8/graph/G2 m ()Lcom/android/tools/r8/internal/Hr0; 0 <appendix> argL0 ; # com/android/tools/r8/graph/G2$$Lambda+0x000001ec4833a800
# instanceKlass java/lang/invoke/LambdaForm$DMH+0x000001ec4833c000
instanceKlass  @bci java/util/function/Consumer andThen (Ljava/util/function/Consumer;)Ljava/util/function/Consumer; 7 <appendix> member <vmtarget> ; # java/util/function/Consumer$$Lambda+0x000001ec480d1210
instanceKlass  @cpi java/util/function/Consumer 43 form vmentry <vmtarget> ; # java/lang/invoke/LambdaForm$DMH+0x000001ec48334400
instanceKlass  @bci com/android/tools/r8/internal/x10 a (ZLcom/android/tools/r8/internal/D7;Lcom/android/tools/r8/internal/VH;Lcom/android/tools/r8/internal/VH;Lcom/android/tools/r8/internal/w10;Lcom/android/tools/r8/internal/ga;Lcom/android/tools/r8/graph/K5;Lcom/android/tools/r8/internal/Lf;Lcom/android/tools/r8/internal/VH;Lcom/android/tools/r8/graph/G;Lcom/android/tools/r8/internal/VH;Lcom/android/tools/r8/internal/X9;)Ljava/util/Collection; 171 <appendix> member <vmtarget> ; # com/android/tools/r8/internal/x10$$Lambda+0x000001ec4833a5c8
instanceKlass  @bci com/android/tools/r8/synthesis/E a (Lcom/android/tools/r8/synthesis/I;Lcom/android/tools/r8/graph/G5;Lcom/android/tools/r8/graph/y;Ljava/util/function/Consumer;Ljava/util/function/Supplier;)Lcom/android/tools/r8/graph/K5; 155 <appendix> argL0 ; # com/android/tools/r8/synthesis/E$$Lambda+0x000001ec4833a398
instanceKlass  @bci com/android/tools/r8/internal/VR a (Lcom/android/tools/r8/internal/ja;Lcom/android/tools/r8/internal/xy;Lcom/android/tools/r8/internal/EU;Lcom/android/tools/r8/internal/E9;Lcom/android/tools/r8/internal/ga;Lcom/android/tools/r8/graph/K5;Lcom/android/tools/r8/internal/Lf;Lcom/android/tools/r8/internal/UR;)Ljava/util/AbstractCollection; 178 <appendix> member <vmtarget> ; # com/android/tools/r8/internal/VR$$Lambda+0x000001ec4833a160
# instanceKlass com/android/tools/r8/graph/B2$$Lambda+0x000001ec48339f20
instanceKlass  @bci com/android/tools/r8/synthesis/m b (Ljava/util/AbstractCollection;)V 17 <appendix> member <vmtarget> ; # com/android/tools/r8/synthesis/m$$Lambda+0x000001ec48339ce8
instanceKlass  @bci com/android/tools/r8/synthesis/M a (Lcom/android/tools/r8/graph/V;)Lcom/android/tools/r8/graph/j1; 251 <appendix> member <vmtarget> ; # com/android/tools/r8/synthesis/M$$Lambda+0x000001ec48339ab0
instanceKlass  @bci com/android/tools/r8/synthesis/M a (Lcom/android/tools/r8/graph/V;)Lcom/android/tools/r8/graph/j1; 207 <appendix> argL0 ; # com/android/tools/r8/synthesis/M$$Lambda+0x000001ec48339880
instanceKlass  @bci com/android/tools/r8/synthesis/M a (Lcom/android/tools/r8/graph/V;)Lcom/android/tools/r8/graph/j1; 162 <appendix> member <vmtarget> ; # com/android/tools/r8/synthesis/M$$Lambda+0x000001ec48339648
instanceKlass  @bci com/android/tools/r8/internal/LI b (Lcom/android/tools/r8/graph/j1;Lcom/android/tools/r8/synthesis/M;)V 62 <appendix> argL0 ; # com/android/tools/r8/internal/LI$$Lambda+0x000001ec48339428
instanceKlass com/android/tools/r8/synthesis/L
instanceKlass  @bci com/android/tools/r8/internal/Z5 a (Lcom/android/tools/r8/internal/zx0;Lcom/android/tools/r8/internal/q70;Lcom/android/tools/r8/internal/NE;Lcom/android/tools/r8/internal/NE;Ljava/util/Set;)Z 547 <appendix> member <vmtarget> ; # com/android/tools/r8/internal/Z5$$Lambda+0x000001ec48338fd0
instanceKlass com/android/tools/r8/internal/G30
instanceKlass com/android/tools/r8/internal/S30
instanceKlass  @bci com/android/tools/r8/synthesis/E a (Lcom/android/tools/r8/synthesis/Q$b;Ljava/util/function/Consumer;Ljava/util/function/Consumer;Ljava/util/function/Consumer;Lcom/android/tools/r8/synthesis/l;Lcom/android/tools/r8/graph/y;)Lcom/android/tools/r8/graph/H2; 195 <appendix> member <vmtarget> ; # com/android/tools/r8/synthesis/E$$Lambda+0x000001ec48335730
instanceKlass  @bci com/android/tools/r8/synthesis/E a (Lcom/android/tools/r8/synthesis/Q$b;Ljava/util/function/Consumer;Ljava/util/function/Consumer;Ljava/util/function/Consumer;Lcom/android/tools/r8/synthesis/l;Lcom/android/tools/r8/graph/y;)Lcom/android/tools/r8/graph/H2; 5 <appendix> member <vmtarget> ; # com/android/tools/r8/synthesis/E$$Lambda+0x000001ec48335000
instanceKlass  @bci com/android/tools/r8/internal/mJ a (Lcom/android/tools/r8/graph/H2;Lcom/android/tools/r8/graph/L2;Lcom/android/tools/r8/graph/I2;Lcom/android/tools/r8/graph/y;Ljava/util/function/Consumer;Ljava/util/function/Consumer;)Lcom/android/tools/r8/graph/K5; 15 <appendix> member <vmtarget> ; # com/android/tools/r8/internal/mJ$$Lambda+0x000001ec48337288
instanceKlass  @bci com/android/tools/r8/internal/mJ a (Lcom/android/tools/r8/graph/H2;Lcom/android/tools/r8/graph/L2;Lcom/android/tools/r8/graph/I2;Lcom/android/tools/r8/graph/y;Ljava/util/function/Consumer;Ljava/util/function/Consumer;)Lcom/android/tools/r8/graph/K5; 9 <appendix> argL0 ; # com/android/tools/r8/internal/mJ$$Lambda+0x000001ec48336b80
instanceKlass  @bci com/android/tools/r8/internal/LI d (Lcom/android/tools/r8/graph/K5;Lcom/android/tools/r8/internal/NI;)Lcom/android/tools/r8/graph/K5; 116 <appendix> member <vmtarget> ; # com/android/tools/r8/internal/LI$$Lambda+0x000001ec48336948
instanceKlass  @bci com/android/tools/r8/internal/LI d (Lcom/android/tools/r8/graph/K5;Lcom/android/tools/r8/internal/NI;)Lcom/android/tools/r8/graph/K5; 110 <appendix> member <vmtarget> ; # com/android/tools/r8/internal/LI$$Lambda+0x000001ec48336710
instanceKlass  @bci com/android/tools/r8/internal/XR a (Lcom/android/tools/r8/internal/PR;Lcom/android/tools/r8/graph/B2;Lcom/android/tools/r8/internal/UR;)Lcom/android/tools/r8/graph/G; 1233 <appendix> member <vmtarget> ; # com/android/tools/r8/internal/XR$$Lambda+0x000001ec483364e8
instanceKlass  @bci com/android/tools/r8/internal/XR a (Lcom/android/tools/r8/internal/PR;Lcom/android/tools/r8/graph/B2;Lcom/android/tools/r8/internal/UR;)Lcom/android/tools/r8/graph/G; 1227 <appendix> member <vmtarget> ; # com/android/tools/r8/internal/XR$$Lambda+0x000001ec48333da0
instanceKlass com/android/tools/r8/internal/qU
instanceKlass com/android/tools/r8/internal/XR
instanceKlass com/android/tools/r8/internal/ri
instanceKlass  @bci com/android/tools/r8/synthesis/m a (Ljava/util/AbstractCollection;)Lcom/android/tools/r8/synthesis/m; 18 <appendix> member <vmtarget> ; # com/android/tools/r8/synthesis/m$$Lambda+0x000001ec48333068
instanceKlass  @bci com/android/tools/r8/internal/qo0 a (Ljava/util/ArrayList;)Ljava/util/LinkedHashMap; 276 <appendix> member <vmtarget> ; # com/android/tools/r8/internal/qo0$$Lambda+0x000001ec48332e30
instanceKlass  @cpi com/android/tools/r8/internal/qo0 255 form vmentry <vmtarget> ; # java/lang/invoke/LambdaForm$DMH+0x000001ec48334000
instanceKlass com/android/tools/r8/internal/QR
instanceKlass com/android/tools/r8/internal/OR
instanceKlass com/android/tools/r8/internal/PR
instanceKlass  @bci com/android/tools/r8/graph/O2 a (Lcom/android/tools/r8/internal/Jr0;)V 1 <appendix> argL0 ; # com/android/tools/r8/graph/O2$$Lambda+0x000001ec48330bf0
instanceKlass  @bci com/android/tools/r8/graph/O2 m ()Lcom/android/tools/r8/internal/Hr0; 0 <appendix> argL0 ; # com/android/tools/r8/graph/O2$$Lambda+0x000001ec483309d0
instanceKlass  @bci com/android/tools/r8/graph/I2 a (Lcom/android/tools/r8/internal/Jr0;)V 9 <appendix> argL0 ; # com/android/tools/r8/graph/I2$$Lambda+0x000001ec4832dc10
instanceKlass  @bci com/android/tools/r8/graph/I2 a (Lcom/android/tools/r8/internal/Jr0;)V 1 <appendix> argL0 ; # com/android/tools/r8/graph/I2$$Lambda+0x000001ec4832d9d0
instanceKlass  @bci com/android/tools/r8/graph/I2 m ()Lcom/android/tools/r8/internal/Hr0; 0 <appendix> argL0 ; # com/android/tools/r8/graph/I2$$Lambda+0x000001ec4832fd78
instanceKlass  @bci com/android/tools/r8/graph/B2 a (Lcom/android/tools/r8/internal/Jr0;)V 17 <appendix> argL0 ; # com/android/tools/r8/graph/B2$$Lambda+0x000001ec4832fb38
instanceKlass  @bci com/android/tools/r8/graph/B2 a (Lcom/android/tools/r8/internal/Jr0;)V 9 <appendix> argL0 ; # com/android/tools/r8/graph/B2$$Lambda+0x000001ec4832f8f8
instanceKlass  @bci com/android/tools/r8/internal/Jr0 e (Ljava/util/function/Function;)Lcom/android/tools/r8/internal/Jr0; 2 <appendix> argL0 ; # com/android/tools/r8/internal/Jr0$$Lambda+0x000001ec4832f1c0
instanceKlass  @bci com/android/tools/r8/graph/B2 a (Lcom/android/tools/r8/internal/Jr0;)V 1 <appendix> argL0 ; # com/android/tools/r8/graph/B2$$Lambda+0x000001ec4832ef80
instanceKlass  @bci com/android/tools/r8/synthesis/E a (Lcom/android/tools/r8/synthesis/I;Lcom/android/tools/r8/internal/Of;Lcom/android/tools/r8/graph/y;Ljava/util/function/Consumer;)Lcom/android/tools/r8/graph/H2; 31 <appendix> member <vmtarget> ; # com/android/tools/r8/synthesis/E$$Lambda+0x000001ec4832ed38
instanceKlass  @bci com/android/tools/r8/internal/VR a (Lcom/android/tools/r8/internal/ja;Lcom/android/tools/r8/graph/K5;Lcom/android/tools/r8/internal/Lf;Lcom/android/tools/r8/internal/UR;Z)Lcom/android/tools/r8/internal/PR; 70 <adapter> ; # java/lang/invoke/LambdaForm$MH+0x000001ec4832cc00
# instanceKlass java/lang/invoke/LambdaForm$DMH+0x000001ec4832c800
instanceKlass  @bci com/android/tools/r8/graph/B2 m ()Lcom/android/tools/r8/internal/Hr0; 0 <appendix> argL0 ; # com/android/tools/r8/graph/B2$$Lambda+0x000001ec4832eb18
instanceKlass com/android/tools/r8/internal/k20
instanceKlass  @bci com/android/tools/r8/internal/Gj a (Lcom/android/tools/r8/internal/Gr0;Lcom/android/tools/r8/internal/AA;Lcom/android/tools/r8/internal/Fr0;)V 1 <appendix> argL0 ; # com/android/tools/r8/internal/Gj$$Lambda+0x000001ec4832e6f0
instanceKlass  @bci com/android/tools/r8/internal/VR a (Lcom/android/tools/r8/internal/ja;Lcom/android/tools/r8/graph/K5;Lcom/android/tools/r8/internal/Lf;Lcom/android/tools/r8/internal/UR;Z)Lcom/android/tools/r8/internal/PR; 70 <appendix> form vmentry <vmtarget> ; # java/lang/invoke/LambdaForm$DMH+0x000001ec4832c400
instanceKlass com/android/tools/r8/internal/Gj
instanceKlass  @bci com/android/tools/r8/internal/VR a (Lcom/android/tools/r8/internal/ja;Lcom/android/tools/r8/graph/K5;Lcom/android/tools/r8/internal/Lf;Lcom/android/tools/r8/internal/UR;Z)Lcom/android/tools/r8/internal/PR; 70 <appendix> member <vmtarget> ; # com/android/tools/r8/internal/VR$$Lambda+0x000001ec4832bcd0
instanceKlass  @bci com/android/tools/r8/internal/Gr0 a (Lcom/android/tools/r8/internal/AA;)V 7 <appendix> argL0 ; # com/android/tools/r8/internal/Gr0$$Lambda+0x000001ec4832bab0
instanceKlass  @cpi com/android/tools/r8/internal/VR 351 form vmentry <vmtarget> ; # java/lang/invoke/LambdaForm$DMH+0x000001ec4832c000
instanceKlass  @bci com/android/tools/r8/internal/VR a (Lcom/android/tools/r8/internal/ja;Lcom/android/tools/r8/graph/K5;Lcom/android/tools/r8/internal/Lf;Lcom/android/tools/r8/internal/UR;Z)Lcom/android/tools/r8/internal/PR; 49 <appendix> argL0 ; # com/android/tools/r8/internal/VR$$Lambda+0x000001ec483284e8
instanceKlass com/android/tools/r8/internal/F
instanceKlass  @bci com/android/tools/r8/internal/VR a (Lcom/android/tools/r8/internal/X9;Lcom/android/tools/r8/internal/q70;Lcom/android/tools/r8/internal/xy;Lcom/android/tools/r8/internal/EU;Lcom/android/tools/r8/internal/E9;Lcom/android/tools/r8/internal/ga;Lcom/android/tools/r8/graph/K5;Lcom/android/tools/r8/internal/Lf;Lcom/android/tools/r8/internal/Z9;Lcom/android/tools/r8/graph/u1;)Ljava/util/Collection; 16 <appendix> member <vmtarget> ; # com/android/tools/r8/internal/VR$$Lambda+0x000001ec48327800
instanceKlass com/android/tools/r8/internal/UR
instanceKlass com/android/tools/r8/internal/E
instanceKlass com/android/tools/r8/internal/xv0
instanceKlass  @bci com/android/tools/r8/internal/zx0 a ()Lcom/android/tools/r8/ir/optimize/a; 10 <appendix> member <vmtarget> ; # com/android/tools/r8/internal/zx0$$Lambda+0x000001ec48323c98
instanceKlass  @bci com/android/tools/r8/internal/sB a (Lcom/android/tools/r8/ir/optimize/a;Ljava/util/function/Consumer;)V 57 <appendix> member <vmtarget> ; # com/android/tools/r8/internal/sB$$Lambda+0x000001ec48323a48
instanceKlass com/android/tools/r8/internal/QB
instanceKlass com/android/tools/r8/internal/F7
instanceKlass com/android/tools/r8/internal/YU
instanceKlass com/android/tools/r8/internal/BA
instanceKlass  @bci com/android/tools/r8/internal/bz0 b (Ljava/lang/Iterable;)V 2 <appendix> member <vmtarget> ; # com/android/tools/r8/internal/bz0$$Lambda+0x000001ec48321758
instanceKlass  @bci com/android/tools/r8/internal/Fx0 a (Lcom/android/tools/r8/internal/zx0;Lcom/android/tools/r8/internal/zx0;)V 33 <appendix> argL0 ; # com/android/tools/r8/internal/Fx0$$Lambda+0x000001ec48321538
instanceKlass  @bci com/android/tools/r8/internal/Fx0 a (Lcom/android/tools/r8/internal/zx0;Lcom/android/tools/r8/internal/zx0;)V 6 <appendix> argL0 ; # com/android/tools/r8/internal/Fx0$$Lambda+0x000001ec48320e30
instanceKlass com/android/tools/r8/internal/CA
instanceKlass com/android/tools/r8/internal/zA
instanceKlass  @bci com/android/tools/r8/graph/u1 e (I)Lcom/android/tools/r8/graph/Q0; 15 <appendix> argL0 ; # com/android/tools/r8/graph/u1$$Lambda+0x000001ec48318c00
instanceKlass com/android/tools/r8/internal/Ca
# instanceKlass java/util/function/Function$$Lambda+0x000001ec480d0fc8
instanceKlass  @bci com/android/tools/r8/internal/S9 a (Lcom/android/tools/r8/internal/I9;Lcom/android/tools/r8/graph/y;Lcom/android/tools/r8/internal/P8;)Lcom/android/tools/r8/internal/I9; 10 <appendix> argL0 ; # com/android/tools/r8/internal/S9$$Lambda+0x000001ec48319a50
instanceKlass  @bci com/android/tools/r8/synthesis/E b (Lcom/android/tools/r8/synthesis/I;Lcom/android/tools/r8/internal/Of;Lcom/android/tools/r8/graph/y;Ljava/util/function/Consumer;)Lcom/android/tools/r8/graph/K5; 8 <appendix> member <vmtarget> ; # com/android/tools/r8/synthesis/E$$Lambda+0x000001ec48319608
instanceKlass  @bci com/android/tools/r8/internal/Jr0 i (Ljava/util/function/Function;)Lcom/android/tools/r8/internal/Jr0; 7 <appendix> argL0 ; # com/android/tools/r8/internal/Jr0$$Lambda+0x000001ec48319830
instanceKlass  @bci com/android/tools/r8/internal/Jr0 i (Ljava/util/function/Function;)Lcom/android/tools/r8/internal/Jr0; 2 <appendix> argL0 ; # com/android/tools/r8/internal/Jr0$$Lambda+0x000001ec4831bdd8
instanceKlass  @bci java/util/function/Function andThen (Ljava/util/function/Function;)Ljava/util/function/Function; 7 <appendix> member <vmtarget> ; # java/util/function/Function$$Lambda+0x000001ec480d0d80
# instanceKlass java/lang/invoke/LambdaForm$DMH+0x000001ec48318800
instanceKlass  @cpi java/util/function/Function 58 form vmentry <vmtarget> ; # java/lang/invoke/LambdaForm$DMH+0x000001ec48318400
instanceKlass  @bci com/android/tools/r8/internal/x5 a (Lcom/android/tools/r8/graph/y;Lcom/android/tools/r8/internal/Lf;)Lcom/android/tools/r8/graph/K5; 21 <appendix> member <vmtarget> ; # com/android/tools/r8/internal/x5$$Lambda+0x000001ec48319000
# instanceKlass com/android/tools/r8/internal/Jr0$$Lambda+0x000001ec4831bb98
instanceKlass  @bci com/android/tools/r8/internal/Jr0 f (Ljava/util/function/Function;)Lcom/android/tools/r8/internal/Jr0; 2 <appendix> argL0 ; # com/android/tools/r8/internal/Jr0$$Lambda+0x000001ec4831b958
instanceKlass com/android/tools/r8/synthesis/M
instanceKlass com/android/tools/r8/internal/IU
# instanceKlass com/android/tools/r8/graph/J0$b$$Lambda+0x000001ec4831b300
instanceKlass  @bci com/android/tools/r8/graph/J0$b a (Lcom/android/tools/r8/internal/Jr0;)V 9 <appendix> argL0 ; # com/android/tools/r8/graph/J0$b$$Lambda+0x000001ec4831b0c0
instanceKlass  @bci com/android/tools/r8/graph/J0$b a (Lcom/android/tools/r8/internal/Jr0;)V 1 <appendix> argL0 ; # com/android/tools/r8/graph/J0$b$$Lambda+0x000001ec4831aea0
# instanceKlass com/android/tools/r8/graph/J0$b$$Lambda+0x000001ec4831ac80
instanceKlass  @bci com/android/tools/r8/graph/J0$b m ()Lcom/android/tools/r8/internal/Hr0; 0 <appendix> argL0 ; # com/android/tools/r8/graph/J0$b$$Lambda+0x000001ec4831a000
# instanceKlass com/android/tools/r8/graph/J0$b$$Lambda+0x000001ec4831a220
instanceKlass  @bci com/android/tools/r8/internal/x5 a (Lcom/android/tools/r8/graph/y;Lcom/android/tools/r8/internal/Lf;)Lcom/android/tools/r8/graph/K5; 11 <appendix> member <vmtarget> ; # com/android/tools/r8/internal/x5$$Lambda+0x000001ec4831fb18
instanceKlass com/android/tools/r8/internal/N70
instanceKlass  @bci com/android/tools/r8/internal/Hf0 a (Ljava/util/TreeSet;)Lcom/android/tools/r8/internal/Ef0; 31 <appendix> argL0 ; # com/android/tools/r8/internal/Hf0$$Lambda+0x000001ec4831f280
# instanceKlass com/android/tools/r8/internal/Rn$$Lambda+0x000001ec4831efe8
instanceKlass  @bci com/android/tools/r8/internal/lx b (Lcom/android/tools/r8/internal/sB;Lcom/android/tools/r8/internal/f00;)Z 73 <appendix> argL0 ; # com/android/tools/r8/internal/lx$$Lambda+0x000001ec4831ed68
instanceKlass  @bci com/android/tools/r8/internal/Rn a (Lcom/android/tools/r8/internal/rA;)Ljava/util/ArrayList; 301 <appendix> argL0 ; # com/android/tools/r8/internal/Rn$$Lambda+0x000001ec4831ead0
instanceKlass  @bci com/android/tools/r8/internal/Hf0 a (Ljava/util/TreeSet;)Lcom/android/tools/r8/internal/Ef0; 4 <appendix> member <vmtarget> ; # com/android/tools/r8/internal/Hf0$$Lambda+0x000001ec4831e110
instanceKlass  @bci com/android/tools/r8/internal/x10 a (ZLcom/android/tools/r8/internal/D7;Lcom/android/tools/r8/internal/VH;Lcom/android/tools/r8/internal/VH;Lcom/android/tools/r8/internal/w10;Lcom/android/tools/r8/internal/ga;Lcom/android/tools/r8/graph/K5;Lcom/android/tools/r8/internal/Lf;Lcom/android/tools/r8/internal/VH;Lcom/android/tools/r8/graph/G;Lcom/android/tools/r8/internal/VH;Lcom/android/tools/r8/internal/X9;)Ljava/util/Collection; 61 <appendix> member <vmtarget> ; # com/android/tools/r8/internal/x10$$Lambda+0x000001ec4831da00
instanceKlass  @bci com/android/tools/r8/internal/x10 a (ZLcom/android/tools/r8/internal/D7;Lcom/android/tools/r8/internal/VH;Lcom/android/tools/r8/internal/VH;Lcom/android/tools/r8/internal/w10;Lcom/android/tools/r8/internal/ga;Lcom/android/tools/r8/graph/K5;Lcom/android/tools/r8/internal/Lf;Lcom/android/tools/r8/internal/VH;Lcom/android/tools/r8/graph/G;Lcom/android/tools/r8/internal/VH;Lcom/android/tools/r8/internal/X9;)Ljava/util/Collection; 51 <appendix> member <vmtarget> ; # com/android/tools/r8/internal/x10$$Lambda+0x000001ec4831d7d8
instanceKlass com/android/tools/r8/internal/Ff0
instanceKlass com/android/tools/r8/internal/Qn
instanceKlass  @bci com/android/tools/r8/graph/u1 d (I)Lcom/android/tools/r8/graph/P0; 15 <appendix> argL0 ; # com/android/tools/r8/graph/u1$$Lambda+0x000001ec48315ce8
instanceKlass  @cpi com/android/tools/r8/internal/XR 402 form vmentry <vmtarget> ; # java/lang/invoke/LambdaForm$DMH+0x000001ec48318000
instanceKlass  @bci com/android/tools/r8/internal/x10 a (Lcom/android/tools/r8/graph/K5;Lcom/android/tools/r8/internal/ga;Lcom/android/tools/r8/internal/Lf;)V 335 <adapter> ; # java/lang/invoke/LambdaForm$MH+0x000001ec48315400
# instanceKlass com/android/tools/r8/internal/Y5$$Lambda+0x000001ec48316e18
instanceKlass  @bci com/android/tools/r8/internal/Gf0 a (Ljava/util/TreeSet;)Lcom/android/tools/r8/internal/dG; 36 <appendix> member <vmtarget> ; # com/android/tools/r8/internal/Gf0$$Lambda+0x000001ec48316be0
instanceKlass com/android/tools/r8/internal/Pn
instanceKlass  @bci com/android/tools/r8/internal/Y5 i ()Lcom/android/tools/r8/internal/O8; 27 <appendix> member <vmtarget> ; # com/android/tools/r8/internal/Y5$$Lambda+0x000001ec48313d20
# instanceKlass java/lang/invoke/LambdaForm$DMH+0x000001ec48315000
instanceKlass  @bci com/android/tools/r8/internal/x10 a (Lcom/android/tools/r8/graph/K5;Lcom/android/tools/r8/internal/ga;Lcom/android/tools/r8/internal/Lf;)V 335 <appendix> form vmentry <vmtarget> ; # java/lang/invoke/LambdaForm$DMH+0x000001ec48314c00
instanceKlass  @cpi com/android/tools/r8/internal/Y5 889 form vmentry <vmtarget> ; # java/lang/invoke/LambdaForm$DMH+0x000001ec48314800
instanceKlass  @bci com/android/tools/r8/internal/x10 a (Lcom/android/tools/r8/graph/K5;Lcom/android/tools/r8/internal/ga;Lcom/android/tools/r8/internal/Lf;)V 335 <appendix> member <vmtarget> ; # com/android/tools/r8/internal/x10$$Lambda+0x000001ec483113f0
# instanceKlass java/lang/invoke/LambdaForm$DMH+0x000001ec48314400
instanceKlass com/android/tools/r8/internal/Gf0
instanceKlass  @cpi com/android/tools/r8/internal/x10 817 form vmentry <vmtarget> ; # java/lang/invoke/LambdaForm$DMH+0x000001ec48314000
instanceKlass  @bci com/android/tools/r8/internal/Y8 a (Lcom/android/tools/r8/internal/I9;Lcom/android/tools/r8/graph/y;Lcom/android/tools/r8/internal/P8;)Lcom/android/tools/r8/internal/I9; 27 <appendix> member <vmtarget> ; # com/android/tools/r8/internal/Y8$$Lambda+0x000001ec48310fb0
instanceKlass  @bci com/android/tools/r8/internal/Y5 o ()Ljava/util/List; 27 <appendix> member <vmtarget> ; # com/android/tools/r8/internal/Y5$$Lambda+0x000001ec48310d78
# instanceKlass com/android/tools/r8/ir/optimize/f0$$Lambda+0x000001ec48310b38
instanceKlass  @bci com/android/tools/r8/ir/optimize/f0 a (Lcom/android/tools/r8/internal/sB;Lcom/android/tools/r8/internal/Df0;I)V 591 <appendix> argL0 ; # com/android/tools/r8/ir/optimize/f0$$Lambda+0x000001ec483108f8
instanceKlass com/android/tools/r8/internal/z9
instanceKlass com/android/tools/r8/internal/w10
instanceKlass com/android/tools/r8/internal/J3
# instanceKlass com/android/tools/r8/internal/nB$$Lambda+0x000001ec4830bd70
instanceKlass  @bci com/android/tools/r8/internal/nB a (Lcom/android/tools/r8/internal/q70;Lcom/android/tools/r8/internal/ME;)V 294 <appendix> member <vmtarget> ; # com/android/tools/r8/internal/nB$$Lambda+0x000001ec4830fd18
instanceKlass  @bci com/android/tools/r8/ir/optimize/u0 a (Lcom/android/tools/r8/graph/y;Lcom/android/tools/r8/internal/sB;)Z 78 <appendix> argL0 ; # com/android/tools/r8/ir/optimize/u0$$Lambda+0x000001ec4830f5e0
# instanceKlass com/android/tools/r8/internal/K9$$Lambda+0x000001ec4830f388
instanceKlass  @bci com/android/tools/r8/internal/K9 a (Lcom/android/tools/r8/internal/ma;)V 70 <appendix> member <vmtarget> ; # com/android/tools/r8/internal/K9$$Lambda+0x000001ec4830f130
instanceKlass  @bci com/android/tools/r8/internal/zE a (Lcom/android/tools/r8/graph/y;Lcom/android/tools/r8/graph/K5;Lcom/android/tools/r8/internal/L1;Lcom/android/tools/r8/internal/LE;)Z 24 <appendix> argL0 ; # com/android/tools/r8/internal/zE$$Lambda+0x000001ec4830d630
instanceKlass  @bci com/android/tools/r8/internal/I9 b (Lcom/android/tools/r8/internal/du0;Lcom/android/tools/r8/internal/I9;Lcom/android/tools/r8/internal/H70;)Lcom/android/tools/r8/internal/I9; 3 <appendix> member <vmtarget> ; # com/android/tools/r8/internal/I9$$Lambda+0x000001ec4830d3f8
instanceKlass  @bci com/android/tools/r8/internal/I9 a (Lcom/android/tools/r8/internal/du0;)Lcom/android/tools/r8/internal/I9; 2 <appendix> member <vmtarget> ; # com/android/tools/r8/internal/I9$$Lambda+0x000001ec4830d1c0
instanceKlass com/android/tools/r8/internal/m
instanceKlass  @bci com/android/tools/r8/internal/zx0 O ()Z 28 <appendix> argL0 ; # com/android/tools/r8/internal/zx0$$Lambda+0x000001ec4830cf70
instanceKlass com/android/tools/r8/internal/ye
instanceKlass  @bci com/android/tools/r8/internal/nb a (Lcom/android/tools/r8/internal/I9;Lcom/android/tools/r8/graph/y;Lcom/android/tools/r8/internal/P8;)Lcom/android/tools/r8/internal/I9; 72 <appendix> member <vmtarget> ; # com/android/tools/r8/internal/nb$$Lambda+0x000001ec4830c938
instanceKlass com/android/tools/r8/internal/gW
instanceKlass  @bci com/android/tools/r8/internal/Eb a (Ljava/util/function/BiFunction;Lcom/android/tools/r8/internal/X9;Lcom/android/tools/r8/internal/I9;)Lcom/android/tools/r8/internal/Wt0; 11 <appendix> member <vmtarget> ; # com/android/tools/r8/internal/Eb$$Lambda+0x000001ec4830c4e8
instanceKlass java/util/logging/Logger$SystemLoggerHelper$1
instanceKlass java/util/logging/Logger$SystemLoggerHelper
instanceKlass com/android/tools/r8/internal/Xt0
instanceKlass  @bci com/android/tools/r8/internal/Hf0 a (Ljava/util/ArrayDeque;Ljava/util/TreeSet;)V 4 <appendix> member <vmtarget> ; # com/android/tools/r8/internal/Hf0$$Lambda+0x000001ec48306cb0
instanceKlass com/android/tools/r8/internal/Gn
instanceKlass java/util/logging/LogManager$4
instanceKlass  @bci com/android/tools/r8/internal/ZH a ()Ljava/util/function/IntConsumer; 0 <appendix> argL0 ; # com/android/tools/r8/internal/ZH$$Lambda+0x000001ec48306878
instanceKlass  @cpi com/android/tools/r8/internal/ZH 14 form vmentry <vmtarget> ; # java/lang/invoke/LambdaForm$DMH+0x000001ec48308400
instanceKlass jdk/internal/logger/BootstrapLogger$BootstrapExecutors
instanceKlass com/android/tools/r8/internal/ZH
instanceKlass com/android/tools/r8/internal/T5
instanceKlass java/io/FilePermission$1
instanceKlass jdk/internal/access/JavaIOFilePermissionAccess
instanceKlass  @bci com/android/tools/r8/internal/Hf0 b ()V 135 <appendix> member <vmtarget> ; # com/android/tools/r8/internal/Hf0$$Lambda+0x000001ec483046b8
instanceKlass  @bci com/android/tools/r8/internal/Hf0 b ()V 89 <appendix> member <vmtarget> ; # com/android/tools/r8/internal/Hf0$$Lambda+0x000001ec48304480
instanceKlass com/android/tools/r8/internal/jo
instanceKlass  @cpi com/android/tools/r8/internal/Hf0 225 form vmentry <vmtarget> ; # java/lang/invoke/LambdaForm$DMH+0x000001ec48308000
# instanceKlass com/android/tools/r8/internal/po0$$Lambda+0x000001ec48302e60
instanceKlass  @bci com/android/tools/r8/internal/po0 c (ILcom/android/tools/r8/internal/tU;Lcom/android/tools/r8/internal/tU;)V 182 <appendix> argL0 ; # com/android/tools/r8/internal/po0$$Lambda+0x000001ec48302c20
instanceKlass jdk/internal/logger/LoggerFinderLoader
# instanceKlass com/android/tools/r8/internal/qo0$$Lambda+0x000001ec48300250
instanceKlass  @bci com/android/tools/r8/internal/qo0 c (Lcom/android/tools/r8/internal/sB;)Ljava/util/ArrayList; 12 <appendix> argL0 ; # com/android/tools/r8/internal/qo0$$Lambda+0x000001ec48300000
instanceKlass  @bci com/android/tools/r8/internal/L7 b (Lcom/android/tools/r8/internal/Y5;)Z 52 <appendix> argL0 ; # com/android/tools/r8/internal/L7$$Lambda+0x000001ec482ff1b0
instanceKlass com/android/tools/r8/internal/ZB
instanceKlass  @bci com/android/tools/r8/internal/Y5 a (Lcom/android/tools/r8/internal/ME;)Ljava/lang/Iterable; 2 <appendix> member <vmtarget> ; # com/android/tools/r8/internal/Y5$$Lambda+0x000001ec482fc588
instanceKlass com/android/tools/r8/internal/lB
instanceKlass  @bci com/android/tools/r8/ir/optimize/f0 a (Lcom/android/tools/r8/internal/sB;Lcom/android/tools/r8/internal/Df0;I)V 513 <appendix> argL0 ; # com/android/tools/r8/ir/optimize/f0$$Lambda+0x000001ec482fc138
instanceKlass  @bci com/android/tools/r8/internal/TY a (Lcom/android/tools/r8/internal/Y5;)Z 17 <appendix> argL0 ; # com/android/tools/r8/internal/TY$$Lambda+0x000001ec482fb4e8
instanceKlass  @bci java/lang/System$LoggerFinder accessProvider ()Ljava/lang/System$LoggerFinder; 8 <appendix> argL0 ; # java/lang/System$LoggerFinder$$Lambda+0x000001ec480cffd0
instanceKlass  @bci com/android/tools/r8/internal/Z5 a (Lcom/android/tools/r8/internal/zx0;Lcom/android/tools/r8/internal/q70;Lcom/android/tools/r8/internal/NE;Lcom/android/tools/r8/internal/NE;Ljava/util/Set;)Z 95 <appendix> member <vmtarget> ; # com/android/tools/r8/internal/Z5$$Lambda+0x000001ec482fb290
instanceKlass java/util/stream/Streams
instanceKlass java/util/stream/Stream$Builder
instanceKlass java/util/stream/Streams$AbstractStreamBuilderImpl
instanceKlass  @bci java/util/function/Predicate or (Ljava/util/function/Predicate;)Ljava/util/function/Predicate; 7 <appendix> member <vmtarget> ; # java/util/function/Predicate$$Lambda+0x000001ec480cfd78
instanceKlass  @cpi java/util/function/Predicate 78 form vmentry <vmtarget> ; # java/lang/invoke/LambdaForm$DMH+0x000001ec482e8c00
instanceKlass  @bci java/util/stream/FindOps$FindSink$OfRef <clinit> ()V 43 <appendix> argL0 ; # java/util/stream/FindOps$FindSink$OfRef$$Lambda+0x800000048
instanceKlass  @bci java/util/stream/FindOps$FindSink$OfRef <clinit> ()V 38 <appendix> argL0 ; # java/util/stream/FindOps$FindSink$OfRef$$Lambda+0x80000004a
instanceKlass  @bci java/util/stream/FindOps$FindSink$OfRef <clinit> ()V 16 <appendix> argL0 ; # java/util/stream/FindOps$FindSink$OfRef$$Lambda+0x800000049
instanceKlass  @bci java/util/stream/FindOps$FindSink$OfRef <clinit> ()V 11 <appendix> argL0 ; # java/util/stream/FindOps$FindSink$OfRef$$Lambda+0x80000004b
instanceKlass  @bci com/android/tools/r8/internal/Z5 a (Lcom/android/tools/r8/internal/NE;Lcom/android/tools/r8/internal/zx0;Lcom/android/tools/r8/internal/q70;Ljava/util/function/Predicate;)Lcom/android/tools/r8/internal/ME; 6 <appendix> member <vmtarget> ; # com/android/tools/r8/internal/Z5$$Lambda+0x000001ec482fb038
instanceKlass java/util/stream/FindOps$FindOp
instanceKlass java/util/stream/FindOps$FindSink
instanceKlass java/util/stream/FindOps
instanceKlass  @bci java/util/logging/Level$KnownLevel findByName (Ljava/lang/String;Ljava/util/function/Function;)Ljava/util/Optional; 29 <appendix> argL0 ; # java/util/logging/Level$KnownLevel$$Lambda+0x800000023
instanceKlass  @bci com/android/tools/r8/internal/Z5 a (Lcom/android/tools/r8/internal/zx0;Lcom/android/tools/r8/internal/q70;Lcom/android/tools/r8/internal/NE;Lcom/android/tools/r8/internal/NE;Ljava/util/Set;)Z 3 <appendix> member <vmtarget> ; # com/android/tools/r8/internal/Z5$$Lambda+0x000001ec482fade0
instanceKlass  @bci java/util/logging/Level findLevel (Ljava/lang/String;)Ljava/util/logging/Level; 13 <appendix> argL0 ; # java/util/logging/Level$$Lambda+0x800000011
instanceKlass  @bci com/android/tools/r8/internal/L7 a (Lcom/android/tools/r8/internal/sB;Lcom/android/tools/r8/internal/Y5;Lcom/android/tools/r8/internal/RB;)Z 74 <appendix> argL0 ; # com/android/tools/r8/internal/L7$$Lambda+0x000001ec482fa6a8
instanceKlass java/util/Hashtable$Enumerator
instanceKlass com/android/tools/r8/internal/lv0
instanceKlass java/util/Collections$3
instanceKlass java/util/logging/LogManager$LoggerContext$1
instanceKlass java/util/logging/LogManager$VisitedLoggers
instanceKlass com/android/tools/r8/internal/V8
instanceKlass java/util/logging/LogManager$2
instanceKlass sun/security/util/SecurityProperties
instanceKlass sun/security/util/FilePermCompat
# instanceKlass com/android/tools/r8/internal/kb$$Lambda+0x000001ec482f7610
instanceKlass  @bci com/android/tools/r8/internal/kb a (Lcom/android/tools/r8/internal/H9;)V 49 <appendix> member <vmtarget> ; # com/android/tools/r8/internal/kb$$Lambda+0x000001ec482f6a18
instanceKlass java/util/logging/LogManager$LoggingProviderAccess
instanceKlass java/lang/Shutdown$Lock
# instanceKlass java/lang/invoke/LambdaForm$DMH+0x000001ec482e8800
instanceKlass java/lang/Shutdown
instanceKlass java/lang/ApplicationShutdownHooks$1
instanceKlass java/lang/ApplicationShutdownHooks
instanceKlass  @cpi com/android/tools/r8/internal/kb 846 form vmentry <vmtarget> ; # java/lang/invoke/LambdaForm$DMH+0x000001ec482e8400
instanceKlass java/util/logging/LogManager$LogNode
instanceKlass java/util/logging/LogManager$LoggerContext
instanceKlass java/util/logging/LogManager$1
instanceKlass java/util/logging/LogManager
instanceKlass  @bci com/android/tools/r8/internal/lx a (Lcom/android/tools/r8/internal/zx0;)Z 1 <appendix> argL0 ; # com/android/tools/r8/internal/lx$$Lambda+0x000001ec482f5df8
instanceKlass java/util/logging/Logger$ConfigurationData
instanceKlass java/util/logging/Logger$LoggerBundle
instanceKlass com/android/tools/r8/internal/r80
instanceKlass  @bci java/util/logging/Level$KnownLevel add (Ljava/util/logging/Level;)V 49 <appendix> argL0 ; # java/util/logging/Level$KnownLevel$$Lambda+0x800000022
instanceKlass  @bci com/android/tools/r8/ir/optimize/z a (Lcom/android/tools/r8/internal/ME;)Z 429 <appendix> argL0 ; # com/android/tools/r8/ir/optimize/z$$Lambda+0x000001ec482f59a0
instanceKlass  @bci java/util/logging/Level$KnownLevel add (Ljava/util/logging/Level;)V 19 <appendix> argL0 ; # java/util/logging/Level$KnownLevel$$Lambda+0x800000021
instanceKlass java/util/logging/Level
instanceKlass java/util/logging/Handler
instanceKlass java/util/logging/Logger
instanceKlass com/android/tools/r8/internal/b70
instanceKlass  @bci com/android/tools/r8/internal/Bb a (Lcom/android/tools/r8/internal/I9;Lcom/android/tools/r8/graph/y;Lcom/android/tools/r8/internal/P8;)Lcom/android/tools/r8/internal/I9; 60 <appendix> member <vmtarget> ; # com/android/tools/r8/internal/Bb$$Lambda+0x000001ec482f3740
instanceKlass  @bci com/android/tools/r8/internal/Z3 c (Lcom/android/tools/r8/internal/e20;)Lcom/android/tools/r8/internal/Z3; 19 <appendix> member <vmtarget> ; # com/android/tools/r8/internal/Z3$$Lambda+0x000001ec482f2fd8
# instanceKlass com/android/tools/r8/internal/P9$$Lambda+0x000001ec482f2860
instanceKlass  @bci com/android/tools/r8/internal/ME d1 ()Z 1 <appendix> argL0 ; # com/android/tools/r8/internal/ME$$Lambda+0x000001ec482f20e0
instanceKlass  @bci com/android/tools/r8/internal/R9 a (Ljava/util/function/BiFunction;Lcom/android/tools/r8/internal/X9;Lcom/android/tools/r8/internal/I9;)Lcom/android/tools/r8/internal/Wt0; 16 <appendix> member <vmtarget> ; # com/android/tools/r8/internal/R9$$Lambda+0x000001ec482f1968
instanceKlass  @bci com/android/tools/r8/internal/P9 a (Ljava/util/function/BiFunction;Lcom/android/tools/r8/internal/X9;Lcom/android/tools/r8/internal/I9;)Lcom/android/tools/r8/internal/Wt0; 16 <appendix> member <vmtarget> ; # com/android/tools/r8/internal/P9$$Lambda+0x000001ec482e9c58
# instanceKlass com/android/tools/r8/internal/K9$$Lambda+0x000001ec482ebd68
instanceKlass  @bci com/android/tools/r8/internal/K9 a ()I 1283 <appendix> member <vmtarget> ; # com/android/tools/r8/internal/K9$$Lambda+0x000001ec482ebb30
instanceKlass com/android/tools/r8/internal/q9
instanceKlass  @bci com/android/tools/r8/internal/I9 h ()Lcom/android/tools/r8/internal/I9; 1 <appendix> argL0 ; # com/android/tools/r8/internal/I9$$Lambda+0x000001ec482eb6f8
instanceKlass com/android/tools/r8/internal/H20
# instanceKlass com/android/tools/r8/internal/I9$$Lambda+0x000001ec482eb2b8
instanceKlass  @bci com/android/tools/r8/internal/sg g ()Lcom/android/tools/r8/internal/I9; 1 <appendix> argL0 ; # com/android/tools/r8/internal/sg$$Lambda+0x000001ec482eb088
instanceKlass  @bci com/android/tools/r8/internal/I9 b (Ljava/util/function/BiFunction;)Lcom/android/tools/r8/internal/I9; 2 <appendix> member <vmtarget> ; # com/android/tools/r8/internal/I9$$Lambda+0x000001ec482eae50
# instanceKlass com/android/tools/r8/internal/Bb$$Lambda+0x000001ec482ea6e8
instanceKlass  @bci com/android/tools/r8/internal/Bb a (Lcom/android/tools/r8/internal/I9;Lcom/android/tools/r8/graph/y;Lcom/android/tools/r8/internal/P8;)Lcom/android/tools/r8/internal/I9; 13 <appendix> member <vmtarget> ; # com/android/tools/r8/internal/Bb$$Lambda+0x000001ec482ea4b0
instanceKlass com/android/tools/r8/references/ArrayReference
instanceKlass  @bci com/android/tools/r8/internal/I9 a (Lcom/android/tools/r8/graph/y;Lcom/android/tools/r8/internal/P8;Lcom/android/tools/r8/internal/Mx0;)Lcom/android/tools/r8/internal/I9; 4 <appendix> argL0 ; # com/android/tools/r8/internal/I9$$Lambda+0x000001ec482ea000
instanceKlass com/android/tools/r8/internal/Q9
instanceKlass com/android/tools/r8/internal/Ab
instanceKlass com/android/tools/r8/internal/O9
instanceKlass  @bci com/android/tools/r8/internal/qK a (Lcom/android/tools/r8/internal/K70;)Z 54 <appendix> argL0 ; # com/android/tools/r8/internal/qK$$Lambda+0x000001ec482ef6f0
instanceKlass com/android/tools/r8/internal/cb
instanceKlass com/android/tools/r8/graph/i1
instanceKlass com/android/tools/r8/ir/optimize/N
instanceKlass  @bci com/android/tools/r8/graph/u1 b (I)Lcom/android/tools/r8/graph/O0$a; 15 <appendix> argL0 ; # com/android/tools/r8/graph/u1$$Lambda+0x000001ec482ee658
instanceKlass com/android/tools/r8/ir/optimize/N$b
instanceKlass com/android/tools/r8/graph/Z0
instanceKlass com/android/tools/r8/internal/zG
instanceKlass com/android/tools/r8/graph/c3
instanceKlass  @bci com/android/tools/r8/graph/u1 a (I)Lcom/android/tools/r8/graph/N0; 15 <appendix> argL0 ; # com/android/tools/r8/graph/u1$$Lambda+0x000001ec482ed790
instanceKlass  @bci com/android/tools/r8/internal/Hf0 a (Ljava/util/ArrayDeque;)V 6 <appendix> member <vmtarget> ; # com/android/tools/r8/internal/Hf0$$Lambda+0x000001ec482e6e48
instanceKlass com/android/tools/r8/internal/hH
instanceKlass com/android/tools/r8/internal/Ef0
instanceKlass com/android/tools/r8/internal/E20
instanceKlass com/android/tools/r8/graph/U0
# instanceKlass com/android/tools/r8/internal/qK$$Lambda+0x000001ec482e5c48
instanceKlass  @bci com/android/tools/r8/internal/qK a (Lcom/android/tools/r8/internal/US;)Z 7 <appendix> member <vmtarget> ; # com/android/tools/r8/internal/qK$$Lambda+0x000001ec482e59c0
instanceKlass com/android/tools/r8/internal/x8
instanceKlass com/android/tools/r8/internal/Fn
instanceKlass com/android/tools/r8/internal/Hf0
instanceKlass com/android/tools/r8/internal/u8
instanceKlass  @bci com/android/tools/r8/internal/po0 a (Ljava/util/Set;Ljava/util/Set;Ljava/util/Set;)V 5 <appendix> member <vmtarget> ; # com/android/tools/r8/internal/po0$$Lambda+0x000001ec482e43a0
instanceKlass com/android/tools/r8/internal/pB
instanceKlass  @cpi com/android/tools/r8/internal/po0 271 form vmentry <vmtarget> ; # java/lang/invoke/LambdaForm$DMH+0x000001ec482e8000
instanceKlass com/android/tools/r8/internal/oo0
instanceKlass  @bci com/android/tools/r8/internal/po0 a (ILcom/android/tools/r8/internal/tU;Lcom/android/tools/r8/internal/tU;)V 32 <appendix> argL0 ; # com/android/tools/r8/internal/po0$$Lambda+0x000001ec482e2c48
# instanceKlass com/android/tools/r8/internal/US$$Lambda+0x000001ec482e1158
# instanceKlass com/android/tools/r8/internal/US$$Lambda+0x000001ec482e0f30
# instanceKlass com/android/tools/r8/internal/US$$Lambda+0x000001ec482e0d08
# instanceKlass com/android/tools/r8/internal/US$$Lambda+0x000001ec482e0ae0
# instanceKlass com/android/tools/r8/internal/US$$Lambda+0x000001ec482e08b8
# instanceKlass com/android/tools/r8/internal/US$$Lambda+0x000001ec482e0690
instanceKlass  @bci com/android/tools/r8/internal/US a (Lcom/android/tools/r8/internal/tU;IZLcom/android/tools/r8/internal/Kf0;Lcom/android/tools/r8/internal/If0;)I 100 <appendix> member <vmtarget> ; # com/android/tools/r8/internal/US$$Lambda+0x000001ec482e0468
# instanceKlass com/android/tools/r8/internal/US$$Lambda+0x000001ec482e0210
instanceKlass com/android/tools/r8/internal/Rn
# instanceKlass com/android/tools/r8/internal/US$$Lambda+0x000001ec482dec00
# instanceKlass com/android/tools/r8/internal/US$$Lambda+0x000001ec482dfd80
# instanceKlass com/android/tools/r8/internal/US$$Lambda+0x000001ec482dfb28
instanceKlass  @bci com/android/tools/r8/internal/US a (Lcom/android/tools/r8/internal/tU;IZLcom/android/tools/r8/internal/Kf0;Lcom/android/tools/r8/internal/If0;)I 93 <appendix> member <vmtarget> ; # com/android/tools/r8/internal/US$$Lambda+0x000001ec482df8d0
# instanceKlass com/android/tools/r8/internal/US$$Lambda+0x000001ec482df678
# instanceKlass com/android/tools/r8/internal/US$$Lambda+0x000001ec482df450
# instanceKlass com/android/tools/r8/internal/US$$Lambda+0x000001ec482df228
# instanceKlass com/android/tools/r8/internal/US$$Lambda+0x000001ec482df000
# instanceKlass com/android/tools/r8/internal/US$$Lambda+0x000001ec482dbcc8
instanceKlass  @bci com/android/tools/r8/internal/US a (Lcom/android/tools/r8/internal/tU;IZLcom/android/tools/r8/internal/Kf0;Lcom/android/tools/r8/internal/If0;)I 72 <appendix> member <vmtarget> ; # com/android/tools/r8/internal/US$$Lambda+0x000001ec482db878
# instanceKlass com/android/tools/r8/internal/US$$Lambda+0x000001ec482dbaa0
instanceKlass  @bci com/android/tools/r8/internal/US a (Lcom/android/tools/r8/internal/tU;)V 150 <appendix> member <vmtarget> ; # com/android/tools/r8/internal/US$$Lambda+0x000001ec482db5f0
# instanceKlass com/android/tools/r8/internal/US$$Lambda+0x000001ec482db398
# instanceKlass com/android/tools/r8/internal/US$$Lambda+0x000001ec482db140
# instanceKlass com/android/tools/r8/internal/US$$Lambda+0x000001ec482daee8
instanceKlass  @bci com/android/tools/r8/internal/US a (Lcom/android/tools/r8/internal/tU;IZLcom/android/tools/r8/internal/Kf0;Lcom/android/tools/r8/internal/If0;)I 65 <appendix> member <vmtarget> ; # com/android/tools/r8/internal/US$$Lambda+0x000001ec482dac90
# instanceKlass com/android/tools/r8/internal/US$$Lambda+0x000001ec482daa38
# instanceKlass com/android/tools/r8/internal/US$$Lambda+0x000001ec482da7e0
# instanceKlass com/android/tools/r8/internal/US$$Lambda+0x000001ec482da5b8
# instanceKlass com/android/tools/r8/internal/US$$Lambda+0x000001ec482da390
# instanceKlass com/android/tools/r8/internal/US$$Lambda+0x000001ec482d9d18
# instanceKlass com/android/tools/r8/internal/US$$Lambda+0x000001ec482da168
# instanceKlass com/android/tools/r8/internal/US$$Lambda+0x000001ec482d9f40
instanceKlass  @bci com/android/tools/r8/internal/US a (Lcom/android/tools/r8/internal/tU;IZLcom/android/tools/r8/internal/Kf0;Lcom/android/tools/r8/internal/If0;)I 44 <appendix> member <vmtarget> ; # com/android/tools/r8/internal/US$$Lambda+0x000001ec482d9af0
# instanceKlass com/android/tools/r8/ir/optimize/b0$$Lambda+0x000001ec482d9898
# instanceKlass com/android/tools/r8/ir/optimize/b0$$Lambda+0x000001ec482d9640
# instanceKlass com/android/tools/r8/ir/optimize/b0$$Lambda+0x000001ec482d93e8
# instanceKlass com/android/tools/r8/ir/optimize/b0$$Lambda+0x000001ec482d9190
instanceKlass  @bci com/android/tools/r8/ir/optimize/b0 a (Lcom/android/tools/r8/internal/ME;)Z 246 <appendix> member <vmtarget> ; # com/android/tools/r8/ir/optimize/b0$$Lambda+0x000001ec482d8f38
# instanceKlass java/lang/invoke/LambdaForm$DMH+0x000001ec482de800
# instanceKlass java/lang/invoke/LambdaForm$DMH+0x000001ec482de400
# instanceKlass java/lang/invoke/LambdaForm$DMH+0x000001ec482de000
# instanceKlass java/lang/invoke/LambdaForm$DMH+0x000001ec482ddc00
instanceKlass  @cpi com/android/tools/r8/internal/US 1564 form vmentry <vmtarget> ; # java/lang/invoke/LambdaForm$DMH+0x000001ec482dd800
# instanceKlass java/lang/invoke/LambdaForm$DMH+0x000001ec482dd400
# instanceKlass java/lang/invoke/LambdaForm$DMH+0x000001ec482dd000
instanceKlass com/android/tools/r8/internal/nI
# instanceKlass java/lang/invoke/LambdaForm$DMH+0x000001ec482dcc00
# instanceKlass java/lang/invoke/LambdaForm$DMH+0x000001ec482dc800
# instanceKlass java/lang/invoke/LambdaForm$DMH+0x000001ec482dc400
instanceKlass  @cpi com/android/tools/r8/ir/optimize/b0 89 form vmentry <vmtarget> ; # java/lang/invoke/LambdaForm$DMH+0x000001ec482dc000
# instanceKlass com/android/tools/r8/internal/US$$Lambda+0x000001ec482d84b0
# instanceKlass com/android/tools/r8/internal/US$$Lambda+0x000001ec482d8000
# instanceKlass com/android/tools/r8/internal/US$$Lambda+0x000001ec482d8258
# instanceKlass com/android/tools/r8/internal/US$$Lambda+0x000001ec482d7c18
# instanceKlass com/android/tools/r8/internal/US$$Lambda+0x000001ec482d7768
instanceKlass  @bci com/android/tools/r8/internal/US a (Lcom/android/tools/r8/internal/tU;IZLcom/android/tools/r8/internal/Kf0;Lcom/android/tools/r8/internal/If0;)I 37 <appendix> member <vmtarget> ; # com/android/tools/r8/internal/US$$Lambda+0x000001ec482d79c0
instanceKlass com/android/tools/r8/ir/optimize/b0
# instanceKlass com/android/tools/r8/internal/tU$$Lambda+0x000001ec482d7338
# instanceKlass com/android/tools/r8/internal/US$$Lambda+0x000001ec482d6ec8
# instanceKlass com/android/tools/r8/internal/tU$$Lambda+0x000001ec482d7118
# instanceKlass com/android/tools/r8/internal/tU$$Lambda+0x000001ec482d6ca8
# instanceKlass com/android/tools/r8/internal/tU$$Lambda+0x000001ec482d6a88
instanceKlass  @bci com/android/tools/r8/internal/US a (Lcom/android/tools/r8/internal/tU;ILcom/android/tools/r8/internal/Kf0;)Z 526 <appendix> argL0 ; # com/android/tools/r8/internal/US$$Lambda+0x000001ec482d6838
# instanceKlass com/android/tools/r8/internal/tU$$Lambda+0x000001ec482d6618
instanceKlass  @bci com/android/tools/r8/internal/tU l ()V 37 <appendix> argL0 ; # com/android/tools/r8/internal/tU$$Lambda+0x000001ec482d63f8
instanceKlass com/android/tools/r8/ir/optimize/f0
# instanceKlass com/android/tools/r8/internal/ME$$Lambda+0x000001ec482d40e8
# instanceKlass com/android/tools/r8/internal/ME$$Lambda+0x000001ec482d3c88
# instanceKlass com/android/tools/r8/internal/ME$$Lambda+0x000001ec482d3eb8
# instanceKlass com/android/tools/r8/internal/ME$$Lambda+0x000001ec482d3a58
instanceKlass  @bci com/android/tools/r8/internal/ME a (Lcom/android/tools/r8/internal/ME;)V 36 <appendix> argL0 ; # com/android/tools/r8/internal/ME$$Lambda+0x000001ec482d3828
# instanceKlass com/android/tools/r8/internal/ME$$Lambda+0x000001ec482d35f8
# instanceKlass com/android/tools/r8/internal/ME$$Lambda+0x000001ec482d33c8
# instanceKlass com/android/tools/r8/internal/ME$$Lambda+0x000001ec482d3198
# instanceKlass com/android/tools/r8/internal/ME$$Lambda+0x000001ec482d2a98
instanceKlass  @bci com/android/tools/r8/internal/ME a (Lcom/android/tools/r8/internal/ME;)V 18 <appendix> argL0 ; # com/android/tools/r8/internal/ME$$Lambda+0x000001ec482d2868
# instanceKlass com/android/tools/r8/internal/Y5$$Lambda+0x000001ec482d2638
# instanceKlass com/android/tools/r8/internal/Y5$$Lambda+0x000001ec482d2408
# instanceKlass com/android/tools/r8/internal/Y5$$Lambda+0x000001ec482d21d8
# instanceKlass com/android/tools/r8/internal/Y5$$Lambda+0x000001ec482d1fa8
instanceKlass  @bci com/android/tools/r8/internal/Y5 b ()V 9 <appendix> argL0 ; # com/android/tools/r8/internal/Y5$$Lambda+0x000001ec482d1d78
# instanceKlass com/android/tools/r8/internal/US$$Lambda+0x000001ec482d1b48
# instanceKlass com/android/tools/r8/internal/US$$Lambda+0x000001ec482d1918
# instanceKlass com/android/tools/r8/internal/US$$Lambda+0x000001ec482d16e8
# instanceKlass com/android/tools/r8/internal/US$$Lambda+0x000001ec482d1058
instanceKlass  @bci com/android/tools/r8/internal/US f ()V 7 <appendix> argL0 ; # com/android/tools/r8/internal/US$$Lambda+0x000001ec482d0bd0
# instanceKlass com/android/tools/r8/internal/US$$Lambda+0x000001ec482d04b0
# instanceKlass com/android/tools/r8/internal/US$$Lambda+0x000001ec482d0258
# instanceKlass com/android/tools/r8/internal/US$$Lambda+0x000001ec482d0000
# instanceKlass com/android/tools/r8/internal/US$$Lambda+0x000001ec482cc400
instanceKlass  @bci com/android/tools/r8/internal/US a (Lcom/android/tools/r8/internal/uC;Ljava/util/ArrayList;Lcom/android/tools/r8/internal/Df0;Ljava/util/IdentityHashMap;)V 574 <appendix> member <vmtarget> ; # com/android/tools/r8/internal/US$$Lambda+0x000001ec482cccb8
instanceKlass com/android/tools/r8/internal/BZ
# instanceKlass com/android/tools/r8/internal/US$$Lambda+0x000001ec482cddb0
# instanceKlass com/android/tools/r8/internal/US$$Lambda+0x000001ec482cdb60
# instanceKlass com/android/tools/r8/internal/US$$Lambda+0x000001ec482cd910
# instanceKlass com/android/tools/r8/internal/US$$Lambda+0x000001ec482cd6c0
instanceKlass  @bci com/android/tools/r8/internal/US a (Lcom/android/tools/r8/internal/uC;Ljava/util/ArrayList;Lcom/android/tools/r8/internal/Df0;Ljava/util/IdentityHashMap;)V 546 <appendix> argL0 ; # com/android/tools/r8/internal/US$$Lambda+0x000001ec482cd470
# instanceKlass com/android/tools/r8/internal/tm0$$Lambda+0x000001ec482cd238
# instanceKlass com/android/tools/r8/internal/tm0$$Lambda+0x000001ec482cd000
# instanceKlass com/android/tools/r8/internal/tm0$$Lambda+0x000001ec482cf9c8
instanceKlass com/android/tools/r8/internal/D0
# instanceKlass com/android/tools/r8/internal/tm0$$Lambda+0x000001ec482cf790
instanceKlass  @bci com/android/tools/r8/internal/tm0 a (Ljava/lang/Iterable;)Ljava/util/Set; 18 <appendix> member <vmtarget> ; # com/android/tools/r8/internal/tm0$$Lambda+0x000001ec482cf558
instanceKlass com/android/tools/r8/internal/qi
# instanceKlass com/android/tools/r8/internal/US$$Lambda+0x000001ec482ced58
# instanceKlass com/android/tools/r8/internal/US$$Lambda+0x000001ec482ceac0
instanceKlass  @bci com/android/tools/r8/internal/US a (Lcom/android/tools/r8/internal/uC;Ljava/util/ArrayList;Lcom/android/tools/r8/internal/Df0;Ljava/util/IdentityHashMap;)V 271 <appendix> argL0 ; # com/android/tools/r8/internal/US$$Lambda+0x000001ec482ce630
instanceKlass com/android/tools/r8/internal/AZ
instanceKlass com/android/tools/r8/internal/TS
# instanceKlass com/android/tools/r8/internal/US$$Lambda+0x000001ec482cb9d8
instanceKlass  @bci com/android/tools/r8/internal/US c (ILcom/android/tools/r8/internal/tU;)Lcom/android/tools/r8/internal/Kf0; 161 <appendix> member <vmtarget> ; # com/android/tools/r8/internal/US$$Lambda+0x000001ec482cb7a0
instanceKlass  @bci com/android/tools/r8/internal/US a (Ljava/util/List;Lcom/android/tools/r8/internal/qK;)V 20 <appendix> argL0 ; # com/android/tools/r8/internal/US$$Lambda+0x000001ec482cb550
# instanceKlass com/android/tools/r8/internal/US$$Lambda+0x000001ec482cb330
# instanceKlass com/android/tools/r8/internal/US$$Lambda+0x000001ec482cb110
# instanceKlass com/android/tools/r8/internal/US$$Lambda+0x000001ec482caef0
instanceKlass  @bci com/android/tools/r8/internal/US a (Lcom/android/tools/r8/internal/uC;Ljava/util/ArrayList;Lcom/android/tools/r8/internal/Df0;Ljava/util/IdentityHashMap;)V 180 <appendix> argL0 ; # com/android/tools/r8/internal/US$$Lambda+0x000001ec482cacd0
# instanceKlass com/android/tools/r8/internal/US$$Lambda+0x000001ec482caab0
# instanceKlass com/android/tools/r8/internal/US$$Lambda+0x000001ec482ca860
# instanceKlass com/android/tools/r8/internal/US$$Lambda+0x000001ec482ca610
# instanceKlass com/android/tools/r8/internal/US$$Lambda+0x000001ec482ca3c0
instanceKlass  @bci com/android/tools/r8/internal/US a (Lcom/android/tools/r8/internal/tU;ILcom/android/tools/r8/internal/Kf0;)Z 94 <appendix> argL0 ; # com/android/tools/r8/internal/US$$Lambda+0x000001ec482ca170
instanceKlass  @bci com/android/tools/r8/internal/US a (Lcom/android/tools/r8/internal/tU;)V 207 <appendix> argL0 ; # com/android/tools/r8/internal/US$$Lambda+0x000001ec482c9f40
# instanceKlass com/android/tools/r8/internal/TY$$Lambda+0x000001ec482c9ce8
# instanceKlass com/android/tools/r8/internal/TY$$Lambda+0x000001ec482c9a90
# instanceKlass com/android/tools/r8/internal/TY$$Lambda+0x000001ec482c9838
# instanceKlass com/android/tools/r8/internal/TY$$Lambda+0x000001ec482c9388
instanceKlass  @bci com/android/tools/r8/internal/TY a ()V 5 <appendix> member <vmtarget> ; # com/android/tools/r8/internal/TY$$Lambda+0x000001ec482c95e0
instanceKlass  @cpi com/android/tools/r8/internal/US 1894 form vmentry <vmtarget> ; # java/lang/invoke/LambdaForm$DMH+0x000001ec482cc000
instanceKlass com/android/tools/r8/internal/TY
instanceKlass  @bci com/android/tools/r8/internal/US a (Lcom/android/tools/r8/internal/tU;)V 21 <appendix> member <vmtarget> ; # com/android/tools/r8/internal/US$$Lambda+0x000001ec482c8680
instanceKlass com/android/tools/r8/internal/ZD
# instanceKlass com/android/tools/r8/internal/oU$$Lambda+0x000001ec482c7a28
# instanceKlass com/android/tools/r8/internal/oU$$Lambda+0x000001ec482c8238
# instanceKlass com/android/tools/r8/internal/oU$$Lambda+0x000001ec482c8000
# instanceKlass com/android/tools/r8/internal/oU$$Lambda+0x000001ec482c77f0
# instanceKlass com/android/tools/r8/internal/oU$$Lambda+0x000001ec482c7c60
# instanceKlass com/android/tools/r8/internal/oU$$Lambda+0x000001ec482c75b8
instanceKlass  @bci com/android/tools/r8/internal/oU a (Ljava/util/Collection;Ljava/util/function/Predicate;)Ljava/util/List; 18 <appendix> member <vmtarget> ; # com/android/tools/r8/internal/oU$$Lambda+0x000001ec482c7380
# instanceKlass com/android/tools/r8/internal/po0$$Lambda+0x000001ec482c7128
# instanceKlass com/android/tools/r8/internal/po0$$Lambda+0x000001ec482c6ed0
# instanceKlass com/android/tools/r8/internal/po0$$Lambda+0x000001ec482c6c78
# instanceKlass com/android/tools/r8/internal/po0$$Lambda+0x000001ec482c6a20
instanceKlass  @bci com/android/tools/r8/internal/po0 a (I)I 131 <appendix> member <vmtarget> ; # com/android/tools/r8/internal/po0$$Lambda+0x000001ec482c67c8
# instanceKlass com/android/tools/r8/internal/US$$Lambda+0x000001ec482c6578
# instanceKlass com/android/tools/r8/internal/US$$Lambda+0x000001ec482c6328
# instanceKlass com/android/tools/r8/internal/US$$Lambda+0x000001ec482c60d8
# instanceKlass com/android/tools/r8/internal/US$$Lambda+0x000001ec482c5e88
# instanceKlass com/android/tools/r8/internal/US$$Lambda+0x000001ec482c5c38
# instanceKlass com/android/tools/r8/internal/US$$Lambda+0x000001ec482c59e8
instanceKlass  @bci com/android/tools/r8/internal/US b (Lcom/android/tools/r8/internal/tU;)V 31 <appendix> argL0 ; # com/android/tools/r8/internal/US$$Lambda+0x000001ec482c5798
# instanceKlass com/android/tools/r8/internal/US$$Lambda+0x000001ec482c5548
# instanceKlass com/android/tools/r8/internal/US$$Lambda+0x000001ec482c52f8
# instanceKlass com/android/tools/r8/internal/US$$Lambda+0x000001ec482c50a8
# instanceKlass com/android/tools/r8/internal/US$$Lambda+0x000001ec482c4e58
# instanceKlass com/android/tools/r8/internal/US$$Lambda+0x000001ec482c4c08
# instanceKlass com/android/tools/r8/internal/US$$Lambda+0x000001ec482c49b8
instanceKlass  @bci com/android/tools/r8/internal/US o (Lcom/android/tools/r8/internal/tU;)V 16 <appendix> argL0 ; # com/android/tools/r8/internal/US$$Lambda+0x000001ec482c4768
# instanceKlass com/android/tools/r8/internal/US$$Lambda+0x000001ec482c4518
instanceKlass com/android/tools/r8/internal/po0
instanceKlass  @bci com/android/tools/r8/internal/US a (Z)V 21 <appendix> argL0 ; # com/android/tools/r8/internal/US$$Lambda+0x000001ec482c40b8
# instanceKlass com/android/tools/r8/internal/US$$Lambda+0x000001ec482c3e68
# instanceKlass com/android/tools/r8/internal/US$$Lambda+0x000001ec482c3c18
# instanceKlass com/android/tools/r8/internal/US$$Lambda+0x000001ec482c39c8
# instanceKlass com/android/tools/r8/internal/US$$Lambda+0x000001ec482c3528
instanceKlass  @bci com/android/tools/r8/internal/US n (Lcom/android/tools/r8/internal/tU;)V 16 <appendix> argL0 ; # com/android/tools/r8/internal/US$$Lambda+0x000001ec482c3778
# instanceKlass com/android/tools/r8/internal/VK$$Lambda+0x000001ec482c32e0
# instanceKlass com/android/tools/r8/internal/VK$$Lambda+0x000001ec482c3098
# instanceKlass com/android/tools/r8/internal/VK$$Lambda+0x000001ec482c2e50
# instanceKlass com/android/tools/r8/internal/VK$$Lambda+0x000001ec482c2c08
# instanceKlass com/android/tools/r8/internal/VK$$Lambda+0x000001ec482c29c0
# instanceKlass com/android/tools/r8/internal/VK$$Lambda+0x000001ec482c2778
# instanceKlass com/android/tools/r8/internal/VK$$Lambda+0x000001ec482c2530
# instanceKlass com/android/tools/r8/internal/VK$$Lambda+0x000001ec482c22e8
# instanceKlass com/android/tools/r8/internal/VK$$Lambda+0x000001ec482c1c10
# instanceKlass com/android/tools/r8/internal/VK$$Lambda+0x000001ec482c20a0
# instanceKlass com/android/tools/r8/internal/VK$$Lambda+0x000001ec482c1e58
instanceKlass  @bci com/android/tools/r8/internal/VK a (Ljava/lang/Iterable;Ljava/util/function/Predicate;)Ljava/lang/Iterable; 2 <appendix> member <vmtarget> ; # com/android/tools/r8/internal/VK$$Lambda+0x000001ec482c19c8
# instanceKlass com/android/tools/r8/internal/US$$Lambda+0x000001ec482c1770
# instanceKlass com/android/tools/r8/internal/US$$Lambda+0x000001ec482c1518
# instanceKlass com/android/tools/r8/internal/US$$Lambda+0x000001ec482c12c0
# instanceKlass com/android/tools/r8/internal/US$$Lambda+0x000001ec482c1068
# instanceKlass com/android/tools/r8/internal/US$$Lambda+0x000001ec482c0e10
# instanceKlass com/android/tools/r8/internal/US$$Lambda+0x000001ec482c0bb8
# instanceKlass com/android/tools/r8/internal/US$$Lambda+0x000001ec482c0960
# instanceKlass com/android/tools/r8/internal/US$$Lambda+0x000001ec482c0708
# instanceKlass com/android/tools/r8/internal/US$$Lambda+0x000001ec482c04b0
# instanceKlass com/android/tools/r8/internal/US$$Lambda+0x000001ec482c0258
# instanceKlass com/android/tools/r8/internal/US$$Lambda+0x000001ec482c0000
instanceKlass  @bci com/android/tools/r8/internal/US n ()Z 36 <appendix> member <vmtarget> ; # com/android/tools/r8/internal/US$$Lambda+0x000001ec482bfce0
instanceKlass com/android/tools/r8/internal/oB
# instanceKlass com/android/tools/r8/internal/US$$Lambda+0x000001ec482bf5d0
# instanceKlass com/android/tools/r8/internal/US$$Lambda+0x000001ec482bf830
# instanceKlass com/android/tools/r8/internal/US$$Lambda+0x000001ec482bf370
# instanceKlass com/android/tools/r8/internal/US$$Lambda+0x000001ec482bf110
# instanceKlass com/android/tools/r8/internal/US$$Lambda+0x000001ec482beeb0
# instanceKlass com/android/tools/r8/internal/US$$Lambda+0x000001ec482bec50
# instanceKlass com/android/tools/r8/internal/US$$Lambda+0x000001ec482be9f0
# instanceKlass com/android/tools/r8/internal/US$$Lambda+0x000001ec482be790
# instanceKlass com/android/tools/r8/internal/US$$Lambda+0x000001ec482be530
# instanceKlass com/android/tools/r8/internal/US$$Lambda+0x000001ec482be2d0
# instanceKlass com/android/tools/r8/internal/US$$Lambda+0x000001ec482be070
instanceKlass  @bci com/android/tools/r8/internal/US i ()Lcom/android/tools/r8/internal/XK; 8 <appendix> argL0 ; # com/android/tools/r8/internal/US$$Lambda+0x000001ec482bde10
# instanceKlass com/android/tools/r8/internal/sB$$Lambda+0x000001ec482bdbc8
# instanceKlass com/android/tools/r8/internal/sB$$Lambda+0x000001ec482bd980
# instanceKlass com/android/tools/r8/internal/sB$$Lambda+0x000001ec482bd738
# instanceKlass com/android/tools/r8/internal/sB$$Lambda+0x000001ec482bd4f0
# instanceKlass com/android/tools/r8/internal/sB$$Lambda+0x000001ec482bd2a8
# instanceKlass com/android/tools/r8/internal/sB$$Lambda+0x000001ec482bd060
# instanceKlass com/android/tools/r8/internal/sB$$Lambda+0x000001ec482bce18
# instanceKlass com/android/tools/r8/internal/sB$$Lambda+0x000001ec482bcbd0
instanceKlass  @bci com/android/tools/r8/internal/sB c ()Ljava/lang/Iterable; 1 <appendix> member <vmtarget> ; # com/android/tools/r8/internal/sB$$Lambda+0x000001ec482bc988
# instanceKlass com/android/tools/r8/internal/sB$$Lambda+0x000001ec482bc740
# instanceKlass com/android/tools/r8/internal/sB$$Lambda+0x000001ec482bc4f8
# instanceKlass com/android/tools/r8/internal/sB$$Lambda+0x000001ec482bc2b0
# instanceKlass com/android/tools/r8/internal/sB$$Lambda+0x000001ec482bc068
# instanceKlass com/android/tools/r8/internal/sB$$Lambda+0x000001ec482bbe20
# instanceKlass com/android/tools/r8/internal/sB$$Lambda+0x000001ec482bbbd8
# instanceKlass com/android/tools/r8/internal/sB$$Lambda+0x000001ec482bb990
# instanceKlass com/android/tools/r8/internal/sB$$Lambda+0x000001ec482bb748
# instanceKlass com/android/tools/r8/internal/sB$$Lambda+0x000001ec482bb500
# instanceKlass com/android/tools/r8/internal/sB$$Lambda+0x000001ec482bb2b8
# instanceKlass com/android/tools/r8/internal/sB$$Lambda+0x000001ec482bb070
# instanceKlass com/android/tools/r8/internal/sB$$Lambda+0x000001ec482ba998
# instanceKlass com/android/tools/r8/internal/sB$$Lambda+0x000001ec482bae28
instanceKlass  @bci com/android/tools/r8/internal/sB a (Ljava/util/function/Predicate;)Ljava/lang/Iterable; 2 <appendix> member <vmtarget> ; # com/android/tools/r8/internal/sB$$Lambda+0x000001ec482babe0
# instanceKlass com/android/tools/r8/internal/sB$$Lambda+0x000001ec482ba750
# instanceKlass com/android/tools/r8/internal/US$$Lambda+0x000001ec482ba500
# instanceKlass com/android/tools/r8/internal/US$$Lambda+0x000001ec482ba2b0
# instanceKlass com/android/tools/r8/internal/US$$Lambda+0x000001ec482ba060
# instanceKlass com/android/tools/r8/internal/US$$Lambda+0x000001ec482b9e10
instanceKlass  @bci com/android/tools/r8/internal/US g ()V 31 <appendix> argL0 ; # com/android/tools/r8/internal/US$$Lambda+0x000001ec482b9bc0
# instanceKlass com/android/tools/r8/internal/US$$Lambda+0x000001ec482b9970
# instanceKlass com/android/tools/r8/internal/US$$Lambda+0x000001ec482b9720
# instanceKlass com/android/tools/r8/internal/US$$Lambda+0x000001ec482b94d0
# instanceKlass com/android/tools/r8/internal/US$$Lambda+0x000001ec482b9280
# instanceKlass com/android/tools/r8/internal/qK$$Lambda+0x000001ec482b9030
# instanceKlass com/android/tools/r8/internal/qK$$Lambda+0x000001ec482b8de0
instanceKlass  @bci com/android/tools/r8/internal/qK a (Lcom/android/tools/r8/internal/K70;)Z 17 <appendix> argL0 ; # com/android/tools/r8/internal/qK$$Lambda+0x000001ec482b8940
# instanceKlass com/android/tools/r8/internal/zx0$$Lambda+0x000001ec482b8b90
# instanceKlass com/android/tools/r8/internal/zx0$$Lambda+0x000001ec482b86f0
# instanceKlass com/android/tools/r8/internal/zx0$$Lambda+0x000001ec482b84a0
# instanceKlass com/android/tools/r8/internal/zx0$$Lambda+0x000001ec482b8250
# instanceKlass com/android/tools/r8/internal/zx0$$Lambda+0x000001ec482b8000
# instanceKlass com/android/tools/r8/internal/zx0$$Lambda+0x000001ec482b7ca8
# instanceKlass com/android/tools/r8/internal/zx0$$Lambda+0x000001ec482b7a58
# instanceKlass com/android/tools/r8/internal/zx0$$Lambda+0x000001ec482b7808
# instanceKlass com/android/tools/r8/internal/zx0$$Lambda+0x000001ec482b75b8
# instanceKlass com/android/tools/r8/internal/zx0$$Lambda+0x000001ec482b7368
instanceKlass  @bci com/android/tools/r8/internal/zx0 H ()Z 1 <appendix> argL0 ; # com/android/tools/r8/internal/zx0$$Lambda+0x000001ec482b7118
instanceKlass com/android/tools/r8/internal/uU
# instanceKlass com/android/tools/r8/internal/sB$$Lambda+0x000001ec482b69c8
# instanceKlass com/android/tools/r8/internal/sB$$Lambda+0x000001ec482b6c60
# instanceKlass com/android/tools/r8/internal/sB$$Lambda+0x000001ec482b6730
# instanceKlass com/android/tools/r8/internal/sB$$Lambda+0x000001ec482b6498
# instanceKlass com/android/tools/r8/internal/sB$$Lambda+0x000001ec482b6200
instanceKlass  @bci com/android/tools/r8/internal/sB e ()Ljava/util/IdentityHashMap; 738 <appendix> argL0 ; # com/android/tools/r8/internal/sB$$Lambda+0x000001ec482b5f68
# instanceKlass com/android/tools/r8/internal/US$$Lambda+0x000001ec482b57a0
# instanceKlass com/android/tools/r8/internal/US$$Lambda+0x000001ec482b5cd0
# instanceKlass com/android/tools/r8/internal/US$$Lambda+0x000001ec482b5a38
instanceKlass  @bci com/android/tools/r8/internal/US a (Lcom/android/tools/r8/graph/y;Lcom/android/tools/r8/internal/sB;Ljava/util/IdentityHashMap;Ljava/util/ArrayList;)V 871 <appendix> argL0 ; # com/android/tools/r8/internal/US$$Lambda+0x000001ec482b5508
# instanceKlass com/android/tools/r8/internal/US$$Lambda+0x000001ec482b5270
# instanceKlass com/android/tools/r8/internal/US$$Lambda+0x000001ec482b4fd8
instanceKlass com/android/tools/r8/internal/wU
instanceKlass com/android/tools/r8/internal/rB
instanceKlass com/android/tools/r8/internal/tU
instanceKlass  @bci com/android/tools/r8/internal/US a (Lcom/android/tools/r8/internal/qK;)Z 17 <appendix> argL0 ; # com/android/tools/r8/internal/US$$Lambda+0x000001ec482b43a0
instanceKlass com/android/tools/r8/internal/uI
instanceKlass com/android/tools/r8/internal/zZ
instanceKlass  @bci com/android/tools/r8/internal/Hx0 a (Lcom/android/tools/r8/internal/bz0;Lcom/android/tools/r8/internal/V6;)Lcom/android/tools/r8/internal/zx0; 228 <appendix> member <vmtarget> ; # com/android/tools/r8/internal/Hx0$$Lambda+0x000001ec482b1420
instanceKlass  @bci com/android/tools/r8/internal/VK b (Ljava/lang/Object;)Ljava/lang/Iterable; 1 <appendix> member <vmtarget> ; # com/android/tools/r8/internal/VK$$Lambda+0x000001ec482b11d8
instanceKlass com/android/tools/r8/internal/Jf0
instanceKlass com/android/tools/r8/internal/VK
instanceKlass com/android/tools/r8/internal/US
instanceKlass  @bci com/android/tools/r8/internal/W3 a (Lcom/android/tools/r8/graph/y;Lcom/android/tools/r8/internal/sB;)Lcom/android/tools/r8/ir/optimize/E; 32 <appendix> argL0 ; # com/android/tools/r8/internal/W3$$Lambda+0x000001ec482b08d0
instanceKlass  @bci com/android/tools/r8/internal/W3 a (Lcom/android/tools/r8/graph/y;Lcom/android/tools/r8/graph/K5;Lcom/android/tools/r8/internal/L1;Lcom/android/tools/r8/internal/LE;)Z 9 <appendix> argL0 ; # com/android/tools/r8/internal/W3$$Lambda+0x000001ec482b0680
instanceKlass  @bci com/android/tools/r8/internal/j6 a ()Ljava/util/function/BiPredicate; 0 <appendix> argL0 ; # com/android/tools/r8/internal/j6$$Lambda+0x000001ec482b0430
instanceKlass com/android/tools/r8/internal/vj
instanceKlass com/android/tools/r8/internal/j6
# instanceKlass com/android/tools/r8/ir/optimize/u0$$Lambda+0x000001ec482af3d0
# instanceKlass com/android/tools/r8/ir/optimize/u0$$Lambda+0x000001ec482af180
# instanceKlass com/android/tools/r8/ir/optimize/u0$$Lambda+0x000001ec482aef30
# instanceKlass com/android/tools/r8/ir/optimize/u0$$Lambda+0x000001ec482aece0
# instanceKlass com/android/tools/r8/ir/optimize/u0$$Lambda+0x000001ec482aea90
# instanceKlass com/android/tools/r8/ir/optimize/u0$$Lambda+0x000001ec482ae840
# instanceKlass com/android/tools/r8/ir/optimize/u0$$Lambda+0x000001ec482ae5f0
# instanceKlass com/android/tools/r8/ir/optimize/u0$$Lambda+0x000001ec482ae3a0
instanceKlass  @bci com/android/tools/r8/ir/optimize/u0 a (Lcom/android/tools/r8/internal/sB;Lcom/android/tools/r8/internal/QJ;)V 71 <appendix> argL0 ; # com/android/tools/r8/ir/optimize/u0$$Lambda+0x000001ec482ae150
# instanceKlass com/android/tools/r8/internal/xo$$Lambda+0x000001ec482adf10
# instanceKlass com/android/tools/r8/internal/xo$$Lambda+0x000001ec482adcd0
instanceKlass  @bci com/android/tools/r8/internal/xo a (Lcom/android/tools/r8/internal/sB;Lcom/android/tools/r8/internal/Y5;Lcom/android/tools/r8/internal/ZR;Ljava/util/IdentityHashMap;Ljava/util/function/Predicate;)V 1058 <appendix> argL0 ; # com/android/tools/r8/internal/xo$$Lambda+0x000001ec482ad868
# instanceKlass com/android/tools/r8/ir/optimize/u0$$Lambda+0x000001ec482adaa8
# instanceKlass com/android/tools/r8/ir/optimize/u0$$Lambda+0x000001ec482ad418
# instanceKlass com/android/tools/r8/ir/optimize/u0$$Lambda+0x000001ec482ad640
# instanceKlass com/android/tools/r8/ir/optimize/u0$$Lambda+0x000001ec482ad1f0
# instanceKlass com/android/tools/r8/ir/optimize/u0$$Lambda+0x000001ec482acfc8
# instanceKlass com/android/tools/r8/ir/optimize/u0$$Lambda+0x000001ec482acda0
# instanceKlass com/android/tools/r8/ir/optimize/u0$$Lambda+0x000001ec482acb78
# instanceKlass com/android/tools/r8/ir/optimize/u0$$Lambda+0x000001ec482ac950
instanceKlass  @bci com/android/tools/r8/ir/optimize/u0 a (Lcom/android/tools/r8/internal/sB;Lcom/android/tools/r8/internal/QJ;)V 30 <appendix> member <vmtarget> ; # com/android/tools/r8/ir/optimize/u0$$Lambda+0x000001ec482ac728
instanceKlass  @bci com/android/tools/r8/ir/optimize/z a ()V 1533 <appendix> argL0 ; # com/android/tools/r8/ir/optimize/z$$Lambda+0x000001ec482ac2e0
instanceKlass com/android/tools/r8/internal/x30
instanceKlass com/android/tools/r8/internal/z30
instanceKlass com/android/tools/r8/ir/optimize/u0
instanceKlass com/android/tools/r8/graph/e3
# instanceKlass java/util/stream/StreamSpliterators$WrappingSpliterator$$Lambda+0x000001ec480cead0
# instanceKlass java/util/stream/StreamSpliterators$WrappingSpliterator$$Lambda+0x000001ec480ce8a8
instanceKlass  @bci java/util/stream/StreamSpliterators$WrappingSpliterator initPartialTraversalState ()V 37 <appendix> member <vmtarget> ; # java/util/stream/StreamSpliterators$WrappingSpliterator$$Lambda+0x000001ec480ce680
# instanceKlass java/util/stream/StreamSpliterators$WrappingSpliterator$$Lambda+0x000001ec480ce110
# instanceKlass java/util/stream/StreamSpliterators$WrappingSpliterator$$Lambda+0x000001ec480cde60
instanceKlass  @bci java/util/stream/StreamSpliterators$WrappingSpliterator initPartialTraversalState ()V 24 <appendix> member <vmtarget> ; # java/util/stream/StreamSpliterators$WrappingSpliterator$$Lambda+0x000001ec480cdbb0
instanceKlass java/util/stream/StreamSpliterators
instanceKlass java/util/stream/AbstractSpinedBuffer
instanceKlass java/util/stream/StreamSpliterators$AbstractWrappingSpliterator
instanceKlass com/android/tools/r8/internal/w8$a
# instanceKlass java/util/stream/AbstractPipeline$$Lambda+0x000001ec480ccd58
# instanceKlass java/util/stream/AbstractPipeline$$Lambda+0x000001ec480ccb30
instanceKlass  @bci java/util/stream/AbstractPipeline spliterator ()Ljava/util/Spliterator; 103 <appendix> member <vmtarget> ; # java/util/stream/AbstractPipeline$$Lambda+0x000001ec480cc908
instanceKlass com/android/tools/r8/internal/w8
instanceKlass java/util/stream/SliceOps
# instanceKlass com/android/tools/r8/ir/optimize/z$$Lambda+0x000001ec482a8e48
# instanceKlass com/android/tools/r8/ir/optimize/z$$Lambda+0x000001ec482a8bb0
instanceKlass  @bci com/android/tools/r8/ir/optimize/z a ()V 416 <appendix> argL0 ; # com/android/tools/r8/ir/optimize/z$$Lambda+0x000001ec482a8918
# instanceKlass com/android/tools/r8/ir/optimize/z$$Lambda+0x000001ec482a86c8
instanceKlass  @bci com/android/tools/r8/ir/optimize/z a ()V 406 <appendix> argL0 ; # com/android/tools/r8/ir/optimize/z$$Lambda+0x000001ec482a8228
# instanceKlass com/android/tools/r8/ir/optimize/z$$Lambda+0x000001ec482a8478
instanceKlass com/android/tools/r8/ir/optimize/L
# instanceKlass com/android/tools/r8/internal/xo$$Lambda+0x000001ec482a7d68
# instanceKlass com/android/tools/r8/internal/xo$$Lambda+0x000001ec482a7b10
# instanceKlass com/android/tools/r8/internal/xo$$Lambda+0x000001ec482a78b8
# instanceKlass com/android/tools/r8/internal/xo$$Lambda+0x000001ec482a7660
# instanceKlass com/android/tools/r8/internal/xo$$Lambda+0x000001ec482a7408
# instanceKlass com/android/tools/r8/internal/xo$$Lambda+0x000001ec482a6f58
# instanceKlass com/android/tools/r8/internal/xo$$Lambda+0x000001ec482a71b0
instanceKlass  @bci com/android/tools/r8/internal/xo a (Lcom/android/tools/r8/internal/sB;Lcom/android/tools/r8/ir/optimize/z;)V 76 <appendix> member <vmtarget> ; # com/android/tools/r8/internal/xo$$Lambda+0x000001ec482a6d00
# instanceKlass com/android/tools/r8/internal/xo$$Lambda+0x000001ec482a6aa8
instanceKlass com/android/tools/r8/internal/C30
# instanceKlass com/android/tools/r8/internal/xo$$Lambda+0x000001ec482a6680
# instanceKlass com/android/tools/r8/internal/xo$$Lambda+0x000001ec482a6458
# instanceKlass com/android/tools/r8/internal/xo$$Lambda+0x000001ec482a6230
# instanceKlass com/android/tools/r8/internal/xo$$Lambda+0x000001ec482a6008
# instanceKlass com/android/tools/r8/internal/xo$$Lambda+0x000001ec482a5de0
# instanceKlass com/android/tools/r8/internal/xo$$Lambda+0x000001ec482a5bb8
# instanceKlass com/android/tools/r8/internal/xo$$Lambda+0x000001ec482a5990
# instanceKlass com/android/tools/r8/internal/xo$$Lambda+0x000001ec482a5768
instanceKlass  @bci com/android/tools/r8/internal/xo a (Lcom/android/tools/r8/internal/sB;Lcom/android/tools/r8/ir/optimize/z;)V 21 <appendix> member <vmtarget> ; # com/android/tools/r8/internal/xo$$Lambda+0x000001ec482a5540
instanceKlass com/android/tools/r8/internal/nt
instanceKlass com/android/tools/r8/internal/V5
instanceKlass com/android/tools/r8/internal/F2
# instanceKlass com/android/tools/r8/ir/optimize/z$$Lambda+0x000001ec482a4488
# instanceKlass com/android/tools/r8/ir/optimize/z$$Lambda+0x000001ec482a4048
instanceKlass  @bci com/android/tools/r8/ir/optimize/z a ()V 298 <appendix> argL0 ; # com/android/tools/r8/ir/optimize/z$$Lambda+0x000001ec482a4268
# instanceKlass com/android/tools/r8/internal/Un$$Lambda+0x000001ec482a3be0
# instanceKlass com/android/tools/r8/internal/Un$$Lambda+0x000001ec482a39c0
# instanceKlass com/android/tools/r8/internal/Un$$Lambda+0x000001ec482a37a0
# instanceKlass com/android/tools/r8/internal/Un$$Lambda+0x000001ec482a3580
# instanceKlass com/android/tools/r8/internal/Un$$Lambda+0x000001ec482a3360
# instanceKlass com/android/tools/r8/internal/Un$$Lambda+0x000001ec482a3140
# instanceKlass com/android/tools/r8/internal/Un$$Lambda+0x000001ec482a2f20
# instanceKlass com/android/tools/r8/internal/Un$$Lambda+0x000001ec482a2d00
instanceKlass  @bci com/android/tools/r8/internal/Un k ()Lcom/android/tools/r8/internal/Un; 4 <appendix> argL0 ; # com/android/tools/r8/internal/Un$$Lambda+0x000001ec482a2ae0
instanceKlass  @bci com/android/tools/r8/internal/Un <clinit> ()V 3 <appendix> argL0 ; # com/android/tools/r8/internal/Un$$Lambda+0x000001ec482a28c0
instanceKlass com/android/tools/r8/ir/optimize/y
instanceKlass com/android/tools/r8/internal/a1
instanceKlass  @bci com/android/tools/r8/internal/kx b (Lcom/android/tools/r8/graph/g4;)V 5 <appendix> argL0 ; # com/android/tools/r8/internal/kx$$Lambda+0x000001ec482a1890
instanceKlass  @bci com/android/tools/r8/internal/lx a (Lcom/android/tools/r8/internal/sB;Lcom/android/tools/r8/internal/a6;Lcom/android/tools/r8/internal/d00;Lcom/android/tools/r8/internal/zx0;Lcom/android/tools/r8/internal/kx;)Lcom/android/tools/r8/internal/zx0; 278 <appendix> argL0 ; # com/android/tools/r8/internal/lx$$Lambda+0x000001ec482a0d70
instanceKlass  @bci com/android/tools/r8/internal/kx a (Lcom/android/tools/r8/internal/zx0;)Lcom/android/tools/r8/internal/zx0; 83 <appendix> argL0 ; # com/android/tools/r8/internal/kx$$Lambda+0x000001ec482a0b20
instanceKlass  @bci com/android/tools/r8/internal/lx a (Lcom/android/tools/r8/internal/sB;Lcom/android/tools/r8/internal/a6;Lcom/android/tools/r8/internal/d00;Lcom/android/tools/r8/internal/zx0;Lcom/android/tools/r8/internal/kx;)Lcom/android/tools/r8/internal/zx0; 34 <appendix> argL0 ; # com/android/tools/r8/internal/lx$$Lambda+0x000001ec482a0000
instanceKlass  @bci com/android/tools/r8/internal/kx a (Lcom/android/tools/r8/graph/g4;)V 5 <appendix> argL0 ; # com/android/tools/r8/internal/kx$$Lambda+0x000001ec4829dd38
instanceKlass  @bci com/android/tools/r8/internal/kx <init> (Lcom/android/tools/r8/internal/QJ$o;Lcom/android/tools/r8/internal/f00;)V 117 <appendix> argL0 ; # com/android/tools/r8/internal/kx$$Lambda+0x000001ec4829dae8
instanceKlass com/android/tools/r8/internal/kx
instanceKlass com/android/tools/r8/ir/optimize/z
instanceKlass com/android/tools/r8/internal/lx
instanceKlass com/android/tools/r8/internal/qr0
instanceKlass com/android/tools/r8/internal/Fx0
instanceKlass com/android/tools/r8/internal/Z5
instanceKlass  @bci com/android/tools/r8/internal/L1 <clinit> ()V 8 <appendix> argL0 ; # com/android/tools/r8/internal/L1$$Lambda+0x000001ec4829e220
instanceKlass  @bci com/android/tools/r8/internal/L1 <clinit> ()V 0 <appendix> argL0 ; # com/android/tools/r8/internal/L1$$Lambda+0x000001ec4829e000
# instanceKlass com/android/tools/r8/internal/EE$$Lambda+0x000001ec4829bd08
instanceKlass  @bci com/android/tools/r8/internal/EE a (Lcom/android/tools/r8/graph/y;Lcom/android/tools/r8/internal/sB;)Lcom/android/tools/r8/ir/optimize/E; 4 <appendix> argL0 ; # com/android/tools/r8/internal/EE$$Lambda+0x000001ec4829bab8
instanceKlass  @cpi com/android/tools/r8/internal/L1 35 form vmentry <vmtarget> ; # java/lang/invoke/LambdaForm$DMH+0x000001ec4829c000
instanceKlass com/android/tools/r8/internal/Hx0
# instanceKlass com/android/tools/r8/internal/Ae$$Lambda+0x000001ec4829b680
# instanceKlass com/android/tools/r8/internal/Ae$$Lambda+0x000001ec4829b458
# instanceKlass com/android/tools/r8/internal/Ae$$Lambda+0x000001ec4829b230
# instanceKlass com/android/tools/r8/internal/Ae$$Lambda+0x000001ec4829b008
# instanceKlass com/android/tools/r8/internal/Ae$$Lambda+0x000001ec4829ade0
# instanceKlass com/android/tools/r8/internal/Ae$$Lambda+0x000001ec4829abb8
# instanceKlass com/android/tools/r8/internal/Ae$$Lambda+0x000001ec4829a990
# instanceKlass com/android/tools/r8/internal/Ae$$Lambda+0x000001ec4829a768
# instanceKlass com/android/tools/r8/internal/Ae$$Lambda+0x000001ec4829a540
# instanceKlass com/android/tools/r8/internal/Ae$$Lambda+0x000001ec4829a318
instanceKlass  @bci com/android/tools/r8/internal/Ae a (Lcom/android/tools/r8/internal/sB;Lcom/android/tools/r8/internal/at0;)Lcom/android/tools/r8/internal/De; 8 <appendix> member <vmtarget> ; # com/android/tools/r8/internal/Ae$$Lambda+0x000001ec4829a0f0
# instanceKlass com/android/tools/r8/internal/Ae$$Lambda+0x000001ec48299ec8
instanceKlass com/android/tools/r8/ir/optimize/u
instanceKlass com/android/tools/r8/internal/d60
instanceKlass com/android/tools/r8/internal/G7
instanceKlass com/android/tools/r8/internal/Lt
# instanceKlass com/android/tools/r8/internal/lo0$$Lambda+0x000001ec48299418
instanceKlass  @bci com/android/tools/r8/internal/lo0 a (Ljava/util/List;Lcom/android/tools/r8/ir/optimize/a;Lcom/android/tools/r8/internal/V6;Ljava/util/Map$Entry;)V 42 <appendix> argL0 ; # com/android/tools/r8/internal/lo0$$Lambda+0x000001ec482991c8
# instanceKlass java/util/stream/SortedOps$RefSortingSink$$Lambda+0x000001ec480cbd08
# instanceKlass java/util/stream/SortedOps$RefSortingSink$$Lambda+0x000001ec480cbad0
# instanceKlass java/util/stream/SortedOps$RefSortingSink$$Lambda+0x000001ec480cb898
# instanceKlass java/util/stream/SortedOps$RefSortingSink$$Lambda+0x000001ec480cb660
# instanceKlass java/util/stream/SortedOps$RefSortingSink$$Lambda+0x000001ec480cb428
# instanceKlass java/util/stream/SortedOps$RefSortingSink$$Lambda+0x000001ec480cb1f0
# instanceKlass java/util/stream/SortedOps$RefSortingSink$$Lambda+0x000001ec480cafb8
# instanceKlass java/util/stream/SortedOps$RefSortingSink$$Lambda+0x000001ec480cad80
# instanceKlass java/util/stream/SortedOps$RefSortingSink$$Lambda+0x000001ec480cab48
instanceKlass  @bci java/util/stream/SortedOps$RefSortingSink end ()V 48 <appendix> member <vmtarget> ; # java/util/stream/SortedOps$RefSortingSink$$Lambda+0x000001ec480ca910
instanceKlass java/util/AbstractMap$SimpleImmutableEntry
instanceKlass  @bci com/android/tools/r8/internal/G1 a (I)Lcom/android/tools/r8/internal/sR; 8 <appendix> argL0 ; # com/android/tools/r8/internal/G1$$Lambda+0x000001ec48298f88
instanceKlass java/util/stream/ForEachOps$ForEachOp
instanceKlass java/util/stream/ForEachOps
# instanceKlass com/android/tools/r8/internal/lo0$$Lambda+0x000001ec48298d50
# instanceKlass com/android/tools/r8/internal/lo0$$Lambda+0x000001ec48298b18
# instanceKlass com/android/tools/r8/internal/lo0$$Lambda+0x000001ec482988e0
# instanceKlass com/android/tools/r8/internal/lo0$$Lambda+0x000001ec482986a8
# instanceKlass com/android/tools/r8/internal/lo0$$Lambda+0x000001ec48298470
# instanceKlass com/android/tools/r8/internal/lo0$$Lambda+0x000001ec48298000
# instanceKlass com/android/tools/r8/internal/lo0$$Lambda+0x000001ec48298238
# instanceKlass com/android/tools/r8/internal/lo0$$Lambda+0x000001ec48294c70
# instanceKlass com/android/tools/r8/internal/lo0$$Lambda+0x000001ec48294a38
# instanceKlass com/android/tools/r8/internal/lo0$$Lambda+0x000001ec48294800
instanceKlass  @bci com/android/tools/r8/internal/lo0 a ()Z 66 <appendix> member <vmtarget> ; # com/android/tools/r8/internal/lo0$$Lambda+0x000001ec48295db0
instanceKlass java/util/stream/SortedOps
# instanceKlass java/util/Comparator$$Lambda+0x000001ec480c94f8
# instanceKlass java/util/Comparator$$Lambda+0x000001ec480c9258
# instanceKlass java/util/Comparator$$Lambda+0x000001ec480c8fb8
instanceKlass  @bci com/android/tools/r8/internal/G1 a (J)Lcom/android/tools/r8/internal/Cn0; 8 <appendix> argL0 ; # com/android/tools/r8/internal/G1$$Lambda+0x000001ec48295950
# instanceKlass java/util/Comparator$$Lambda+0x000001ec480c8d18
# instanceKlass java/util/Comparator$$Lambda+0x000001ec480c8a78
# instanceKlass java/util/Comparator$$Lambda+0x000001ec480c8538
# instanceKlass java/util/Comparator$$Lambda+0x000001ec480c8298
# instanceKlass java/util/Comparator$$Lambda+0x000001ec480c87d8
instanceKlass  @bci java/util/Comparator comparingInt (Ljava/util/function/ToIntFunction;)Ljava/util/Comparator; 6 <appendix> member <vmtarget> ; # java/util/Comparator$$Lambda+0x000001ec480c7ff8
# instanceKlass java/util/Comparator$$Lambda+0x000001ec480c7d58
instanceKlass  @bci com/android/tools/r8/internal/G1 c (Lcom/android/tools/r8/graph/M2;)Lcom/android/tools/r8/internal/un0; 5 <appendix> argL0 ; # com/android/tools/r8/internal/G1$$Lambda+0x000001ec48295710
# instanceKlass com/android/tools/r8/internal/lo0$$Lambda+0x000001ec48295000
# instanceKlass com/android/tools/r8/internal/lo0$$Lambda+0x000001ec48297d68
# instanceKlass com/android/tools/r8/internal/lo0$$Lambda+0x000001ec48297b48
# instanceKlass com/android/tools/r8/internal/lo0$$Lambda+0x000001ec48297928
# instanceKlass com/android/tools/r8/internal/lo0$$Lambda+0x000001ec48297708
# instanceKlass com/android/tools/r8/internal/lo0$$Lambda+0x000001ec482974e8
# instanceKlass com/android/tools/r8/internal/lo0$$Lambda+0x000001ec482972c8
# instanceKlass com/android/tools/r8/internal/lo0$$Lambda+0x000001ec482970a8
instanceKlass  @bci com/android/tools/r8/internal/lo0 a ()Z 49 <appendix> argL0 ; # com/android/tools/r8/internal/lo0$$Lambda+0x000001ec48293de0
instanceKlass  @cpi com/android/tools/r8/internal/G1 152 form vmentry <vmtarget> ; # java/lang/invoke/LambdaForm$DMH+0x000001ec48294400
# instanceKlass com/android/tools/r8/internal/lo0$$Lambda+0x000001ec48296960
# instanceKlass com/android/tools/r8/internal/lo0$$Lambda+0x000001ec48296708
# instanceKlass com/android/tools/r8/internal/lo0$$Lambda+0x000001ec482964b0
# instanceKlass com/android/tools/r8/internal/lo0$$Lambda+0x000001ec48296258
# instanceKlass com/android/tools/r8/internal/lo0$$Lambda+0x000001ec48296000
# instanceKlass com/android/tools/r8/internal/lo0$$Lambda+0x000001ec48293930
# instanceKlass com/android/tools/r8/internal/lo0$$Lambda+0x000001ec48293480
# instanceKlass com/android/tools/r8/internal/lo0$$Lambda+0x000001ec482936d8
instanceKlass  @bci com/android/tools/r8/internal/lo0 a ()Z 39 <appendix> member <vmtarget> ; # com/android/tools/r8/internal/lo0$$Lambda+0x000001ec48293b88
instanceKlass com/android/tools/r8/graph/P2
instanceKlass java/util/IdentityHashMap$IdentityHashMapSpliterator
instanceKlass  @bci com/android/tools/r8/internal/G1 a (Lcom/android/tools/r8/graph/L2;)Lcom/android/tools/r8/internal/In0; 5 <appendix> argL0 ; # com/android/tools/r8/internal/G1$$Lambda+0x000001ec48292e10
instanceKlass com/android/tools/r8/internal/Px0
instanceKlass com/android/tools/r8/internal/ht
instanceKlass java/util/BitSet
instanceKlass  @bci com/android/tools/r8/internal/kt <clinit> ()V 0 <appendix> argL0 ; # com/android/tools/r8/internal/kt$$Lambda+0x000001ec482927b8
instanceKlass  @cpi com/android/tools/r8/internal/kt 22 form vmentry <vmtarget> ; # java/lang/invoke/LambdaForm$DMH+0x000001ec48294000
instanceKlass com/android/tools/r8/internal/lo0
instanceKlass com/android/tools/r8/internal/kt
instanceKlass com/android/tools/r8/internal/L1
instanceKlass com/android/tools/r8/internal/Qx0
# instanceKlass com/android/tools/r8/internal/iv0$$Lambda+0x000001ec48290f88
# instanceKlass com/android/tools/r8/internal/iv0$$Lambda+0x000001ec48290d50
# instanceKlass com/android/tools/r8/internal/iv0$$Lambda+0x000001ec48290b18
# instanceKlass com/android/tools/r8/internal/iv0$$Lambda+0x000001ec482908e0
# instanceKlass com/android/tools/r8/internal/iv0$$Lambda+0x000001ec48290470
# instanceKlass com/android/tools/r8/internal/iv0$$Lambda+0x000001ec482906a8
# instanceKlass com/android/tools/r8/internal/iv0$$Lambda+0x000001ec48290238
# instanceKlass com/android/tools/r8/internal/iv0$$Lambda+0x000001ec48290000
# instanceKlass com/android/tools/r8/internal/iv0$$Lambda+0x000001ec4828fda8
# instanceKlass com/android/tools/r8/internal/iv0$$Lambda+0x000001ec4828f928
instanceKlass  @bci com/android/tools/r8/internal/sB r ()Ljava/lang/Iterable; 1 <appendix> member <vmtarget> ; # com/android/tools/r8/internal/sB$$Lambda+0x000001ec4828fb60
instanceKlass  @bci com/android/tools/r8/internal/iv0 a (Ljava/lang/Iterable;I)V 35 <appendix> member <vmtarget> ; # com/android/tools/r8/internal/iv0$$Lambda+0x000001ec4828f6f0
# instanceKlass com/android/tools/r8/graph/u0$$Lambda+0x000001ec4828f498
# instanceKlass com/android/tools/r8/graph/u0$$Lambda+0x000001ec4828f240
# instanceKlass com/android/tools/r8/graph/u0$$Lambda+0x000001ec4828efe8
# instanceKlass com/android/tools/r8/graph/u0$$Lambda+0x000001ec4828ed90
# instanceKlass com/android/tools/r8/graph/u0$$Lambda+0x000001ec4828eb38
# instanceKlass com/android/tools/r8/graph/u0$$Lambda+0x000001ec4828e8e0
# instanceKlass com/android/tools/r8/graph/u0$$Lambda+0x000001ec4828e688
# instanceKlass com/android/tools/r8/graph/u0$$Lambda+0x000001ec4828e430
# instanceKlass com/android/tools/r8/graph/u0$$Lambda+0x000001ec4828e1d8
# instanceKlass com/android/tools/r8/graph/u0$$Lambda+0x000001ec4828df80
# instanceKlass com/android/tools/r8/graph/u0$$Lambda+0x000001ec4828dd28
instanceKlass  @bci com/android/tools/r8/graph/u0 a (Lcom/android/tools/r8/graph/M2;)Lcom/android/tools/r8/graph/r0; 2 <appendix> member <vmtarget> ; # com/android/tools/r8/graph/u0$$Lambda+0x000001ec4828dad0
instanceKlass com/android/tools/r8/ir/optimize/b
# instanceKlass com/android/tools/r8/internal/xB$$Lambda+0x000001ec4828d688
# instanceKlass com/android/tools/r8/internal/xB$$Lambda+0x000001ec4828d450
# instanceKlass com/android/tools/r8/internal/xB$$Lambda+0x000001ec4828d218
# instanceKlass com/android/tools/r8/internal/xB$$Lambda+0x000001ec4828cfe0
# instanceKlass com/android/tools/r8/internal/xB$$Lambda+0x000001ec4828cda8
# instanceKlass com/android/tools/r8/internal/xB$$Lambda+0x000001ec4828cb70
# instanceKlass com/android/tools/r8/internal/xB$$Lambda+0x000001ec4828c938
# instanceKlass com/android/tools/r8/internal/xB$$Lambda+0x000001ec4828c700
# instanceKlass com/android/tools/r8/internal/xB$$Lambda+0x000001ec4828c4c8
# instanceKlass com/android/tools/r8/internal/xB$$Lambda+0x000001ec4828c290
instanceKlass  @bci com/android/tools/r8/internal/xB a (Lcom/android/tools/r8/internal/sB;Lcom/android/tools/r8/internal/Z40;Lcom/android/tools/r8/internal/sX$a;Lcom/android/tools/r8/internal/RX;Lcom/android/tools/r8/internal/Lf;Lcom/android/tools/r8/internal/at0;)Lcom/android/tools/r8/internal/at0; 1944 <appendix> member <vmtarget> ; # com/android/tools/r8/internal/xB$$Lambda+0x000001ec4828c058
# instanceKlass com/android/tools/r8/internal/xB$$Lambda+0x000001ec4828be20
instanceKlass com/android/tools/r8/internal/pz
# instanceKlass com/android/tools/r8/internal/xB$$Lambda+0x000001ec4828b9d8
# instanceKlass com/android/tools/r8/internal/xB$$Lambda+0x000001ec4828b7a0
# instanceKlass com/android/tools/r8/internal/xB$$Lambda+0x000001ec4828b568
# instanceKlass com/android/tools/r8/internal/xB$$Lambda+0x000001ec4828b330
# instanceKlass com/android/tools/r8/internal/xB$$Lambda+0x000001ec4828b0f8
# instanceKlass com/android/tools/r8/internal/xB$$Lambda+0x000001ec4828aec0
# instanceKlass com/android/tools/r8/internal/xB$$Lambda+0x000001ec4828ac88
# instanceKlass com/android/tools/r8/internal/xB$$Lambda+0x000001ec4828aa50
# instanceKlass com/android/tools/r8/internal/xB$$Lambda+0x000001ec4828a818
# instanceKlass com/android/tools/r8/internal/xB$$Lambda+0x000001ec4828a5e0
# instanceKlass com/android/tools/r8/internal/xB$$Lambda+0x000001ec4828a3a8
instanceKlass  @bci com/android/tools/r8/internal/xB a (Lcom/android/tools/r8/internal/sB;Lcom/android/tools/r8/internal/Z40;Lcom/android/tools/r8/internal/sX$a;Lcom/android/tools/r8/internal/RX;Lcom/android/tools/r8/internal/Lf;Lcom/android/tools/r8/internal/at0;)Lcom/android/tools/r8/internal/at0; 1884 <appendix> member <vmtarget> ; # com/android/tools/r8/internal/xB$$Lambda+0x000001ec4828a170
instanceKlass com/android/tools/r8/internal/bz
instanceKlass com/android/tools/r8/internal/uB
instanceKlass com/android/tools/r8/internal/tB
# instanceKlass com/android/tools/r8/internal/sB$$Lambda+0x000001ec48289488
# instanceKlass com/android/tools/r8/internal/sB$$Lambda+0x000001ec48289240
# instanceKlass com/android/tools/r8/internal/sB$$Lambda+0x000001ec48288ff8
# instanceKlass com/android/tools/r8/internal/sB$$Lambda+0x000001ec48288db0
# instanceKlass com/android/tools/r8/internal/sB$$Lambda+0x000001ec48288b68
# instanceKlass com/android/tools/r8/internal/sB$$Lambda+0x000001ec48288920
# instanceKlass com/android/tools/r8/internal/sB$$Lambda+0x000001ec482886d8
# instanceKlass com/android/tools/r8/internal/sB$$Lambda+0x000001ec48288490
# instanceKlass com/android/tools/r8/internal/sB$$Lambda+0x000001ec48288248
# instanceKlass com/android/tools/r8/internal/sB$$Lambda+0x000001ec48288000
# instanceKlass com/android/tools/r8/internal/sB$$Lambda+0x000001ec48287d78
instanceKlass  @bci com/android/tools/r8/internal/sB b (Ljava/util/function/Predicate;)Ljava/lang/Iterable; 2 <appendix> member <vmtarget> ; # com/android/tools/r8/internal/sB$$Lambda+0x000001ec48287b30
# instanceKlass com/android/tools/r8/internal/ju0$$Lambda+0x000001ec482878e0
# instanceKlass com/android/tools/r8/internal/ju0$$Lambda+0x000001ec48287690
# instanceKlass com/android/tools/r8/internal/ju0$$Lambda+0x000001ec48287440
# instanceKlass com/android/tools/r8/internal/ju0$$Lambda+0x000001ec482871f0
# instanceKlass com/android/tools/r8/internal/ju0$$Lambda+0x000001ec48286fa0
# instanceKlass com/android/tools/r8/internal/ju0$$Lambda+0x000001ec48286d50
# instanceKlass com/android/tools/r8/internal/ju0$$Lambda+0x000001ec48286b00
# instanceKlass com/android/tools/r8/internal/ju0$$Lambda+0x000001ec482861c0
# instanceKlass com/android/tools/r8/internal/ju0$$Lambda+0x000001ec482868b0
# instanceKlass com/android/tools/r8/internal/ju0$$Lambda+0x000001ec48286660
# instanceKlass com/android/tools/r8/internal/ju0$$Lambda+0x000001ec48286410
instanceKlass  @bci com/android/tools/r8/internal/ju0 a (Lcom/android/tools/r8/graph/y;Lcom/android/tools/r8/internal/sB;)V 8 <appendix> argL0 ; # com/android/tools/r8/internal/ju0$$Lambda+0x000001ec48285f70
instanceKlass com/android/tools/r8/internal/ju0
instanceKlass  @bci com/android/tools/r8/internal/De <clinit> ()V 22 <appendix> argL0 ; # com/android/tools/r8/internal/De$$Lambda+0x000001ec48285b48
instanceKlass com/android/tools/r8/internal/Ce
# instanceKlass com/android/tools/r8/internal/Ae$$Lambda+0x000001ec482854d8
# instanceKlass com/android/tools/r8/internal/Ae$$Lambda+0x000001ec48285700
# instanceKlass com/android/tools/r8/internal/Ae$$Lambda+0x000001ec482852b0
# instanceKlass com/android/tools/r8/internal/Ae$$Lambda+0x000001ec48285088
# instanceKlass com/android/tools/r8/internal/Ae$$Lambda+0x000001ec48284e60
# instanceKlass com/android/tools/r8/internal/Ae$$Lambda+0x000001ec48284a10
# instanceKlass com/android/tools/r8/internal/Ae$$Lambda+0x000001ec48284c38
# instanceKlass com/android/tools/r8/internal/Ae$$Lambda+0x000001ec482847e8
# instanceKlass com/android/tools/r8/internal/Ae$$Lambda+0x000001ec482845c0
# instanceKlass com/android/tools/r8/internal/Ae$$Lambda+0x000001ec48284398
instanceKlass  @bci com/android/tools/r8/internal/Ae a (Lcom/android/tools/r8/internal/sB;Lcom/android/tools/r8/internal/RX;Lcom/android/tools/r8/internal/Lf;Lcom/android/tools/r8/internal/at0;)Lcom/android/tools/r8/internal/De; 11 <appendix> member <vmtarget> ; # com/android/tools/r8/internal/Ae$$Lambda+0x000001ec48284170
# instanceKlass com/android/tools/r8/internal/Ae$$Lambda+0x000001ec48283f48
instanceKlass com/android/tools/r8/internal/Wd0
# instanceKlass com/android/tools/r8/internal/iv0$$Lambda+0x000001ec48282a90
# instanceKlass com/android/tools/r8/internal/iv0$$Lambda+0x000001ec48282840
# instanceKlass com/android/tools/r8/internal/iv0$$Lambda+0x000001ec482825f0
# instanceKlass com/android/tools/r8/internal/iv0$$Lambda+0x000001ec482823a0
# instanceKlass com/android/tools/r8/internal/iv0$$Lambda+0x000001ec48282150
# instanceKlass com/android/tools/r8/internal/iv0$$Lambda+0x000001ec48281f00
instanceKlass  @bci com/android/tools/r8/internal/iv0 a (Lcom/android/tools/r8/internal/zx0;Lcom/android/tools/r8/internal/mv0;)V 28 <appendix> argL0 ; # com/android/tools/r8/internal/iv0$$Lambda+0x000001ec48281cb0
# instanceKlass com/android/tools/r8/internal/iv0$$Lambda+0x000001ec48281a78
# instanceKlass com/android/tools/r8/internal/iv0$$Lambda+0x000001ec48281840
# instanceKlass com/android/tools/r8/internal/iv0$$Lambda+0x000001ec48281608
# instanceKlass com/android/tools/r8/internal/iv0$$Lambda+0x000001ec482813d0
# instanceKlass com/android/tools/r8/internal/iv0$$Lambda+0x000001ec48281198
# instanceKlass com/android/tools/r8/internal/iv0$$Lambda+0x000001ec48280f60
# instanceKlass com/android/tools/r8/internal/iv0$$Lambda+0x000001ec48280d28
# instanceKlass com/android/tools/r8/internal/iv0$$Lambda+0x000001ec482808b8
# instanceKlass com/android/tools/r8/internal/iv0$$Lambda+0x000001ec48280af0
# instanceKlass com/android/tools/r8/internal/iv0$$Lambda+0x000001ec48280680
# instanceKlass com/android/tools/r8/internal/iv0$$Lambda+0x000001ec48280448
instanceKlass  @bci com/android/tools/r8/internal/iv0 b ()V 77 <appendix> member <vmtarget> ; # com/android/tools/r8/internal/iv0$$Lambda+0x000001ec48280210
instanceKlass com/android/tools/r8/internal/qB
instanceKlass com/android/tools/r8/ir/optimize/r
instanceKlass com/android/tools/r8/internal/bz0
instanceKlass com/android/tools/r8/internal/iv0
instanceKlass com/android/tools/r8/internal/b6
instanceKlass com/android/tools/r8/internal/ck
instanceKlass com/android/tools/r8/ir/optimize/a
instanceKlass com/android/tools/r8/internal/sB
instanceKlass com/android/tools/r8/internal/wB
instanceKlass com/android/tools/r8/internal/ni
instanceKlass com/android/tools/r8/internal/QE
instanceKlass com/android/tools/r8/internal/c1
instanceKlass com/android/tools/r8/internal/a6
instanceKlass java/util/LinkedList$ListItr
instanceKlass com/android/tools/r8/internal/t40
instanceKlass com/android/tools/r8/internal/Df0
instanceKlass  @bci com/android/tools/r8/internal/Z3 a (Lcom/android/tools/r8/internal/mv0;Lcom/android/tools/r8/internal/e20;)Lcom/android/tools/r8/internal/Z3; 3 <appendix> member <vmtarget> ; # com/android/tools/r8/internal/Z3$$Lambda+0x000001ec48276468
instanceKlass com/android/tools/r8/internal/D40
# instanceKlass com/android/tools/r8/internal/kb$$Lambda+0x000001ec48276028
# instanceKlass com/android/tools/r8/internal/kb$$Lambda+0x000001ec48275df0
# instanceKlass com/android/tools/r8/internal/kb$$Lambda+0x000001ec48275bb8
# instanceKlass com/android/tools/r8/internal/kb$$Lambda+0x000001ec48275980
# instanceKlass com/android/tools/r8/internal/kb$$Lambda+0x000001ec48275748
# instanceKlass com/android/tools/r8/internal/kb$$Lambda+0x000001ec48275510
# instanceKlass com/android/tools/r8/internal/kb$$Lambda+0x000001ec482752d8
# instanceKlass com/android/tools/r8/internal/kb$$Lambda+0x000001ec482750a0
# instanceKlass com/android/tools/r8/internal/kb$$Lambda+0x000001ec48274c30
instanceKlass  @bci com/android/tools/r8/internal/kb a (Lcom/android/tools/r8/internal/nB;IZ)V 930 <appendix> member <vmtarget> ; # com/android/tools/r8/internal/kb$$Lambda+0x000001ec48274e68
# instanceKlass java/lang/invoke/LambdaForm$DMH+0x000001ec48278c00
# instanceKlass java/lang/invoke/LambdaForm$DMH+0x000001ec48278800
# instanceKlass java/lang/invoke/LambdaForm$DMH+0x000001ec48278400
instanceKlass  @cpi com/android/tools/r8/internal/kb 806 form vmentry <vmtarget> ; # java/lang/invoke/LambdaForm$DMH+0x000001ec48278000
instanceKlass com/android/tools/r8/internal/kq
instanceKlass com/android/tools/r8/internal/wn0
instanceKlass  @bci com/android/tools/r8/internal/le c (Lcom/android/tools/r8/internal/e20;)Lcom/android/tools/r8/internal/le; 19 <appendix> member <vmtarget> ; # com/android/tools/r8/internal/le$$Lambda+0x000001ec4826c680
instanceKlass java/util/Collections$1
instanceKlass com/android/tools/r8/internal/og
instanceKlass com/android/tools/r8/internal/Qp
instanceKlass com/android/tools/r8/internal/Hy0
instanceKlass com/android/tools/r8/graph/m3
instanceKlass com/android/tools/r8/internal/J40
instanceKlass com/android/tools/r8/internal/Nx0
instanceKlass com/android/tools/r8/graph/proto/b
instanceKlass com/android/tools/r8/internal/Mn
instanceKlass com/android/tools/r8/internal/Up
instanceKlass com/android/tools/r8/internal/xx0
instanceKlass com/android/tools/r8/internal/F40
instanceKlass com/android/tools/r8/internal/Dd0
instanceKlass com/android/tools/r8/internal/JI
instanceKlass com/android/tools/r8/ir/optimize/E
# instanceKlass com/android/tools/r8/internal/le$$Lambda+0x000001ec48259a68
# instanceKlass com/android/tools/r8/internal/le$$Lambda+0x000001ec48259820
# instanceKlass com/android/tools/r8/internal/le$$Lambda+0x000001ec482595d8
# instanceKlass com/android/tools/r8/internal/le$$Lambda+0x000001ec48259390
instanceKlass  @bci com/android/tools/r8/internal/le a (Lcom/android/tools/r8/graph/M2;Lcom/android/tools/r8/internal/e20;)Lcom/android/tools/r8/internal/le; 3 <appendix> member <vmtarget> ; # com/android/tools/r8/internal/le$$Lambda+0x000001ec48259148
# instanceKlass com/android/tools/r8/internal/q70$b$$Lambda+0x000001ec48258cc8
# instanceKlass com/android/tools/r8/internal/q70$b$$Lambda+0x000001ec48258f08
instanceKlass  @bci com/android/tools/r8/internal/q70$b c (Lcom/android/tools/r8/internal/Jr0;)V 20 <appendix> argL0 ; # com/android/tools/r8/internal/q70$b$$Lambda+0x000001ec48258a88
# instanceKlass com/android/tools/r8/internal/q70$b$$Lambda+0x000001ec48258650
# instanceKlass com/android/tools/r8/internal/q70$b$$Lambda+0x000001ec48258430
instanceKlass  @bci com/android/tools/r8/internal/q70$b c (Lcom/android/tools/r8/internal/Jr0;)V 1 <appendix> argL0 ; # com/android/tools/r8/internal/q70$b$$Lambda+0x000001ec48258210
instanceKlass com/android/tools/r8/internal/mB
# instanceKlass com/android/tools/r8/internal/q70$b$$Lambda+0x000001ec48257d90
instanceKlass com/android/tools/r8/internal/f20
instanceKlass  @bci com/android/tools/r8/internal/q70$b m ()Lcom/android/tools/r8/internal/Hr0; 0 <appendix> argL0 ; # com/android/tools/r8/internal/q70$b$$Lambda+0x000001ec48257960
# instanceKlass com/android/tools/r8/internal/q70$b$$Lambda+0x000001ec48257740
instanceKlass com/android/tools/r8/internal/eG
# instanceKlass com/android/tools/r8/graph/u1$$Lambda+0x000001ec48256ef8
instanceKlass  @bci com/android/tools/r8/graph/u1 a (Lcom/android/tools/r8/graph/M2;Lcom/android/tools/r8/internal/e20;Lcom/android/tools/r8/graph/y;)Lcom/android/tools/r8/internal/Se0; 173 <appendix> member <vmtarget> ; # com/android/tools/r8/graph/u1$$Lambda+0x000001ec48256cb0
# instanceKlass com/android/tools/r8/internal/kb$$Lambda+0x000001ec482561f8
# instanceKlass com/android/tools/r8/internal/kb$$Lambda+0x000001ec48255fc0
# instanceKlass com/android/tools/r8/internal/kb$$Lambda+0x000001ec48255d88
# instanceKlass com/android/tools/r8/internal/kb$$Lambda+0x000001ec48255b50
# instanceKlass com/android/tools/r8/internal/kb$$Lambda+0x000001ec48255918
# instanceKlass com/android/tools/r8/internal/kb$$Lambda+0x000001ec482556e0
# instanceKlass com/android/tools/r8/internal/kb$$Lambda+0x000001ec482554a8
# instanceKlass com/android/tools/r8/internal/kb$$Lambda+0x000001ec48255270
# instanceKlass com/android/tools/r8/internal/kb$$Lambda+0x000001ec48255038
# instanceKlass com/android/tools/r8/internal/kb$$Lambda+0x000001ec48254e00
# instanceKlass com/android/tools/r8/internal/kb$$Lambda+0x000001ec48254bc8
instanceKlass  @bci com/android/tools/r8/internal/kb b (Lcom/android/tools/r8/internal/nB;)V 168 <appendix> member <vmtarget> ; # com/android/tools/r8/internal/kb$$Lambda+0x000001ec48254990
instanceKlass com/android/tools/r8/internal/rb
instanceKlass com/android/tools/r8/internal/LH
instanceKlass com/android/tools/r8/internal/ib
instanceKlass com/android/tools/r8/internal/jb
instanceKlass com/android/tools/r8/internal/Me0
instanceKlass java/util/LinkedList$Node
instanceKlass com/android/tools/r8/internal/TH
instanceKlass com/android/tools/r8/internal/PE
instanceKlass com/android/tools/r8/internal/O8
instanceKlass com/android/tools/r8/internal/Y5
instanceKlass com/android/tools/r8/internal/iB
instanceKlass com/android/tools/r8/internal/zB
instanceKlass com/android/tools/r8/internal/o20
instanceKlass com/android/tools/r8/internal/S
instanceKlass com/android/tools/r8/internal/OG
instanceKlass com/android/tools/r8/internal/nB
# instanceKlass com/android/tools/r8/internal/q70$$Lambda+0x000001ec482484a0
# instanceKlass com/android/tools/r8/internal/q70$$Lambda+0x000001ec482477d8
# instanceKlass com/android/tools/r8/internal/q70$$Lambda+0x000001ec48248250
# instanceKlass com/android/tools/r8/internal/q70$$Lambda+0x000001ec48248000
# instanceKlass com/android/tools/r8/internal/q70$$Lambda+0x000001ec482470e8
# instanceKlass com/android/tools/r8/internal/q70$$Lambda+0x000001ec48247c78
# instanceKlass com/android/tools/r8/internal/q70$$Lambda+0x000001ec48247a28
# instanceKlass com/android/tools/r8/internal/q70$$Lambda+0x000001ec48247588
# instanceKlass com/android/tools/r8/internal/q70$$Lambda+0x000001ec48246e98
# instanceKlass com/android/tools/r8/internal/q70$$Lambda+0x000001ec48247338
# instanceKlass com/android/tools/r8/internal/q70$$Lambda+0x000001ec482469f8
instanceKlass  @bci com/android/tools/r8/internal/q70 a (Lcom/android/tools/r8/internal/Jr0;)V 41 <appendix> argL0 ; # com/android/tools/r8/internal/q70$$Lambda+0x000001ec48246c48
# instanceKlass com/android/tools/r8/internal/q70$$Lambda+0x000001ec482467a8
# instanceKlass com/android/tools/r8/internal/q70$$Lambda+0x000001ec48246558
# instanceKlass com/android/tools/r8/internal/q70$$Lambda+0x000001ec48246308
# instanceKlass com/android/tools/r8/internal/q70$$Lambda+0x000001ec48245e68
instanceKlass  @bci com/android/tools/r8/internal/q70 a (Lcom/android/tools/r8/internal/Jr0;)V 33 <appendix> argL0 ; # com/android/tools/r8/internal/q70$$Lambda+0x000001ec482460b8
# instanceKlass com/android/tools/r8/internal/q70$$Lambda+0x000001ec482459e8
# instanceKlass com/android/tools/r8/internal/q70$$Lambda+0x000001ec48245c28
# instanceKlass com/android/tools/r8/internal/q70$$Lambda+0x000001ec482457a8
# instanceKlass com/android/tools/r8/internal/q70$$Lambda+0x000001ec48245568
# instanceKlass com/android/tools/r8/internal/q70$$Lambda+0x000001ec48245328
# instanceKlass com/android/tools/r8/internal/q70$$Lambda+0x000001ec482450e8
# instanceKlass com/android/tools/r8/internal/q70$$Lambda+0x000001ec48244ea8
instanceKlass  @bci com/android/tools/r8/internal/q70 a (Lcom/android/tools/r8/internal/Jr0;)V 25 <appendix> argL0 ; # com/android/tools/r8/internal/q70$$Lambda+0x000001ec48244c68
# instanceKlass com/android/tools/r8/internal/q70$$Lambda+0x000001ec48244a28
# instanceKlass com/android/tools/r8/internal/q70$$Lambda+0x000001ec482447e8
# instanceKlass com/android/tools/r8/internal/q70$$Lambda+0x000001ec482445a8
# instanceKlass com/android/tools/r8/internal/q70$$Lambda+0x000001ec48244368
# instanceKlass com/android/tools/r8/internal/Jr0$$Lambda+0x000001ec48244148
# instanceKlass com/android/tools/r8/internal/Jr0$$Lambda+0x000001ec48243f28
# instanceKlass com/android/tools/r8/internal/Jr0$$Lambda+0x000001ec48243d08
# instanceKlass com/android/tools/r8/internal/Jr0$$Lambda+0x000001ec48243ae8
# instanceKlass com/android/tools/r8/internal/Jr0$$Lambda+0x000001ec48243488
# instanceKlass com/android/tools/r8/internal/Jr0$$Lambda+0x000001ec482438c8
# instanceKlass com/android/tools/r8/internal/Jr0$$Lambda+0x000001ec48243268
# instanceKlass com/android/tools/r8/internal/Jr0$$Lambda+0x000001ec482436a8
# instanceKlass com/android/tools/r8/internal/Jr0$$Lambda+0x000001ec48243048
# instanceKlass com/android/tools/r8/internal/Jr0$$Lambda+0x000001ec48242e28
# instanceKlass com/android/tools/r8/internal/Jr0$$Lambda+0x000001ec48242c08
instanceKlass  @bci com/android/tools/r8/internal/Jr0 a (Ljava/util/function/Function;Ljava/util/function/Predicate;)Lcom/android/tools/r8/internal/Jr0; 7 <appendix> argL0 ; # com/android/tools/r8/internal/Jr0$$Lambda+0x000001ec482429e8
# instanceKlass com/android/tools/r8/internal/Jr0$$Lambda+0x000001ec482427c8
# instanceKlass com/android/tools/r8/internal/Jr0$$Lambda+0x000001ec482425a8
# instanceKlass com/android/tools/r8/internal/Jr0$$Lambda+0x000001ec48242388
# instanceKlass com/android/tools/r8/internal/Jr0$$Lambda+0x000001ec48242168
# instanceKlass com/android/tools/r8/internal/Jr0$$Lambda+0x000001ec48241f48
# instanceKlass com/android/tools/r8/internal/Jr0$$Lambda+0x000001ec48241d28
# instanceKlass com/android/tools/r8/internal/Jr0$$Lambda+0x000001ec48241b08
# instanceKlass com/android/tools/r8/internal/Jr0$$Lambda+0x000001ec482418e8
# instanceKlass com/android/tools/r8/internal/Jr0$$Lambda+0x000001ec482416c8
instanceKlass  @bci com/android/tools/r8/internal/Jr0 a (Ljava/util/function/Function;Ljava/util/function/Predicate;)Lcom/android/tools/r8/internal/Jr0; 2 <appendix> argL0 ; # com/android/tools/r8/internal/Jr0$$Lambda+0x000001ec482414a8
# instanceKlass com/android/tools/r8/internal/Jr0$$Lambda+0x000001ec48241288
# instanceKlass com/android/tools/r8/internal/Jr0$$Lambda+0x000001ec48241068
# instanceKlass com/android/tools/r8/internal/Jr0$$Lambda+0x000001ec48240e10
# instanceKlass com/android/tools/r8/internal/Jr0$$Lambda+0x000001ec48240bb8
# instanceKlass com/android/tools/r8/internal/Jr0$$Lambda+0x000001ec48240960
# instanceKlass com/android/tools/r8/internal/Jr0$$Lambda+0x000001ec48240708
# instanceKlass com/android/tools/r8/internal/Jr0$$Lambda+0x000001ec48240000
# instanceKlass com/android/tools/r8/internal/Jr0$$Lambda+0x000001ec482404b0
# instanceKlass com/android/tools/r8/internal/Jr0$$Lambda+0x000001ec48240258
# instanceKlass com/android/tools/r8/internal/Jr0$$Lambda+0x000001ec4823fd90
# instanceKlass com/android/tools/r8/internal/Jr0$$Lambda+0x000001ec4823fb38
# instanceKlass com/android/tools/r8/internal/Jr0$$Lambda+0x000001ec4823f8e0
# instanceKlass com/android/tools/r8/internal/Jr0$$Lambda+0x000001ec4823f430
instanceKlass  @bci com/android/tools/r8/internal/Jr0 j (Ljava/util/function/Function;)Lcom/android/tools/r8/internal/Jr0; 3 <appendix> member <vmtarget> ; # com/android/tools/r8/internal/Jr0$$Lambda+0x000001ec4823f688
# instanceKlass com/android/tools/r8/internal/q70$$Lambda+0x000001ec4823f1f0
# instanceKlass com/android/tools/r8/internal/q70$$Lambda+0x000001ec4823efb0
# instanceKlass com/android/tools/r8/internal/q70$$Lambda+0x000001ec4823ed70
# instanceKlass com/android/tools/r8/internal/q70$$Lambda+0x000001ec4823eb30
# instanceKlass com/android/tools/r8/internal/q70$$Lambda+0x000001ec4823e8f0
# instanceKlass com/android/tools/r8/internal/q70$$Lambda+0x000001ec4823e6b0
# instanceKlass com/android/tools/r8/internal/q70$$Lambda+0x000001ec4823e470
# instanceKlass com/android/tools/r8/internal/q70$$Lambda+0x000001ec4823e230
# instanceKlass com/android/tools/r8/internal/q70$$Lambda+0x000001ec4823dff0
# instanceKlass com/android/tools/r8/internal/q70$$Lambda+0x000001ec4823ddb0
# instanceKlass com/android/tools/r8/internal/q70$$Lambda+0x000001ec4823db90
instanceKlass  @bci com/android/tools/r8/internal/q70 a (Lcom/android/tools/r8/internal/Jr0;)V 17 <appendix> argL0 ; # com/android/tools/r8/internal/q70$$Lambda+0x000001ec4823d950
# instanceKlass com/android/tools/r8/internal/q70$$Lambda+0x000001ec4823d730
# instanceKlass com/android/tools/r8/internal/q70$$Lambda+0x000001ec4823d2f0
# instanceKlass com/android/tools/r8/internal/q70$$Lambda+0x000001ec4823d510
# instanceKlass com/android/tools/r8/internal/q70$$Lambda+0x000001ec4823d0d0
# instanceKlass com/android/tools/r8/internal/q70$$Lambda+0x000001ec4823ceb0
# instanceKlass com/android/tools/r8/internal/q70$$Lambda+0x000001ec4823cc90
# instanceKlass com/android/tools/r8/internal/q70$$Lambda+0x000001ec4823ca70
# instanceKlass com/android/tools/r8/internal/q70$$Lambda+0x000001ec4823c850
# instanceKlass com/android/tools/r8/internal/q70$$Lambda+0x000001ec4823c630
# instanceKlass com/android/tools/r8/internal/q70$$Lambda+0x000001ec4823c1f0
instanceKlass  @bci com/android/tools/r8/internal/q70 a (Lcom/android/tools/r8/internal/Jr0;)V 9 <appendix> argL0 ; # com/android/tools/r8/internal/q70$$Lambda+0x000001ec4823c410
# instanceKlass com/android/tools/r8/internal/q70$$Lambda+0x000001ec4823bfd0
# instanceKlass com/android/tools/r8/internal/q70$$Lambda+0x000001ec4823bdb0
# instanceKlass com/android/tools/r8/internal/q70$$Lambda+0x000001ec4823bb90
# instanceKlass com/android/tools/r8/internal/q70$$Lambda+0x000001ec4823b970
# instanceKlass com/android/tools/r8/internal/q70$$Lambda+0x000001ec4823b750
# instanceKlass com/android/tools/r8/internal/q70$$Lambda+0x000001ec4823b530
# instanceKlass com/android/tools/r8/internal/q70$$Lambda+0x000001ec4823b310
# instanceKlass com/android/tools/r8/internal/q70$$Lambda+0x000001ec4823b0f0
# instanceKlass com/android/tools/r8/internal/q70$$Lambda+0x000001ec4823aed0
# instanceKlass com/android/tools/r8/internal/q70$$Lambda+0x000001ec4823acb0
instanceKlass  @bci com/android/tools/r8/internal/q70 a (Lcom/android/tools/r8/internal/Jr0;)V 1 <appendix> argL0 ; # com/android/tools/r8/internal/q70$$Lambda+0x000001ec4823aa90
# instanceKlass com/android/tools/r8/internal/q70$$Lambda+0x000001ec4823a870
# instanceKlass com/android/tools/r8/internal/q70$c$$Lambda+0x000001ec4823a430
# instanceKlass com/android/tools/r8/internal/q70$c$$Lambda+0x000001ec4823a650
# instanceKlass com/android/tools/r8/internal/q70$c$$Lambda+0x000001ec4823a210
# instanceKlass com/android/tools/r8/internal/q70$c$$Lambda+0x000001ec48239ff0
# instanceKlass com/android/tools/r8/internal/q70$c$$Lambda+0x000001ec48239dd0
# instanceKlass com/android/tools/r8/internal/q70$c$$Lambda+0x000001ec48239bb0
# instanceKlass com/android/tools/r8/internal/q70$c$$Lambda+0x000001ec48239990
# instanceKlass com/android/tools/r8/internal/q70$c$$Lambda+0x000001ec48239770
# instanceKlass com/android/tools/r8/internal/q70$c$$Lambda+0x000001ec48239550
# instanceKlass com/android/tools/r8/internal/q70$c$$Lambda+0x000001ec48239330
# instanceKlass com/android/tools/r8/internal/q70$c$$Lambda+0x000001ec48239110
instanceKlass  @bci com/android/tools/r8/internal/q70$c m ()Lcom/android/tools/r8/internal/Hr0; 0 <appendix> argL0 ; # com/android/tools/r8/internal/q70$c$$Lambda+0x000001ec48238ef0
instanceKlass com/android/tools/r8/internal/K8
instanceKlass com/android/tools/r8/internal/xb
instanceKlass com/android/tools/r8/internal/JH
instanceKlass com/android/tools/r8/internal/vF
instanceKlass com/android/tools/r8/internal/kb
instanceKlass  @bci com/android/tools/r8/internal/I9 b (Lcom/android/tools/r8/graph/y;Lcom/android/tools/r8/graph/M2;Lcom/android/tools/r8/internal/P8;Ljava/util/function/BiFunction;)Lcom/android/tools/r8/internal/I9; 15 <appendix> member <vmtarget> ; # com/android/tools/r8/internal/I9$$Lambda+0x000001ec482367c8
instanceKlass  @bci com/android/tools/r8/internal/V9 a (Lcom/android/tools/r8/internal/I9;Lcom/android/tools/r8/graph/y;Lcom/android/tools/r8/internal/P8;)Lcom/android/tools/r8/internal/I9; 24 <appendix> member <vmtarget> ; # com/android/tools/r8/internal/V9$$Lambda+0x000001ec48236590
# instanceKlass com/android/tools/r8/internal/sg$$Lambda+0x000001ec48235ad8
# instanceKlass com/android/tools/r8/internal/sg$$Lambda+0x000001ec482358a0
# instanceKlass com/android/tools/r8/internal/sg$$Lambda+0x000001ec48235668
instanceKlass  @bci com/android/tools/r8/internal/sg a (Lcom/android/tools/r8/graph/y;Lcom/android/tools/r8/graph/M2;Lcom/android/tools/r8/internal/P8;Ljava/util/function/BiFunction;)Lcom/android/tools/r8/internal/I9; 11 <appendix> member <vmtarget> ; # com/android/tools/r8/internal/sg$$Lambda+0x000001ec48235430
# instanceKlass com/android/tools/r8/internal/sg$$Lambda+0x000001ec482351f8
# instanceKlass com/android/tools/r8/internal/sg$$Lambda+0x000001ec48234fc0
# instanceKlass com/android/tools/r8/internal/sg$$Lambda+0x000001ec48234d88
# instanceKlass com/android/tools/r8/internal/sg$$Lambda+0x000001ec48234b50
# instanceKlass com/android/tools/r8/internal/I9$$Lambda+0x000001ec48234918
# instanceKlass com/android/tools/r8/internal/I9$$Lambda+0x000001ec482346e0
# instanceKlass com/android/tools/r8/internal/I9$$Lambda+0x000001ec482344a8
# instanceKlass com/android/tools/r8/internal/sg$$Lambda+0x000001ec48234270
# instanceKlass com/android/tools/r8/internal/sg$$Lambda+0x000001ec48233e00
# instanceKlass com/android/tools/r8/internal/I9$$Lambda+0x000001ec48234038
# instanceKlass com/android/tools/r8/internal/sg$$Lambda+0x000001ec48233bc8
instanceKlass  @bci com/android/tools/r8/internal/I9 c (Ljava/util/function/BiFunction;)Lcom/android/tools/r8/internal/I9; 2 <appendix> member <vmtarget> ; # com/android/tools/r8/internal/I9$$Lambda+0x000001ec48233990
instanceKlass  @bci com/android/tools/r8/internal/sg a (Lcom/android/tools/r8/graph/B2;Lcom/android/tools/r8/internal/P8;)Lcom/android/tools/r8/internal/I9; 4 <appendix> member <vmtarget> ; # com/android/tools/r8/internal/sg$$Lambda+0x000001ec48233758
instanceKlass  @bci com/android/tools/r8/internal/I9 a (Lcom/android/tools/r8/graph/y;Lcom/android/tools/r8/internal/P8;Lcom/android/tools/r8/graph/M2;)Lcom/android/tools/r8/internal/I9; 2 <appendix> argL0 ; # com/android/tools/r8/internal/I9$$Lambda+0x000001ec48233528
instanceKlass com/android/tools/r8/internal/Lx0
# instanceKlass com/android/tools/r8/internal/nb$$Lambda+0x000001ec482330e8
# instanceKlass com/android/tools/r8/internal/nb$$Lambda+0x000001ec48232eb0
# instanceKlass com/android/tools/r8/internal/nb$$Lambda+0x000001ec48232c78
# instanceKlass com/android/tools/r8/internal/nb$$Lambda+0x000001ec48232a40
instanceKlass  @bci com/android/tools/r8/internal/nb a (Lcom/android/tools/r8/internal/I9;Lcom/android/tools/r8/graph/y;Lcom/android/tools/r8/internal/P8;)Lcom/android/tools/r8/internal/I9; 165 <appendix> member <vmtarget> ; # com/android/tools/r8/internal/nb$$Lambda+0x000001ec48232808
# instanceKlass com/android/tools/r8/internal/ra$$Lambda+0x000001ec482325d0
# instanceKlass com/android/tools/r8/internal/ra$$Lambda+0x000001ec48232398
# instanceKlass com/android/tools/r8/internal/ra$$Lambda+0x000001ec48232160
# instanceKlass com/android/tools/r8/internal/ra$$Lambda+0x000001ec48231f28
instanceKlass  @bci com/android/tools/r8/internal/ra a (Lcom/android/tools/r8/internal/I9;Lcom/android/tools/r8/graph/y;Lcom/android/tools/r8/internal/P8;)Lcom/android/tools/r8/internal/I9; 14 <appendix> member <vmtarget> ; # com/android/tools/r8/internal/ra$$Lambda+0x000001ec48231ab8
# instanceKlass com/android/tools/r8/internal/ra$$Lambda+0x000001ec48231cf0
instanceKlass com/android/tools/r8/internal/Xy
instanceKlass com/android/tools/r8/internal/mb
instanceKlass com/android/tools/r8/internal/b9
instanceKlass com/android/tools/r8/internal/e9
instanceKlass com/android/tools/r8/internal/L9
instanceKlass com/android/tools/r8/internal/K9
instanceKlass com/android/tools/r8/graph/F
instanceKlass com/android/tools/r8/internal/qa
# instanceKlass java/lang/invoke/LambdaForm$DMH+0x000001ec4822b400
# instanceKlass java/lang/invoke/LambdaForm$DMH+0x000001ec4822b000
# instanceKlass java/lang/invoke/LambdaForm$DMH+0x000001ec4822ac00
# instanceKlass java/lang/invoke/LambdaForm$DMH+0x000001ec4822a800
# instanceKlass java/lang/invoke/LambdaForm$DMH+0x000001ec4822a400
# instanceKlass java/lang/invoke/LambdaForm$DMH+0x000001ec4822a000
# instanceKlass java/lang/invoke/LambdaForm$DMH+0x000001ec48229c00
# instanceKlass java/lang/invoke/LambdaForm$DMH+0x000001ec48229800
# instanceKlass java/lang/invoke/LambdaForm$DMH+0x000001ec48229000
# instanceKlass java/lang/invoke/LambdaForm$DMH+0x000001ec48229400
# instanceKlass java/lang/invoke/LambdaForm$DMH+0x000001ec48228c00
instanceKlass  @bci com/android/tools/r8/internal/o5 a (Lcom/android/tools/r8/graph/u1;Lcom/android/tools/r8/graph/y;Lcom/android/tools/r8/graph/K5;Lcom/android/tools/r8/internal/n5;Lcom/android/tools/r8/internal/Lf;Ljava/util/LinkedHashMap;Lcom/android/tools/r8/synthesis/M;)V 54 <appendix> form vmentry <vmtarget> ; # java/lang/invoke/LambdaForm$DMH+0x000001ec48228800
# instanceKlass com/android/tools/r8/internal/i80$$Lambda+0x000001ec4822eef8
# instanceKlass com/android/tools/r8/internal/i80$$Lambda+0x000001ec4822ecd0
# instanceKlass com/android/tools/r8/internal/i80$$Lambda+0x000001ec4822eaa8
# instanceKlass com/android/tools/r8/internal/i80$$Lambda+0x000001ec4822e880
instanceKlass  @bci com/android/tools/r8/internal/i80 a (Lcom/android/tools/r8/graph/K5;Lcom/android/tools/r8/internal/ga;Lcom/android/tools/r8/internal/Z40;Lcom/android/tools/r8/internal/Pi;Lcom/android/tools/r8/internal/Lf;Lcom/android/tools/r8/internal/at0;)V 35 <appendix> member <vmtarget> ; # com/android/tools/r8/internal/i80$$Lambda+0x000001ec4822e658
# instanceKlass com/android/tools/r8/internal/i80$$Lambda+0x000001ec4822e430
# instanceKlass com/android/tools/r8/internal/i80$$Lambda+0x000001ec4822e208
# instanceKlass com/android/tools/r8/internal/i80$$Lambda+0x000001ec4822dfe0
# instanceKlass com/android/tools/r8/internal/i80$$Lambda+0x000001ec4822ddb8
# instanceKlass com/android/tools/r8/internal/i80$$Lambda+0x000001ec4822db90
# instanceKlass com/android/tools/r8/internal/i80$$Lambda+0x000001ec4822d740
# instanceKlass com/android/tools/r8/internal/i80$$Lambda+0x000001ec4822d968
instanceKlass com/android/tools/r8/references/ClassReference
instanceKlass com/android/tools/r8/references/PrimitiveReference
instanceKlass com/android/tools/r8/references/Reference
instanceKlass com/android/tools/r8/position/MethodPosition
# instanceKlass com/android/tools/r8/internal/oU$$Lambda+0x000001ec48227308
# instanceKlass com/android/tools/r8/internal/oU$$Lambda+0x000001ec482270d0
# instanceKlass com/android/tools/r8/internal/oU$$Lambda+0x000001ec48226a28
# instanceKlass com/android/tools/r8/internal/oU$$Lambda+0x000001ec48226e98
# instanceKlass com/android/tools/r8/internal/oU$$Lambda+0x000001ec48226c60
# instanceKlass com/android/tools/r8/internal/oU$$Lambda+0x000001ec482267f0
# instanceKlass com/android/tools/r8/internal/oU$$Lambda+0x000001ec482265b8
# instanceKlass com/android/tools/r8/internal/oU$$Lambda+0x000001ec48226148
# instanceKlass com/android/tools/r8/internal/oU$$Lambda+0x000001ec48226380
# instanceKlass com/android/tools/r8/internal/oU$$Lambda+0x000001ec48225f10
# instanceKlass com/android/tools/r8/internal/oU$$Lambda+0x000001ec48225cd8
instanceKlass  @bci com/android/tools/r8/internal/oU a (Lcom/android/tools/r8/internal/my;)Ljava/util/ArrayList; 10 <appendix> member <vmtarget> ; # com/android/tools/r8/internal/oU$$Lambda+0x000001ec48225aa0
# instanceKlass java/lang/invoke/LambdaForm$DMH+0x000001ec48228400
# instanceKlass java/lang/invoke/LambdaForm$DMH+0x000001ec48228000
# instanceKlass java/lang/invoke/LambdaForm$DMH+0x000001ec48223c00
# instanceKlass java/lang/invoke/LambdaForm$DMH+0x000001ec48223800
# instanceKlass java/lang/invoke/LambdaForm$DMH+0x000001ec48223400
# instanceKlass java/lang/invoke/LambdaForm$DMH+0x000001ec48223000
# instanceKlass java/lang/invoke/LambdaForm$DMH+0x000001ec48222c00
# instanceKlass java/lang/invoke/LambdaForm$DMH+0x000001ec48222800
# instanceKlass java/lang/invoke/LambdaForm$DMH+0x000001ec48222400
# instanceKlass java/lang/invoke/LambdaForm$DMH+0x000001ec48222000
instanceKlass  @cpi com/android/tools/r8/internal/bz0 55 form vmentry <vmtarget> ; # java/lang/invoke/LambdaForm$DMH+0x000001ec48221c00
# instanceKlass java/lang/invoke/LambdaForm$DMH+0x000001ec48221800
# instanceKlass com/android/tools/r8/internal/i80$$Lambda+0x000001ec48225868
# instanceKlass com/android/tools/r8/internal/i80$$Lambda+0x000001ec48225630
# instanceKlass com/android/tools/r8/internal/i80$$Lambda+0x000001ec482253f8
# instanceKlass com/android/tools/r8/internal/i80$$Lambda+0x000001ec482251c0
# instanceKlass com/android/tools/r8/internal/i80$$Lambda+0x000001ec48224f88
# instanceKlass com/android/tools/r8/internal/i80$$Lambda+0x000001ec48224d50
# instanceKlass com/android/tools/r8/internal/i80$$Lambda+0x000001ec48224b18
# instanceKlass com/android/tools/r8/internal/i80$$Lambda+0x000001ec482248e0
# instanceKlass com/android/tools/r8/internal/i80$$Lambda+0x000001ec482246a8
# instanceKlass com/android/tools/r8/internal/i80$$Lambda+0x000001ec48224470
# instanceKlass com/android/tools/r8/internal/i80$$Lambda+0x000001ec48224238
instanceKlass  @bci com/android/tools/r8/internal/i80 a (Lcom/android/tools/r8/graph/H2;Lcom/android/tools/r8/internal/ga;Lcom/android/tools/r8/internal/Pi;Lcom/android/tools/r8/internal/mJ;Lcom/android/tools/r8/internal/at0;)V 12 <appendix> member <vmtarget> ; # com/android/tools/r8/internal/i80$$Lambda+0x000001ec48224000
instanceKlass  @bci com/android/tools/r8/internal/Pc a (Lcom/android/tools/r8/internal/Qc;Ljava/util/concurrent/ExecutorService;Lcom/android/tools/r8/internal/at0;)V 561 <appendix> member <vmtarget> ; # com/android/tools/r8/internal/Pc$$Lambda+0x000001ec4821fce8
instanceKlass com/android/tools/r8/internal/bt0
instanceKlass  @bci com/android/tools/r8/internal/Pc a (Ljava/util/Collection;)V 11 <appendix> member <vmtarget> ; # com/android/tools/r8/internal/Pc$$Lambda+0x000001ec4821f878
instanceKlass com/android/tools/r8/internal/Um
instanceKlass  @bci com/android/tools/r8/internal/PR a (I)Lcom/android/tools/r8/graph/l1; 32 <appendix> form vmentry <vmtarget> ; # java/lang/invoke/LambdaForm$MH+0x000001ec48221400
instanceKlass  @bci com/android/tools/r8/internal/PR a (I)Lcom/android/tools/r8/graph/l1; 32 <appendix> argL3 form vmentry <vmtarget> ; # java/lang/invoke/LambdaForm$MH+0x000001ec48221000
# instanceKlass java/lang/invoke/LambdaForm$MH+0x000001ec48220c00
# instanceKlass java/lang/invoke/LambdaForm$MH+0x000001ec48220800
instanceKlass  @bci com/android/tools/r8/internal/PR a (I)Lcom/android/tools/r8/graph/l1; 32 <appendix> argL1 form vmentry <vmtarget> ; # java/lang/invoke/LambdaForm$MH+0x000001ec48220400
# instanceKlass java/lang/invoke/LambdaForm$MH+0x000001ec48220000
instanceKlass java/util/IdentityHashMap$EntryIterator$Entry
instanceKlass  @bci com/android/tools/r8/internal/Pc b (Ljava/util/Collection;)Ljava/util/ArrayDeque; 190 <appendix> member <vmtarget> ; # com/android/tools/r8/internal/Pc$$Lambda+0x000001ec4821f440
instanceKlass  @cpi com/android/tools/r8/internal/Pc 164 form vmentry <vmtarget> ; # java/lang/invoke/LambdaForm$DMH+0x000001ec4821ec00
instanceKlass com/android/tools/r8/internal/Qs0
instanceKlass  @bci com/android/tools/r8/internal/Pc b (Ljava/util/Collection;)Ljava/util/ArrayDeque; 140 <appendix> argL0 ; # com/android/tools/r8/internal/Pc$$Lambda+0x000001ec4821f000
instanceKlass  @bci com/android/tools/r8/internal/Pc b (Ljava/util/Collection;)Ljava/util/ArrayDeque; 46 <appendix> argL0 ; # com/android/tools/r8/internal/Pc$$Lambda+0x000001ec4821bd60
instanceKlass java/util/TimSort
instanceKlass java/util/Arrays$LegacyMergeSort
instanceKlass  @bci java/util/Comparator comparing (Ljava/util/function/Function;)Ljava/util/Comparator; 6 <appendix> member <vmtarget> ; # java/util/Comparator$$Lambda+0x000001ec480c6110
instanceKlass  @bci java/lang/invoke/BootstrapMethodInvoker invoke (Ljava/lang/Class;Ljava/lang/invoke/MethodHandle;Ljava/lang/String;Ljava/lang/Object;Ljava/lang/Object;Ljava/lang/Class;)Ljava/lang/Object; 462 <adapter> ; # java/lang/invoke/LambdaForm$MH+0x000001ec4821e800
instanceKlass  @bci com/android/tools/r8/internal/N80 a (Lcom/android/tools/r8/graph/M2;Ljava/util/Map;)V 48 <appendix> argL0 ; # com/android/tools/r8/internal/N80$$Lambda+0x000001ec4821bb20
instanceKlass  @bci com/android/tools/r8/internal/N80 a (Lcom/android/tools/r8/graph/M2;Ljava/util/Map;)V 38 <appendix> member <vmtarget> ; # com/android/tools/r8/internal/N80$$Lambda+0x000001ec4821b8e8
instanceKlass  @bci com/android/tools/r8/internal/Fs0 a (Ljava/lang/Iterable;Lcom/android/tools/r8/internal/Xs0;Lcom/android/tools/r8/threading/ThreadingModule;Ljava/util/concurrent/ExecutorService;)Ljava/util/ArrayList; 6 <appendix> member <vmtarget> ; # com/android/tools/r8/internal/Fs0$$Lambda+0x000001ec4821b6b0
instanceKlass  @bci com/android/tools/r8/internal/Fs0 a (Ljava/lang/Iterable;Lcom/android/tools/r8/internal/Ss0;Lcom/android/tools/r8/threading/ThreadingModule;Ljava/util/concurrent/ExecutorService;)Ljava/util/ArrayList; 2 <appendix> member <vmtarget> ; # com/android/tools/r8/internal/Fs0$$Lambda+0x000001ec4821b488
instanceKlass  @bci com/android/tools/r8/internal/Fs0 a (Ljava/util/Map;Lcom/android/tools/r8/internal/Ps0;Lcom/android/tools/r8/threading/ThreadingModule;Ljava/util/concurrent/ExecutorService;)V 7 <appendix> member <vmtarget> ; # com/android/tools/r8/internal/Fs0$$Lambda+0x000001ec4821b260
instanceKlass com/android/tools/r8/internal/Ss0
instanceKlass  @bci com/android/tools/r8/internal/Fs0 a (Ljava/util/Map;Lcom/android/tools/r8/internal/Os0;Lcom/android/tools/r8/threading/ThreadingModule;Ljava/util/concurrent/ExecutorService;)V 2 <appendix> member <vmtarget> ; # com/android/tools/r8/internal/Fs0$$Lambda+0x000001ec4821ae38
instanceKlass com/android/tools/r8/internal/Ps0
instanceKlass  @bci com/android/tools/r8/internal/N80 a (Lcom/android/tools/r8/threading/ThreadingModule;Ljava/util/concurrent/ExecutorService;)V 4 <appendix> argL0 ; # com/android/tools/r8/internal/N80$$Lambda+0x000001ec4821aa18
instanceKlass com/android/tools/r8/internal/Os0
instanceKlass com/android/tools/r8/internal/py
instanceKlass com/android/tools/r8/internal/N1
instanceKlass  @bci com/android/tools/r8/internal/N80 a (Ljava/util/function/Supplier;Lcom/android/tools/r8/graph/B2;)Lcom/android/tools/r8/graph/K5; 21 <appendix> member <vmtarget> ; # com/android/tools/r8/internal/N80$$Lambda+0x000001ec48219f70
instanceKlass  @bci com/android/tools/r8/internal/N80 a (Ljava/util/function/Supplier;Lcom/android/tools/r8/graph/B2;)Lcom/android/tools/r8/graph/K5; 8 <appendix> argL0 ; # com/android/tools/r8/internal/N80$$Lambda+0x000001ec48219d30
instanceKlass  @bci com/android/tools/r8/internal/XZ a (Lcom/android/tools/r8/graph/B2;Lcom/android/tools/r8/graph/K5;Lcom/android/tools/r8/internal/ga;Lcom/android/tools/r8/internal/N80;)V 87 <appendix> member <vmtarget> ; # com/android/tools/r8/internal/XZ$$Lambda+0x000001ec48219b08
instanceKlass com/android/tools/r8/internal/WZ
instanceKlass  @bci com/android/tools/r8/synthesis/m a ()Lcom/android/tools/r8/graph/E0; 272 <appendix> member <vmtarget> ; # com/android/tools/r8/synthesis/m$$Lambda+0x000001ec482196d0
instanceKlass  @bci com/android/tools/r8/synthesis/Q a (Ljava/lang/String;Lcom/android/tools/r8/synthesis/Q$b;Ljava/lang/String;Ljava/lang/String;)Ljava/lang/String; 7 <appendix> form vmentry <vmtarget> ; # java/lang/invoke/LambdaForm$MH+0x000001ec4821e400
# instanceKlass java/lang/invoke/LambdaForm$MH+0x000001ec4821e000
instanceKlass  @bci com/android/tools/r8/synthesis/Q a (Ljava/lang/String;Lcom/android/tools/r8/synthesis/Q$b;Ljava/lang/String;Ljava/lang/String;)Ljava/lang/String; 7 <appendix> argL3 form vmentry <vmtarget> ; # java/lang/invoke/LambdaForm$MH+0x000001ec4821dc00
# instanceKlass java/lang/invoke/LambdaForm$MH+0x000001ec4821d800
# instanceKlass java/lang/invoke/LambdaForm$MH+0x000001ec4821d400
# instanceKlass java/lang/invoke/LambdaForm$MH+0x000001ec4821d000
# instanceKlass java/lang/invoke/LambdaForm$MH+0x000001ec4821cc00
instanceKlass  @bci com/android/tools/r8/synthesis/Q a (Ljava/lang/String;Lcom/android/tools/r8/synthesis/Q$b;Ljava/lang/String;Ljava/lang/String;)Ljava/lang/String; 7 <appendix> argL1 form vmentry <vmtarget> ; # java/lang/invoke/LambdaForm$MH+0x000001ec4821c800
# instanceKlass java/lang/invoke/LambdaForm$MH+0x000001ec4821c400
# instanceKlass java/lang/invoke/LambdaForm$MH+0x000001ec4821c000
# instanceKlass java/lang/invoke/LambdaForm$MH+0x000001ec48217400
instanceKlass  @bci com/android/tools/r8/synthesis/E a (Lcom/android/tools/r8/synthesis/I;Lcom/android/tools/r8/graph/H2;Lcom/android/tools/r8/graph/y;Ljava/util/function/Consumer;)Lcom/android/tools/r8/graph/H2; 35 <appendix> member <vmtarget> ; # com/android/tools/r8/synthesis/E$$Lambda+0x000001ec48219488
instanceKlass com/android/tools/r8/synthesis/l
instanceKlass com/android/tools/r8/FeatureSplit
instanceKlass  @bci com/android/tools/r8/internal/XZ a (Lcom/android/tools/r8/graph/E0;Lcom/android/tools/r8/graph/M2;)Lcom/android/tools/r8/graph/E0; 34 <appendix> argL0 ; # com/android/tools/r8/internal/XZ$$Lambda+0x000001ec48218bc0
instanceKlass  @bci com/android/tools/r8/internal/XZ a (Lcom/android/tools/r8/graph/E0;Lcom/android/tools/r8/graph/M2;)Lcom/android/tools/r8/graph/E0; 19 <appendix> argL0 ; # com/android/tools/r8/internal/XZ$$Lambda+0x000001ec482189a0
instanceKlass  @bci com/android/tools/r8/internal/XZ a (Lcom/android/tools/r8/graph/H0;)Lcom/android/tools/r8/graph/E0; 170 <appendix> member <vmtarget> ; # com/android/tools/r8/internal/XZ$$Lambda+0x000001ec48218758
instanceKlass  @bci com/android/tools/r8/internal/XZ a (Lcom/android/tools/r8/graph/B2;Lcom/android/tools/r8/graph/K5;Lcom/android/tools/r8/internal/ga;Lcom/android/tools/r8/internal/N80;)V 2 <appendix> member <vmtarget> ; # com/android/tools/r8/internal/XZ$$Lambda+0x000001ec48218510
instanceKlass  @bci com/android/tools/r8/internal/Pq0 b (Lcom/android/tools/r8/internal/ja;)Lcom/android/tools/r8/internal/cm; 2 <appendix> member <vmtarget> ; # com/android/tools/r8/internal/Pq0$$Lambda+0x000001ec48217cc8
instanceKlass com/android/tools/r8/internal/mu
instanceKlass com/android/tools/r8/internal/no0
instanceKlass  @bci com/android/tools/r8/internal/hJ b (Lcom/android/tools/r8/graph/E0;Lcom/android/tools/r8/graph/B2;Lcom/android/tools/r8/internal/PK;ZLcom/android/tools/r8/graph/K5;)Lcom/android/tools/r8/internal/dJ; 163 <appendix> member <vmtarget> ; # com/android/tools/r8/internal/hJ$$Lambda+0x000001ec482133c0
instanceKlass com/android/tools/r8/internal/gJ
instanceKlass  @bci com/android/tools/r8/internal/cm b ()V 7 <appendix> argL0 ; # com/android/tools/r8/internal/cm$$Lambda+0x000001ec48212f68
instanceKlass  @cpi com/android/tools/r8/internal/cm 29 form vmentry <vmtarget> ; # java/lang/invoke/LambdaForm$DMH+0x000001ec48217000
instanceKlass com/android/tools/r8/internal/em
instanceKlass  @bci com/android/tools/r8/internal/eJ a (Lcom/android/tools/r8/graph/K5;)Lcom/android/tools/r8/internal/cm; 1 <appendix> member <vmtarget> ; # com/android/tools/r8/internal/eJ$$Lambda+0x000001ec48212b40
instanceKlass  @bci com/android/tools/r8/graph/j d (Lcom/android/tools/r8/graph/E0;Lcom/android/tools/r8/graph/I2;Lcom/android/tools/r8/graph/L2;)Lcom/android/tools/r8/graph/c5; 12 <appendix> member <vmtarget> ; # com/android/tools/r8/graph/j$$Lambda+0x000001ec482126c8
# instanceKlass java/lang/invoke/LambdaForm$DMH+0x000001ec48216c00
instanceKlass  @bci com/android/tools/r8/internal/l5 a (Ljava/util/function/BiFunction;Lcom/android/tools/r8/graph/B2;)Lcom/android/tools/r8/internal/cm; 3 <appendix> member <vmtarget> ; # com/android/tools/r8/internal/l5$$Lambda+0x000001ec482124a0
instanceKlass  @bci com/android/tools/r8/internal/l5 a (Lcom/android/tools/r8/graph/B2;Lcom/android/tools/r8/graph/K5;Z)Lcom/android/tools/r8/internal/fm; 120 <appendix> member <vmtarget> ; # com/android/tools/r8/internal/l5$$Lambda+0x000001ec48212268
instanceKlass  @bci com/android/tools/r8/internal/VR a (Lcom/android/tools/r8/internal/X9;)Lcom/android/tools/r8/internal/cm; 2 <appendix> member <vmtarget> ; # com/android/tools/r8/internal/VR$$Lambda+0x000001ec48212040
# instanceKlass com/android/tools/r8/internal/VR$$Lambda+0x000001ec48211e18
instanceKlass com/android/tools/r8/internal/L5
instanceKlass  @bci com/android/tools/r8/graph/j b (Lcom/android/tools/r8/graph/M2;Lcom/android/tools/r8/graph/M2;)Z 151 <appendix> member <vmtarget> ; # com/android/tools/r8/graph/j$$Lambda+0x000001ec482117c0
instanceKlass  @bci com/android/tools/r8/graph/X4 b (Lcom/android/tools/r8/graph/E0;Lcom/android/tools/r8/graph/I2;Lcom/android/tools/r8/graph/L2;)Lcom/android/tools/r8/graph/c5; 94 <appendix> form vmentry <vmtarget> ; # java/lang/invoke/LambdaForm$DMH+0x000001ec48215400
# instanceKlass com/android/tools/r8/graph/X4$$Lambda+0x000001ec48211588
instanceKlass jdk/internal/util/ByteArray
instanceKlass java/io/ObjectOutputStream$ReplaceTable
# instanceKlass com/android/tools/r8/graph/X4$$Lambda+0x000001ec48211350
# instanceKlass com/android/tools/r8/graph/X4$$Lambda+0x000001ec48211118
# instanceKlass com/android/tools/r8/graph/X4$$Lambda+0x000001ec48210ee0
instanceKlass  @bci com/android/tools/r8/graph/X4 b (Lcom/android/tools/r8/graph/E0;Lcom/android/tools/r8/graph/I2;Lcom/android/tools/r8/graph/L2;)Lcom/android/tools/r8/graph/c5; 94 <appendix> member <vmtarget> ; # com/android/tools/r8/graph/X4$$Lambda+0x000001ec48210ca8
# instanceKlass com/android/tools/r8/graph/X4$$Lambda+0x000001ec48210a70
instanceKlass java/io/ObjectOutputStream$HandleTable
instanceKlass  @cpi com/android/tools/r8/graph/X4 386 form vmentry <vmtarget> ; # java/lang/invoke/LambdaForm$DMH+0x000001ec48214000
instanceKlass java/io/ObjectStreamConstants
instanceKlass java/io/ObjectOutput
instanceKlass com/android/tools/r8/graph/C0
instanceKlass com/android/tools/r8/internal/P5
instanceKlass com/android/tools/r8/internal/RR
instanceKlass  @bci com/android/tools/r8/internal/Lb a (Lcom/android/tools/r8/internal/ja;Lcom/android/tools/r8/graph/K5;)Z 6 <appendix> member <vmtarget> ; # com/android/tools/r8/internal/Lb$$Lambda+0x000001ec48202400
instanceKlass com/android/tools/r8/internal/pd0
# instanceKlass com/android/tools/r8/graph/h$$Lambda+0x000001ec4820f9f8
# instanceKlass com/android/tools/r8/graph/h$$Lambda+0x000001ec4820f7b0
# instanceKlass com/android/tools/r8/graph/h$$Lambda+0x000001ec4820f568
# instanceKlass com/android/tools/r8/graph/h$$Lambda+0x000001ec4820f320
# instanceKlass com/android/tools/r8/graph/h$$Lambda+0x000001ec4820ee90
# instanceKlass com/android/tools/r8/graph/h$$Lambda+0x000001ec4820f0d8
# instanceKlass com/android/tools/r8/graph/h$$Lambda+0x000001ec4820ec48
# instanceKlass com/android/tools/r8/graph/h$$Lambda+0x000001ec4820e7b8
# instanceKlass com/android/tools/r8/graph/h$$Lambda+0x000001ec4820ea00
# instanceKlass com/android/tools/r8/graph/h$$Lambda+0x000001ec4820e570
instanceKlass  @bci com/android/tools/r8/graph/h f (Lcom/android/tools/r8/graph/M2;)Lcom/android/tools/r8/graph/b0; 23 <appendix> member <vmtarget> ; # com/android/tools/r8/graph/h$$Lambda+0x000001ec4820e328
# instanceKlass com/android/tools/r8/graph/h$$Lambda+0x000001ec4820e0e0
# instanceKlass com/android/tools/r8/graph/c5$c$$Lambda+0x000001ec4820de90
# instanceKlass com/android/tools/r8/graph/c5$c$$Lambda+0x000001ec4820d9f0
# instanceKlass com/android/tools/r8/graph/c5$c$$Lambda+0x000001ec4820dc40
# instanceKlass com/android/tools/r8/graph/c5$c$$Lambda+0x000001ec4820d7a0
# instanceKlass com/android/tools/r8/graph/c5$c$$Lambda+0x000001ec4820d550
# instanceKlass com/android/tools/r8/graph/c5$c$$Lambda+0x000001ec4820d300
# instanceKlass com/android/tools/r8/graph/c5$c$$Lambda+0x000001ec4820d0b0
instanceKlass  @bci com/android/tools/r8/graph/c5$c c (Lcom/android/tools/r8/graph/H2;Lcom/android/tools/r8/graph/y;Lcom/android/tools/r8/graph/j;)Lcom/android/tools/r8/graph/H0; 67 <appendix> argL0 ; # com/android/tools/r8/graph/c5$c$$Lambda+0x000001ec4820ce60
# instanceKlass com/android/tools/r8/graph/c5$c$$Lambda+0x000001ec4820cc10
# instanceKlass com/android/tools/r8/graph/c5$c$$Lambda+0x000001ec4820c9c0
# instanceKlass com/android/tools/r8/graph/c5$c$$Lambda+0x000001ec4820c770
# instanceKlass com/android/tools/r8/graph/c5$c$$Lambda+0x000001ec4820c520
instanceKlass com/android/tools/r8/graph/e
# instanceKlass com/android/tools/r8/graph/X4$$Lambda+0x000001ec4820c0e0
# instanceKlass com/android/tools/r8/graph/X4$$Lambda+0x000001ec4820bea8
# instanceKlass com/android/tools/r8/graph/X4$$Lambda+0x000001ec4820bc70
# instanceKlass com/android/tools/r8/graph/X4$$Lambda+0x000001ec4820ba38
# instanceKlass com/android/tools/r8/graph/X4$$Lambda+0x000001ec4820b800
# instanceKlass com/android/tools/r8/graph/X4$$Lambda+0x000001ec4820b5c8
# instanceKlass com/android/tools/r8/graph/X4$$Lambda+0x000001ec4820b390
# instanceKlass com/android/tools/r8/graph/X4$$Lambda+0x000001ec4820b158
# instanceKlass com/android/tools/r8/graph/X4$$Lambda+0x000001ec4820af20
# instanceKlass com/android/tools/r8/graph/X4$$Lambda+0x000001ec4820ace8
# instanceKlass com/android/tools/r8/graph/X4$$Lambda+0x000001ec4820aab0
instanceKlass  @bci com/android/tools/r8/graph/X4 a (Lcom/android/tools/r8/graph/B2;)Lcom/android/tools/r8/graph/c5; 136 <appendix> member <vmtarget> ; # com/android/tools/r8/graph/X4$$Lambda+0x000001ec4820a878
# instanceKlass com/android/tools/r8/graph/j$$Lambda+0x000001ec4820a630
# instanceKlass com/android/tools/r8/graph/j$$Lambda+0x000001ec4820a3e8
# instanceKlass com/android/tools/r8/graph/j$$Lambda+0x000001ec4820a1a0
# instanceKlass com/android/tools/r8/graph/j$$Lambda+0x000001ec48209f58
# instanceKlass com/android/tools/r8/graph/j$$Lambda+0x000001ec48209ac8
# instanceKlass com/android/tools/r8/graph/j$$Lambda+0x000001ec48209d10
# instanceKlass com/android/tools/r8/graph/j$$Lambda+0x000001ec48209880
# instanceKlass com/android/tools/r8/graph/j$$Lambda+0x000001ec48209638
# instanceKlass com/android/tools/r8/graph/j$$Lambda+0x000001ec48208f60
# instanceKlass com/android/tools/r8/graph/j$$Lambda+0x000001ec482093f0
# instanceKlass com/android/tools/r8/graph/j$$Lambda+0x000001ec482091a8
instanceKlass  @bci com/android/tools/r8/graph/j f (Lcom/android/tools/r8/graph/B2;)Lcom/android/tools/r8/graph/c5; 12 <appendix> member <vmtarget> ; # com/android/tools/r8/graph/j$$Lambda+0x000001ec48208d18
instanceKlass com/android/tools/r8/internal/tG
instanceKlass com/android/tools/r8/internal/K
instanceKlass com/android/tools/r8/internal/lF
instanceKlass com/android/tools/r8/internal/aF
instanceKlass  @bci com/android/tools/r8/graph/s3 b (Ljava/util/function/Predicate;)Ljava/util/List; 22 <appendix> member <vmtarget> ; # com/android/tools/r8/graph/s3$$Lambda+0x000001ec48207390
instanceKlass  @bci com/android/tools/r8/graph/s3 g ()Ljava/util/List; 1 <appendix> argL0 ; # com/android/tools/r8/graph/s3$$Lambda+0x000001ec48206d20
instanceKlass com/android/tools/r8/graph/proto/d
instanceKlass com/android/tools/r8/graph/proto/c
instanceKlass com/android/tools/r8/graph/proto/j
# instanceKlass com/android/tools/r8/graph/U4$$Lambda+0x000001ec482066b0
instanceKlass com/android/tools/r8/internal/dm
instanceKlass  @bci com/android/tools/r8/graph/U4 a (Lcom/android/tools/r8/graph/M2;)V 19 <appendix> member <vmtarget> ; # com/android/tools/r8/graph/U4$$Lambda+0x000001ec48206268
instanceKlass com/android/tools/r8/internal/u5
instanceKlass  @bci com/android/tools/r8/internal/J5 a (Lcom/android/tools/r8/internal/ia;Lcom/android/tools/r8/internal/z5;)Lcom/android/tools/r8/internal/cm; 3 <appendix> member <vmtarget> ; # com/android/tools/r8/internal/J5$$Lambda+0x000001ec48205e38
instanceKlass  @cpi com/android/tools/r8/internal/l5 254 form vmentry <vmtarget> ; # java/lang/invoke/LambdaForm$DMH+0x000001ec48202000
# instanceKlass com/android/tools/r8/graph/X4$$Lambda+0x000001ec48205c00
# instanceKlass com/android/tools/r8/graph/X4$$Lambda+0x000001ec482059c8
# instanceKlass com/android/tools/r8/graph/X4$$Lambda+0x000001ec48205790
instanceKlass com/android/tools/r8/internal/EU
instanceKlass  @bci com/android/tools/r8/graph/X4 a (Lcom/android/tools/r8/graph/I2;Lcom/android/tools/r8/graph/L2;Lcom/android/tools/r8/graph/E0;Lcom/android/tools/r8/graph/U4;Lcom/android/tools/r8/graph/M2;Ljava/util/List;Lcom/android/tools/r8/graph/W4;)V 60 <appendix> form vmentry <vmtarget> ; # java/lang/invoke/LambdaForm$DMH+0x000001ec48201000
instanceKlass com/android/tools/r8/internal/xy
# instanceKlass com/android/tools/r8/graph/X4$$Lambda+0x000001ec48205158
# instanceKlass com/android/tools/r8/graph/X4$$Lambda+0x000001ec48204f20
instanceKlass com/android/tools/r8/internal/bm
# instanceKlass com/android/tools/r8/graph/X4$$Lambda+0x000001ec48204ae8
instanceKlass  @bci com/android/tools/r8/graph/X4 a (Lcom/android/tools/r8/graph/I2;Lcom/android/tools/r8/graph/L2;Lcom/android/tools/r8/graph/E0;Lcom/android/tools/r8/graph/U4;Lcom/android/tools/r8/graph/M2;Ljava/util/List;Lcom/android/tools/r8/graph/W4;)V 60 <appendix> member <vmtarget> ; # com/android/tools/r8/graph/X4$$Lambda+0x000001ec482048b0
instanceKlass  @cpi com/android/tools/r8/graph/X4 216 form vmentry <vmtarget> ; # java/lang/invoke/LambdaForm$DMH+0x000001ec48200400
instanceKlass  @bci com/android/tools/r8/internal/J5 a (Lcom/android/tools/r8/graph/K5;)Z 39 <appendix> argL0 ; # com/android/tools/r8/internal/J5$$Lambda+0x000001ec48204690
# instanceKlass com/android/tools/r8/graph/X4$$Lambda+0x000001ec48204000
instanceKlass  @bci com/android/tools/r8/graph/X4 a (Lcom/android/tools/r8/graph/I2;Lcom/android/tools/r8/graph/L2;Lcom/android/tools/r8/graph/E0;Lcom/android/tools/r8/graph/U4;Lcom/android/tools/r8/graph/M2;Ljava/util/List;Lcom/android/tools/r8/graph/W4;)V 100 <appendix> member <vmtarget> ; # com/android/tools/r8/graph/X4$$Lambda+0x000001ec48204238
instanceKlass  @bci com/android/tools/r8/internal/J5 a (Lcom/android/tools/r8/graph/K5;)Z 14 <appendix> argL0 ; # com/android/tools/r8/internal/J5$$Lambda+0x000001ec48204470
instanceKlass com/android/tools/r8/graph/U4
instanceKlass  @bci com/android/tools/r8/graph/X4 a (Lcom/android/tools/r8/graph/I2;Lcom/android/tools/r8/graph/L2;Lcom/android/tools/r8/graph/E0;Lcom/android/tools/r8/graph/U4;Lcom/android/tools/r8/graph/M2;Ljava/util/List;Lcom/android/tools/r8/graph/W4;)V 100 <appendix> form vmentry <vmtarget> ; # java/lang/invoke/LambdaForm$DMH+0x000001ec48200000
instanceKlass  @bci com/android/tools/r8/graph/X4 a (Lcom/android/tools/r8/graph/E0;Lcom/android/tools/r8/graph/I2;Lcom/android/tools/r8/graph/L2;Lcom/android/tools/r8/graph/E0;)Lcom/android/tools/r8/graph/c5; 272 <appendix> member <vmtarget> ; # com/android/tools/r8/graph/X4$$Lambda+0x000001ec481f9b68
instanceKlass  @cpi com/android/tools/r8/graph/X4 150 form vmentry <vmtarget> ; # java/lang/invoke/LambdaForm$DMH+0x000001ec481f8c00
instanceKlass  @bci com/android/tools/r8/graph/j b (Lcom/android/tools/r8/graph/E0;Lcom/android/tools/r8/graph/B2;)Lcom/android/tools/r8/graph/H0; 2 <appendix> member <vmtarget> ; # com/android/tools/r8/graph/j$$Lambda+0x000001ec481f9920
instanceKlass com/android/tools/r8/graph/K4
# instanceKlass com/android/tools/r8/graph/X4$$Lambda+0x000001ec481fb630
instanceKlass  @bci com/android/tools/r8/graph/X4 b (Lcom/android/tools/r8/graph/M2;Lcom/android/tools/r8/graph/I2;Lcom/android/tools/r8/graph/L2;)Lcom/android/tools/r8/graph/c5; 45 <appendix> member <vmtarget> ; # com/android/tools/r8/graph/X4$$Lambda+0x000001ec481fb3f8
# instanceKlass com/android/tools/r8/graph/X4$$Lambda+0x000001ec481faf88
# instanceKlass com/android/tools/r8/graph/X4$$Lambda+0x000001ec481fb1c0
# instanceKlass com/android/tools/r8/graph/X4$$Lambda+0x000001ec481fad50
# instanceKlass com/android/tools/r8/graph/X4$$Lambda+0x000001ec481fab18
# instanceKlass com/android/tools/r8/graph/X4$$Lambda+0x000001ec481fa8e0
# instanceKlass com/android/tools/r8/graph/X4$$Lambda+0x000001ec481fa6a8
# instanceKlass com/android/tools/r8/graph/X4$$Lambda+0x000001ec481fa470
# instanceKlass com/android/tools/r8/graph/X4$$Lambda+0x000001ec481ffbd0
instanceKlass  @bci com/android/tools/r8/graph/X4 a (Lcom/android/tools/r8/graph/M2;Lcom/android/tools/r8/graph/I2;Lcom/android/tools/r8/graph/L2;)Lcom/android/tools/r8/graph/c5; 125 <appendix> member <vmtarget> ; # com/android/tools/r8/graph/X4$$Lambda+0x000001ec481fa238
# instanceKlass com/android/tools/r8/graph/X4$$Lambda+0x000001ec481fa000
instanceKlass com/android/tools/r8/graph/Z4
instanceKlass  @bci com/android/tools/r8/graph/X4 a (Lcom/android/tools/r8/graph/u1;Ljava/util/function/Function;)Lcom/android/tools/r8/graph/X4; 5 <appendix> member <vmtarget> ; # com/android/tools/r8/graph/X4$$Lambda+0x000001ec481fd770
# instanceKlass com/android/tools/r8/graph/X4$$Lambda+0x000001ec481fd528
instanceKlass com/android/tools/r8/graph/W4
instanceKlass com/android/tools/r8/graph/X4
instanceKlass com/android/tools/r8/ProgramResource$ByteResource
# instanceKlass com/android/tools/r8/graph/j$$Lambda+0x000001ec481f73d8
# instanceKlass com/android/tools/r8/graph/j$$Lambda+0x000001ec481f7190
# instanceKlass com/android/tools/r8/graph/j$$Lambda+0x000001ec481f6f48
instanceKlass  @bci com/android/tools/r8/graph/j b (Lcom/android/tools/r8/graph/M2;Lcom/android/tools/r8/graph/I2;Lcom/android/tools/r8/graph/L2;)Lcom/android/tools/r8/graph/c5; 12 <appendix> member <vmtarget> ; # com/android/tools/r8/graph/j$$Lambda+0x000001ec481f6d00
instanceKlass  @bci com/android/tools/r8/graph/j c (Lcom/android/tools/r8/graph/M2;Lcom/android/tools/r8/graph/B2;)Lcom/android/tools/r8/graph/c5; 12 <appendix> member <vmtarget> ; # com/android/tools/r8/graph/j$$Lambda+0x000001ec481f6ab8
instanceKlass com/android/tools/r8/shaking/v2
instanceKlass  @bci java/util/logging/LogManager$LoggerContext$1 run ()Ljava/lang/Void; 22 <appendix> form vmentry <vmtarget> ; # java/lang/invoke/LambdaForm$MH+0x000001ec481f8800
# instanceKlass com/android/tools/r8/internal/l5$$Lambda+0x000001ec481f6688
# instanceKlass com/android/tools/r8/internal/l5$$Lambda+0x000001ec481f6000
# instanceKlass com/android/tools/r8/internal/l5$$Lambda+0x000001ec481f6468
instanceKlass  @bci com/android/tools/r8/internal/l5 b (Lcom/android/tools/r8/graph/K5;Lcom/android/tools/r8/internal/X9;)Lcom/android/tools/r8/internal/fm; 14 <appendix> argL0 ; # com/android/tools/r8/internal/l5$$Lambda+0x000001ec481f3be8
instanceKlass com/android/tools/r8/synthesis/I
# instanceKlass com/android/tools/r8/internal/x10$$Lambda+0x000001ec481f37b0
# instanceKlass com/android/tools/r8/internal/x10$$Lambda+0x000001ec481f3578
# instanceKlass com/android/tools/r8/internal/x10$$Lambda+0x000001ec481f3340
# instanceKlass com/android/tools/r8/internal/x10$$Lambda+0x000001ec481f3108
instanceKlass  @bci com/android/tools/r8/internal/x10 a (Lcom/android/tools/r8/internal/ga;Lcom/android/tools/r8/internal/N80;Lcom/android/tools/r8/graph/K5;)V 80 <appendix> member <vmtarget> ; # com/android/tools/r8/internal/x10$$Lambda+0x000001ec481f2ed0
# instanceKlass com/android/tools/r8/internal/Uz$$Lambda+0x000001ec481f2ca0
# instanceKlass com/android/tools/r8/internal/Uz$$Lambda+0x000001ec481f2a70
# instanceKlass com/android/tools/r8/internal/Uz$$Lambda+0x000001ec481f2840
# instanceKlass com/android/tools/r8/internal/Uz$$Lambda+0x000001ec481f2610
# instanceKlass com/android/tools/r8/internal/Uz$$Lambda+0x000001ec481f23e0
# instanceKlass com/android/tools/r8/internal/Uz$$Lambda+0x000001ec481f21b0
instanceKlass  @bci com/android/tools/r8/internal/Uz a (Lcom/android/tools/r8/internal/Uz;Lcom/android/tools/r8/graph/B2;)Lcom/android/tools/r8/graph/B2; 2 <appendix> argL0 ; # com/android/tools/r8/internal/Uz$$Lambda+0x000001ec481f1f80
instanceKlass  @bci com/android/tools/r8/internal/po0 a (Ljava/util/Set;Ljava/util/Set;Ljava/util/Set;)V 5 <appendix> form vmentry <vmtarget> ; # java/lang/invoke/LambdaForm$DMH+0x000001ec481f4400
# instanceKlass com/android/tools/r8/internal/Lb$$Lambda+0x000001ec481f1cf8
# instanceKlass com/android/tools/r8/internal/XZ$$Lambda+0x000001ec481f1ac0
instanceKlass com/android/tools/r8/internal/aL
# instanceKlass com/android/tools/r8/internal/XZ$$Lambda+0x000001ec481f1680
# instanceKlass com/android/tools/r8/internal/XZ$$Lambda+0x000001ec481f1448
instanceKlass  @bci com/android/tools/r8/internal/XZ a (Lcom/android/tools/r8/internal/ga;Lcom/android/tools/r8/internal/N80;Lcom/android/tools/r8/graph/K5;)V 20 <appendix> member <vmtarget> ; # com/android/tools/r8/internal/XZ$$Lambda+0x000001ec481f1210
# instanceKlass com/android/tools/r8/internal/XZ$$Lambda+0x000001ec481f0fd8
instanceKlass  @bci com/android/tools/r8/internal/Lb a (Lcom/android/tools/r8/internal/ia;Lcom/android/tools/r8/graph/K5;)Z 6 <appendix> member <vmtarget> ; # com/android/tools/r8/internal/Lb$$Lambda+0x000001ec481f0d50
# instanceKlass com/android/tools/r8/internal/x10$$Lambda+0x000001ec481f0b18
# instanceKlass com/android/tools/r8/internal/x10$$Lambda+0x000001ec481f08e0
# instanceKlass com/android/tools/r8/internal/x10$$Lambda+0x000001ec481f0470
# instanceKlass com/android/tools/r8/internal/x10$$Lambda+0x000001ec481f06a8
# instanceKlass com/android/tools/r8/internal/x10$$Lambda+0x000001ec481f0238
instanceKlass java/util/Collections$UnmodifiableCollection$1
# instanceKlass com/android/tools/r8/internal/x10$$Lambda+0x000001ec481f0000
# instanceKlass com/android/tools/r8/internal/x10$$Lambda+0x000001ec481efd50
# instanceKlass com/android/tools/r8/internal/x10$$Lambda+0x000001ec481efb18
# instanceKlass com/android/tools/r8/internal/x10$$Lambda+0x000001ec481ef8e0
# instanceKlass com/android/tools/r8/internal/x10$$Lambda+0x000001ec481ef6a8
# instanceKlass com/android/tools/r8/internal/x10$$Lambda+0x000001ec481ef470
instanceKlass  @bci com/android/tools/r8/internal/x10 a (Lcom/android/tools/r8/internal/ga;Lcom/android/tools/r8/internal/N80;Lcom/android/tools/r8/graph/K5;)V 66 <appendix> member <vmtarget> ; # com/android/tools/r8/internal/x10$$Lambda+0x000001ec481ef238
instanceKlass  @bci com/android/tools/r8/internal/i80 a (Ljava/util/function/Consumer;Lcom/android/tools/r8/graph/H2;)V 1 <appendix> argL0 ; # com/android/tools/r8/internal/i80$$Lambda+0x000001ec481eefe8
instanceKlass  @bci com/android/tools/r8/internal/i80 a (Ljava/util/Collection;Ljava/util/function/Consumer;)V 2 <appendix> member <vmtarget> ; # com/android/tools/r8/internal/i80$$Lambda+0x000001ec481eedb0
instanceKlass  @bci com/android/tools/r8/internal/Fs0 a (Lcom/android/tools/r8/internal/my;Lcom/android/tools/r8/internal/Rs0;Lcom/android/tools/r8/threading/ThreadingModule;Ljava/util/concurrent/ExecutorService;)V 2 <appendix> member <vmtarget> ; # com/android/tools/r8/internal/Fs0$$Lambda+0x000001ec481eeb88
instanceKlass  @bci com/android/tools/r8/internal/i80 a (Lcom/android/tools/r8/internal/ga;Ljava/util/concurrent/ExecutorService;Lcom/android/tools/r8/internal/my;)V 40 <appendix> member <vmtarget> ; # com/android/tools/r8/internal/i80$$Lambda+0x000001ec481ee950
instanceKlass com/android/tools/r8/internal/Rs0
instanceKlass com/android/tools/r8/internal/N80
instanceKlass  @bci com/android/tools/r8/internal/i80 a (Lcom/android/tools/r8/internal/ga;Ljava/util/concurrent/ExecutorService;Ljava/util/Collection;)V 2 <appendix> member <vmtarget> ; # com/android/tools/r8/internal/i80$$Lambda+0x000001ec481ee308
# instanceKlass com/android/tools/r8/graph/Q4$$Lambda+0x000001ec481ee0d0
# instanceKlass com/android/tools/r8/graph/Q4$$Lambda+0x000001ec481ede98
# instanceKlass com/android/tools/r8/graph/Q4$$Lambda+0x000001ec481edc60
# instanceKlass com/android/tools/r8/graph/Q4$$Lambda+0x000001ec481eda28
# instanceKlass com/android/tools/r8/graph/Q4$$Lambda+0x000001ec481ed7f0
# instanceKlass com/android/tools/r8/graph/Q4$$Lambda+0x000001ec481ed5b8
# instanceKlass com/android/tools/r8/graph/Q4$$Lambda+0x000001ec481ed380
# instanceKlass com/android/tools/r8/graph/Q4$$Lambda+0x000001ec481ed148
# instanceKlass com/android/tools/r8/graph/Q4$$Lambda+0x000001ec481eccd8
# instanceKlass com/android/tools/r8/graph/Q4$$Lambda+0x000001ec481ecf10
instanceKlass  @bci com/android/tools/r8/graph/Q4 b (Ljava/util/function/Consumer;Ljava/util/function/Predicate;)V 7 <appendix> member <vmtarget> ; # com/android/tools/r8/graph/Q4$$Lambda+0x000001ec481ecaa0
# instanceKlass com/android/tools/r8/graph/Q4$$Lambda+0x000001ec481ec868
# instanceKlass com/android/tools/r8/graph/H2$$Lambda+0x000001ec481ec630
# instanceKlass com/android/tools/r8/graph/H2$$Lambda+0x000001ec481ec3f8
# instanceKlass com/android/tools/r8/graph/H2$$Lambda+0x000001ec481ec1c0
# instanceKlass com/android/tools/r8/graph/H2$$Lambda+0x000001ec481ebf88
# instanceKlass com/android/tools/r8/graph/H2$$Lambda+0x000001ec481ebd50
# instanceKlass com/android/tools/r8/graph/H2$$Lambda+0x000001ec481ebb18
# instanceKlass com/android/tools/r8/graph/H2$$Lambda+0x000001ec481eb8e0
# instanceKlass com/android/tools/r8/graph/H2$$Lambda+0x000001ec481eb6a8
instanceKlass  @bci com/android/tools/r8/graph/H2 h (Ljava/util/function/Consumer;Ljava/util/function/Predicate;)V 6 <appendix> member <vmtarget> ; # com/android/tools/r8/graph/H2$$Lambda+0x000001ec481eb470
# instanceKlass com/android/tools/r8/graph/H2$$Lambda+0x000001ec481eb238
# instanceKlass com/android/tools/r8/graph/H2$$Lambda+0x000001ec481eb000
# instanceKlass com/android/tools/r8/graph/H2$$Lambda+0x000001ec481eadc8
# instanceKlass com/android/tools/r8/internal/Pc$$Lambda+0x000001ec481eab90
# instanceKlass com/android/tools/r8/internal/Pc$$Lambda+0x000001ec481ea958
# instanceKlass com/android/tools/r8/internal/Pc$$Lambda+0x000001ec481ea720
# instanceKlass com/android/tools/r8/internal/Pc$$Lambda+0x000001ec481ea078
# instanceKlass com/android/tools/r8/internal/Pc$$Lambda+0x000001ec481ea4e8
# instanceKlass com/android/tools/r8/internal/Pc$$Lambda+0x000001ec481ea2b0
# instanceKlass com/android/tools/r8/internal/Pc$$Lambda+0x000001ec481e9798
# instanceKlass com/android/tools/r8/internal/Pc$$Lambda+0x000001ec481e9e40
# instanceKlass com/android/tools/r8/internal/Pc$$Lambda+0x000001ec481e9c08
# instanceKlass com/android/tools/r8/internal/Pc$$Lambda+0x000001ec481e99d0
# instanceKlass com/android/tools/r8/internal/Pc$$Lambda+0x000001ec481e9560
instanceKlass  @bci com/android/tools/r8/internal/Pc a (Lcom/android/tools/r8/graph/H2;)V 2 <appendix> member <vmtarget> ; # com/android/tools/r8/internal/Pc$$Lambda+0x000001ec481e9328
instanceKlass com/android/tools/r8/I
instanceKlass  @bci com/android/tools/r8/internal/Pc a (Ljava/util/concurrent/ExecutorService;)V 13 <appendix> member <vmtarget> ; # com/android/tools/r8/internal/Pc$$Lambda+0x000001ec481e8ee8
instanceKlass  @bci com/android/tools/r8/internal/m9 a (Ljava/util/concurrent/ExecutorService;Lcom/android/tools/r8/internal/p9;Lcom/android/tools/r8/internal/at0;)V 90 <appendix> member <vmtarget> ; # com/android/tools/r8/internal/m9$$Lambda+0x000001ec481e8cb0
instanceKlass com/android/tools/r8/internal/Wc0
instanceKlass com/android/tools/r8/internal/k9
instanceKlass com/android/tools/r8/internal/n9
instanceKlass com/android/tools/r8/internal/Qc
instanceKlass com/android/tools/r8/internal/ny
instanceKlass com/android/tools/r8/internal/ga
instanceKlass com/android/tools/r8/internal/hm
instanceKlass com/android/tools/r8/internal/W2
instanceKlass com/android/tools/r8/internal/Lm
instanceKlass com/android/tools/r8/internal/PI
instanceKlass com/android/tools/r8/internal/ou0
instanceKlass com/android/tools/r8/internal/p9
instanceKlass com/android/tools/r8/internal/Tx0
instanceKlass com/android/tools/r8/internal/cd0
instanceKlass com/android/tools/r8/internal/zm
instanceKlass com/android/tools/r8/internal/Nm
instanceKlass com/android/tools/r8/internal/qu
instanceKlass com/android/tools/r8/internal/n6
instanceKlass com/android/tools/r8/internal/HZ
instanceKlass com/android/tools/r8/internal/Rz
instanceKlass com/android/tools/r8/internal/mJ
instanceKlass com/android/tools/r8/internal/TX
instanceKlass com/android/tools/r8/internal/yE
instanceKlass com/android/tools/r8/internal/Ou
instanceKlass com/android/tools/r8/ir/optimize/c
instanceKlass com/android/tools/r8/internal/A80
instanceKlass com/android/tools/r8/internal/SR
instanceKlass com/android/tools/r8/internal/mH
instanceKlass com/android/tools/r8/internal/eH
instanceKlass com/android/tools/r8/internal/Ea
instanceKlass  @bci com/android/tools/r8/internal/x10 a ()[[Lcom/android/tools/r8/internal/Y9; 78 <appendix> member <vmtarget> ; # com/android/tools/r8/internal/x10$$Lambda+0x000001ec481d8c80
instanceKlass  @bci com/android/tools/r8/internal/x10 a ()[[Lcom/android/tools/r8/internal/Y9; 67 <appendix> member <vmtarget> ; # com/android/tools/r8/internal/x10$$Lambda+0x000001ec481d8a48
instanceKlass  @cpi com/android/tools/r8/internal/x10 80 form vmentry <vmtarget> ; # java/lang/invoke/LambdaForm$DMH+0x000001ec481e0000
instanceKlass com/android/tools/r8/internal/lL
instanceKlass com/android/tools/r8/errors/UnsupportedFeatureDiagnostic
instanceKlass com/android/tools/r8/internal/Pw0
instanceKlass com/android/tools/r8/internal/Sw0
instanceKlass com/android/tools/r8/internal/U7
instanceKlass com/android/tools/r8/internal/IK
instanceKlass com/android/tools/r8/internal/HK
instanceKlass com/android/tools/r8/internal/Eh
instanceKlass com/android/tools/r8/ir/optimize/L0
instanceKlass com/android/tools/r8/internal/Fh
instanceKlass  @bci com/android/tools/r8/internal/LI a (Lcom/android/tools/r8/graph/y;)Ljava/util/function/Predicate; 11 <appendix> member <vmtarget> ; # com/android/tools/r8/internal/LI$$Lambda+0x000001ec481dfbb8
instanceKlass  @cpi com/android/tools/r8/internal/Hf0 377 form vmentry <vmtarget> ; # java/lang/invoke/LambdaForm$DMH+0x000001ec481d8400
instanceKlass com/android/tools/r8/internal/pu
instanceKlass com/android/tools/r8/internal/NI
instanceKlass com/android/tools/r8/graph/f
instanceKlass com/android/tools/r8/internal/LI
instanceKlass com/android/tools/r8/internal/eJ
instanceKlass com/android/tools/r8/internal/dJ
instanceKlass com/android/tools/r8/internal/hJ
instanceKlass com/android/tools/r8/internal/QI
instanceKlass com/android/tools/r8/internal/TR
instanceKlass com/android/tools/r8/internal/VR
instanceKlass com/android/tools/r8/internal/Mq0
instanceKlass com/android/tools/r8/internal/Pq0
instanceKlass com/android/tools/r8/c
instanceKlass com/android/tools/r8/internal/wv0
instanceKlass com/android/tools/r8/internal/vv0
instanceKlass com/android/tools/r8/internal/PJ
instanceKlass com/android/tools/r8/graph/Z
instanceKlass  @bci com/android/tools/r8/graph/z4 f (Lcom/android/tools/r8/graph/M2;)Lcom/android/tools/r8/graph/b0; 101 <appendix> member <vmtarget> ; # com/android/tools/r8/graph/z4$$Lambda+0x000001ec481d7a08
instanceKlass  @bci com/android/tools/r8/graph/z4 f (Lcom/android/tools/r8/graph/M2;)Lcom/android/tools/r8/graph/b0; 60 <appendix> member <vmtarget> ; # com/android/tools/r8/graph/z4$$Lambda+0x000001ec481d77d0
instanceKlass  @bci com/android/tools/r8/graph/z4 f (Lcom/android/tools/r8/graph/M2;)Lcom/android/tools/r8/graph/b0; 28 <appendix> member <vmtarget> ; # com/android/tools/r8/graph/z4$$Lambda+0x000001ec481d7598
instanceKlass com/android/tools/r8/internal/DJ
instanceKlass  @bci com/android/tools/r8/internal/qd a ()Lcom/android/tools/r8/graph/E0; 71 <appendix> member <vmtarget> ; # com/android/tools/r8/internal/qd$$Lambda+0x000001ec481d7110
instanceKlass com/android/tools/r8/internal/qd
instanceKlass  @bci com/android/tools/r8/internal/rd a (Lcom/android/tools/r8/graph/M2;)Lcom/android/tools/r8/graph/E0; 77 <appendix> member <vmtarget> ; # com/android/tools/r8/internal/rd$$Lambda+0x000001ec481d6ca0
instanceKlass com/android/tools/r8/graph/W
instanceKlass  @bci com/android/tools/r8/graph/h c (Lcom/android/tools/r8/graph/M2;)Lcom/android/tools/r8/graph/E0; 23 <appendix> member <vmtarget> ; # com/android/tools/r8/graph/h$$Lambda+0x000001ec481d6848
instanceKlass  @cpi com/android/tools/r8/graph/h 159 form vmentry <vmtarget> ; # java/lang/invoke/LambdaForm$DMH+0x000001ec481d8000
instanceKlass  @bci com/android/tools/r8/internal/o5 b ()Lcom/android/tools/r8/internal/dD; 14 <appendix> member <vmtarget> ; # com/android/tools/r8/internal/o5$$Lambda+0x000001ec481d6610
instanceKlass  @bci com/android/tools/r8/internal/o5 a ()Lcom/android/tools/r8/internal/dD; 17 <appendix> member <vmtarget> ; # com/android/tools/r8/internal/o5$$Lambda+0x000001ec481d63d8
instanceKlass com/android/tools/r8/internal/o5
instanceKlass com/android/tools/r8/internal/l5
instanceKlass  @bci com/android/tools/r8/internal/H2 a (I)Lcom/android/tools/r8/internal/D5; 1 <appendix> member <vmtarget> ; # com/android/tools/r8/internal/H2$$Lambda+0x000001ec481d5d38
instanceKlass com/android/tools/r8/internal/D5
instanceKlass com/android/tools/r8/internal/H2
instanceKlass  @bci com/android/tools/r8/internal/B5 a (Lcom/android/tools/r8/graph/u1;)V 159 <appendix> argL0 ; # com/android/tools/r8/internal/B5$$Lambda+0x000001ec481d54f8
instanceKlass  @bci com/android/tools/r8/internal/B5 a (Lcom/android/tools/r8/graph/u1;)V 117 <appendix> argL0 ; # com/android/tools/r8/internal/B5$$Lambda+0x000001ec481d50c0
instanceKlass  @bci com/android/tools/r8/internal/B5 a (Lcom/android/tools/r8/graph/u1;)V 57 <appendix> argL0 ; # com/android/tools/r8/internal/B5$$Lambda+0x000001ec481d4ea0
instanceKlass  @bci com/android/tools/r8/internal/B5 t (Lcom/android/tools/r8/graph/u1;)V 1338 <appendix> argL0 ; # com/android/tools/r8/internal/B5$$Lambda+0x000001ec481d4c80
instanceKlass  @bci com/android/tools/r8/internal/B5 t (Lcom/android/tools/r8/graph/u1;)V 1262 <appendix> argL0 ; # com/android/tools/r8/internal/B5$$Lambda+0x000001ec481d4a60
instanceKlass  @bci com/android/tools/r8/internal/B5 t (Lcom/android/tools/r8/graph/u1;)V 1195 <appendix> argL0 ; # com/android/tools/r8/internal/B5$$Lambda+0x000001ec481d4840
instanceKlass  @bci com/android/tools/r8/internal/B5 t (Lcom/android/tools/r8/graph/u1;)V 1119 <appendix> argL0 ; # com/android/tools/r8/internal/B5$$Lambda+0x000001ec481d4620
instanceKlass  @bci com/android/tools/r8/internal/B5 t (Lcom/android/tools/r8/graph/u1;)V 1052 <appendix> argL0 ; # com/android/tools/r8/internal/B5$$Lambda+0x000001ec481d4400
instanceKlass  @bci com/android/tools/r8/internal/B5 t (Lcom/android/tools/r8/graph/u1;)V 976 <appendix> argL0 ; # com/android/tools/r8/internal/B5$$Lambda+0x000001ec481d41e0
instanceKlass  @bci com/android/tools/r8/internal/B5 t (Lcom/android/tools/r8/graph/u1;)V 903 <appendix> argL0 ; # com/android/tools/r8/internal/B5$$Lambda+0x000001ec481d3fc0
instanceKlass  @bci com/android/tools/r8/internal/B5 t (Lcom/android/tools/r8/graph/u1;)V 836 <appendix> argL0 ; # com/android/tools/r8/internal/B5$$Lambda+0x000001ec481d3da0
instanceKlass  @bci com/android/tools/r8/internal/B5 t (Lcom/android/tools/r8/graph/u1;)V 760 <appendix> argL0 ; # com/android/tools/r8/internal/B5$$Lambda+0x000001ec481d3b80
instanceKlass  @bci com/android/tools/r8/internal/B5 t (Lcom/android/tools/r8/graph/u1;)V 693 <appendix> argL0 ; # com/android/tools/r8/internal/B5$$Lambda+0x000001ec481d3960
instanceKlass  @bci com/android/tools/r8/internal/B5 t (Lcom/android/tools/r8/graph/u1;)V 617 <appendix> argL0 ; # com/android/tools/r8/internal/B5$$Lambda+0x000001ec481d3740
instanceKlass  @bci com/android/tools/r8/internal/B5 t (Lcom/android/tools/r8/graph/u1;)V 544 <appendix> argL0 ; # com/android/tools/r8/internal/B5$$Lambda+0x000001ec481d3520
instanceKlass  @bci com/android/tools/r8/internal/B5 t (Lcom/android/tools/r8/graph/u1;)V 477 <appendix> argL0 ; # com/android/tools/r8/internal/B5$$Lambda+0x000001ec481d3300
instanceKlass  @bci com/android/tools/r8/internal/B5 t (Lcom/android/tools/r8/graph/u1;)V 401 <appendix> argL0 ; # com/android/tools/r8/internal/B5$$Lambda+0x000001ec481d30e0
instanceKlass  @bci com/android/tools/r8/internal/B5 t (Lcom/android/tools/r8/graph/u1;)V 330 <appendix> argL0 ; # com/android/tools/r8/internal/B5$$Lambda+0x000001ec481d2ec0
instanceKlass  @bci com/android/tools/r8/internal/B5 t (Lcom/android/tools/r8/graph/u1;)V 259 <appendix> argL0 ; # com/android/tools/r8/internal/B5$$Lambda+0x000001ec481d2ca0
instanceKlass  @bci com/android/tools/r8/internal/B5 t (Lcom/android/tools/r8/graph/u1;)V 188 <appendix> argL0 ; # com/android/tools/r8/internal/B5$$Lambda+0x000001ec481d2a80
instanceKlass  @bci com/android/tools/r8/internal/B5 t (Lcom/android/tools/r8/graph/u1;)V 53 <appendix> argL0 ; # com/android/tools/r8/internal/B5$$Lambda+0x000001ec481d2860
instanceKlass  @bci com/android/tools/r8/internal/B5 r (Lcom/android/tools/r8/graph/u1;)V 452 <appendix> argL0 ; # com/android/tools/r8/internal/B5$$Lambda+0x000001ec481d2640
instanceKlass  @bci com/android/tools/r8/internal/B5 r (Lcom/android/tools/r8/graph/u1;)V 391 <appendix> argL0 ; # com/android/tools/r8/internal/B5$$Lambda+0x000001ec481d2420
instanceKlass  @bci com/android/tools/r8/internal/B5 r (Lcom/android/tools/r8/graph/u1;)V 279 <appendix> argL0 ; # com/android/tools/r8/internal/B5$$Lambda+0x000001ec481d2200
instanceKlass  @bci com/android/tools/r8/internal/B5 r (Lcom/android/tools/r8/graph/u1;)V 210 <appendix> argL0 ; # com/android/tools/r8/internal/B5$$Lambda+0x000001ec481d1fe0
instanceKlass  @bci com/android/tools/r8/internal/B5 r (Lcom/android/tools/r8/graph/u1;)V 137 <appendix> argL0 ; # com/android/tools/r8/internal/B5$$Lambda+0x000001ec481d1dc0
instanceKlass  @bci com/android/tools/r8/internal/B5 r (Lcom/android/tools/r8/graph/u1;)V 63 <appendix> argL0 ; # com/android/tools/r8/internal/B5$$Lambda+0x000001ec481d1ba0
instanceKlass  @bci com/android/tools/r8/internal/B5 p (Lcom/android/tools/r8/graph/u1;)V 712 <appendix> argL0 ; # com/android/tools/r8/internal/B5$$Lambda+0x000001ec481d1980
instanceKlass  @bci com/android/tools/r8/internal/B5 p (Lcom/android/tools/r8/graph/u1;)V 655 <appendix> argL0 ; # com/android/tools/r8/internal/B5$$Lambda+0x000001ec481d1760
instanceKlass  @bci com/android/tools/r8/internal/B5 p (Lcom/android/tools/r8/graph/u1;)V 598 <appendix> argL0 ; # com/android/tools/r8/internal/B5$$Lambda+0x000001ec481d1540
instanceKlass  @bci com/android/tools/r8/internal/B5 p (Lcom/android/tools/r8/graph/u1;)V 541 <appendix> argL0 ; # com/android/tools/r8/internal/B5$$Lambda+0x000001ec481d1320
instanceKlass  @bci com/android/tools/r8/internal/B5 p (Lcom/android/tools/r8/graph/u1;)V 484 <appendix> argL0 ; # com/android/tools/r8/internal/B5$$Lambda+0x000001ec481d1100
instanceKlass  @bci com/android/tools/r8/internal/B5 p (Lcom/android/tools/r8/graph/u1;)V 416 <appendix> argL0 ; # com/android/tools/r8/internal/B5$$Lambda+0x000001ec481d0ee0
instanceKlass  @bci com/android/tools/r8/internal/B5 p (Lcom/android/tools/r8/graph/u1;)V 309 <appendix> argL0 ; # com/android/tools/r8/internal/B5$$Lambda+0x000001ec481d0cc0
instanceKlass  @bci com/android/tools/r8/internal/B5 p (Lcom/android/tools/r8/graph/u1;)V 202 <appendix> argL0 ; # com/android/tools/r8/internal/B5$$Lambda+0x000001ec481d0aa0
instanceKlass  @bci com/android/tools/r8/internal/B5 p (Lcom/android/tools/r8/graph/u1;)V 90 <appendix> argL0 ; # com/android/tools/r8/internal/B5$$Lambda+0x000001ec481d0880
instanceKlass  @bci com/android/tools/r8/internal/B5 o (Lcom/android/tools/r8/graph/u1;)V 313 <appendix> argL0 ; # com/android/tools/r8/internal/B5$$Lambda+0x000001ec481d0660
instanceKlass  @bci com/android/tools/r8/internal/B5 o (Lcom/android/tools/r8/graph/u1;)V 235 <appendix> argL0 ; # com/android/tools/r8/internal/B5$$Lambda+0x000001ec481d0440
instanceKlass  @bci com/android/tools/r8/internal/B5 o (Lcom/android/tools/r8/graph/u1;)V 149 <appendix> argL0 ; # com/android/tools/r8/internal/B5$$Lambda+0x000001ec481d0220
instanceKlass  @bci com/android/tools/r8/internal/B5 o (Lcom/android/tools/r8/graph/u1;)V 74 <appendix> argL0 ; # com/android/tools/r8/internal/B5$$Lambda+0x000001ec481d0000
instanceKlass  @bci com/android/tools/r8/internal/B5 n (Lcom/android/tools/r8/graph/u1;)V 180 <appendix> argL0 ; # com/android/tools/r8/internal/B5$$Lambda+0x000001ec481ccc00
instanceKlass  @bci com/android/tools/r8/internal/B5 n (Lcom/android/tools/r8/graph/u1;)V 124 <appendix> argL0 ; # com/android/tools/r8/internal/B5$$Lambda+0x000001ec481cdcb8
instanceKlass  @bci com/android/tools/r8/internal/B5 n (Lcom/android/tools/r8/graph/u1;)V 62 <appendix> argL0 ; # com/android/tools/r8/internal/B5$$Lambda+0x000001ec481cda98
instanceKlass  @bci com/android/tools/r8/internal/ko0 a ()Lcom/android/tools/r8/internal/y5; 0 <appendix> argL0 ; # com/android/tools/r8/internal/ko0$$Lambda+0x000001ec481cd868
instanceKlass com/android/tools/r8/internal/ko0
instanceKlass  @bci com/android/tools/r8/internal/B5 m (Lcom/android/tools/r8/graph/u1;)V 569 <appendix> argL0 ; # com/android/tools/r8/internal/B5$$Lambda+0x000001ec481cd440
instanceKlass  @bci com/android/tools/r8/internal/B5 m (Lcom/android/tools/r8/graph/u1;)V 487 <appendix> argL0 ; # com/android/tools/r8/internal/B5$$Lambda+0x000001ec481cd220
instanceKlass  @bci com/android/tools/r8/internal/B5 m (Lcom/android/tools/r8/graph/u1;)V 406 <appendix> argL0 ; # com/android/tools/r8/internal/B5$$Lambda+0x000001ec481cd000
instanceKlass  @bci com/android/tools/r8/internal/B5 m (Lcom/android/tools/r8/graph/u1;)V 331 <appendix> argL0 ; # com/android/tools/r8/internal/B5$$Lambda+0x000001ec481cfdc8
instanceKlass  @bci com/android/tools/r8/internal/B5 m (Lcom/android/tools/r8/graph/u1;)V 252 <appendix> argL0 ; # com/android/tools/r8/internal/B5$$Lambda+0x000001ec481cfba8
instanceKlass  @bci com/android/tools/r8/internal/B5 m (Lcom/android/tools/r8/graph/u1;)V 128 <appendix> argL0 ; # com/android/tools/r8/internal/B5$$Lambda+0x000001ec481cf988
instanceKlass  @bci com/android/tools/r8/internal/B5 m (Lcom/android/tools/r8/graph/u1;)V 58 <appendix> argL0 ; # com/android/tools/r8/internal/B5$$Lambda+0x000001ec481cf768
instanceKlass  @bci com/android/tools/r8/internal/B5 k (Lcom/android/tools/r8/graph/u1;)V 233 <appendix> argL0 ; # com/android/tools/r8/internal/B5$$Lambda+0x000001ec481cf548
instanceKlass  @bci com/android/tools/r8/internal/B5 k (Lcom/android/tools/r8/graph/u1;)V 175 <appendix> argL0 ; # com/android/tools/r8/internal/B5$$Lambda+0x000001ec481cf328
instanceKlass  @bci com/android/tools/r8/internal/B5 k (Lcom/android/tools/r8/graph/u1;)V 117 <appendix> argL0 ; # com/android/tools/r8/internal/B5$$Lambda+0x000001ec481cf108
instanceKlass  @bci com/android/tools/r8/internal/B5 k (Lcom/android/tools/r8/graph/u1;)V 62 <appendix> argL0 ; # com/android/tools/r8/internal/B5$$Lambda+0x000001ec481ceee8
instanceKlass  @bci com/android/tools/r8/internal/B5 l (Lcom/android/tools/r8/graph/u1;)V 523 <appendix> argL0 ; # com/android/tools/r8/internal/B5$$Lambda+0x000001ec481cecc8
instanceKlass  @bci com/android/tools/r8/internal/B5 l (Lcom/android/tools/r8/graph/u1;)V 460 <appendix> argL0 ; # com/android/tools/r8/internal/B5$$Lambda+0x000001ec481ceaa8
instanceKlass  @bci com/android/tools/r8/internal/B5 l (Lcom/android/tools/r8/graph/u1;)V 398 <appendix> form vmentry <vmtarget> ; # java/lang/invoke/LambdaForm$DMH+0x000001ec481cc800
instanceKlass  @bci com/android/tools/r8/internal/B5 l (Lcom/android/tools/r8/graph/u1;)V 398 <appendix> member <vmtarget> ; # com/android/tools/r8/internal/B5$$Lambda+0x000001ec481ce880
instanceKlass  @cpi com/android/tools/r8/internal/B5 903 form vmentry <vmtarget> ; # java/lang/invoke/LambdaForm$DMH+0x000001ec481cc400
instanceKlass  @bci com/android/tools/r8/internal/B5 l (Lcom/android/tools/r8/graph/u1;)V 318 <appendix> argL0 ; # com/android/tools/r8/internal/B5$$Lambda+0x000001ec481ce660
instanceKlass  @bci com/android/tools/r8/internal/B5 l (Lcom/android/tools/r8/graph/u1;)V 260 <appendix> member <vmtarget> ; # com/android/tools/r8/internal/B5$$Lambda+0x000001ec481ce440
instanceKlass  @bci com/android/tools/r8/internal/B5 l (Lcom/android/tools/r8/graph/u1;)V 183 <appendix> argL0 ; # com/android/tools/r8/internal/B5$$Lambda+0x000001ec481ce220
instanceKlass  @bci com/android/tools/r8/internal/B5 l (Lcom/android/tools/r8/graph/u1;)V 125 <appendix> member <vmtarget> ; # com/android/tools/r8/internal/B5$$Lambda+0x000001ec481ce000
instanceKlass  @cpi com/android/tools/r8/internal/H2 15 form vmentry <vmtarget> ; # java/lang/invoke/LambdaForm$DMH+0x000001ec481cc000
instanceKlass  @bci com/android/tools/r8/internal/bf <clinit> ()V 16 <appendix> argL0 ; # com/android/tools/r8/internal/bf$$Lambda+0x000001ec481cbda0
instanceKlass  @bci com/android/tools/r8/internal/bf <clinit> ()V 8 <appendix> argL0 ; # com/android/tools/r8/internal/bf$$Lambda+0x000001ec481cbb70
instanceKlass  @bci com/android/tools/r8/internal/bf <clinit> ()V 0 <appendix> argL0 ; # com/android/tools/r8/internal/bf$$Lambda+0x000001ec481cb940
instanceKlass com/android/tools/r8/internal/bf
instanceKlass  @bci com/android/tools/r8/internal/B5 i (Lcom/android/tools/r8/graph/u1;)V 31 <appendix> argL0 ; # com/android/tools/r8/internal/B5$$Lambda+0x000001ec481cb518
instanceKlass  @bci com/android/tools/r8/internal/sW a ()Lcom/android/tools/r8/internal/y5; 0 <appendix> argL0 ; # com/android/tools/r8/internal/sW$$Lambda+0x000001ec481cb2e8
instanceKlass com/android/tools/r8/internal/sW
instanceKlass  @bci com/android/tools/r8/internal/B5 g (Lcom/android/tools/r8/graph/u1;)V 1590 <appendix> argL0 ; # com/android/tools/r8/internal/B5$$Lambda+0x000001ec481caec0
instanceKlass  @bci com/android/tools/r8/internal/B5 g (Lcom/android/tools/r8/graph/u1;)V 1510 <appendix> argL0 ; # com/android/tools/r8/internal/B5$$Lambda+0x000001ec481caca0
instanceKlass  @bci com/android/tools/r8/internal/B5 g (Lcom/android/tools/r8/graph/u1;)V 1424 <appendix> argL0 ; # com/android/tools/r8/internal/B5$$Lambda+0x000001ec481caa80
instanceKlass  @bci com/android/tools/r8/internal/B5 g (Lcom/android/tools/r8/graph/u1;)V 1361 <appendix> argL0 ; # com/android/tools/r8/internal/B5$$Lambda+0x000001ec481ca860
instanceKlass  @bci com/android/tools/r8/internal/B5 g (Lcom/android/tools/r8/graph/u1;)V 1282 <appendix> argL0 ; # com/android/tools/r8/internal/B5$$Lambda+0x000001ec481ca640
instanceKlass  @bci com/android/tools/r8/internal/B5 g (Lcom/android/tools/r8/graph/u1;)V 1212 <appendix> argL0 ; # com/android/tools/r8/internal/B5$$Lambda+0x000001ec481ca420
instanceKlass  @bci com/android/tools/r8/internal/B5 g (Lcom/android/tools/r8/graph/u1;)V 1132 <appendix> argL0 ; # com/android/tools/r8/internal/B5$$Lambda+0x000001ec481ca200
instanceKlass  @bci com/android/tools/r8/internal/B5 g (Lcom/android/tools/r8/graph/u1;)V 1063 <appendix> argL0 ; # com/android/tools/r8/internal/B5$$Lambda+0x000001ec481c9fe0
instanceKlass  @bci com/android/tools/r8/internal/B5 g (Lcom/android/tools/r8/graph/u1;)V 989 <appendix> argL0 ; # com/android/tools/r8/internal/B5$$Lambda+0x000001ec481c9dc0
instanceKlass  @bci com/android/tools/r8/internal/B5 g (Lcom/android/tools/r8/graph/u1;)V 918 <appendix> argL0 ; # com/android/tools/r8/internal/B5$$Lambda+0x000001ec481c9ba0
instanceKlass  @bci com/android/tools/r8/internal/B5 g (Lcom/android/tools/r8/graph/u1;)V 842 <appendix> argL0 ; # com/android/tools/r8/internal/B5$$Lambda+0x000001ec481c9980
instanceKlass  @bci com/android/tools/r8/internal/B5 g (Lcom/android/tools/r8/graph/u1;)V 769 <appendix> argL0 ; # com/android/tools/r8/internal/B5$$Lambda+0x000001ec481c9760
instanceKlass  @bci com/android/tools/r8/internal/B5 g (Lcom/android/tools/r8/graph/u1;)V 699 <appendix> argL0 ; # com/android/tools/r8/internal/B5$$Lambda+0x000001ec481c9540
instanceKlass  @bci com/android/tools/r8/internal/B5 g (Lcom/android/tools/r8/graph/u1;)V 622 <appendix> argL0 ; # com/android/tools/r8/internal/B5$$Lambda+0x000001ec481c9320
instanceKlass  @bci com/android/tools/r8/internal/B5 g (Lcom/android/tools/r8/graph/u1;)V 553 <appendix> argL0 ; # com/android/tools/r8/internal/B5$$Lambda+0x000001ec481c9100
instanceKlass  @bci com/android/tools/r8/internal/B5 g (Lcom/android/tools/r8/graph/u1;)V 484 <appendix> argL0 ; # com/android/tools/r8/internal/B5$$Lambda+0x000001ec481c8ee0
instanceKlass  @bci com/android/tools/r8/internal/B5 g (Lcom/android/tools/r8/graph/u1;)V 413 <appendix> argL0 ; # com/android/tools/r8/internal/B5$$Lambda+0x000001ec481c8cc0
instanceKlass  @bci com/android/tools/r8/internal/B5 g (Lcom/android/tools/r8/graph/u1;)V 342 <appendix> argL0 ; # com/android/tools/r8/internal/B5$$Lambda+0x000001ec481c8aa0
instanceKlass  @bci com/android/tools/r8/internal/B5 g (Lcom/android/tools/r8/graph/u1;)V 267 <appendix> argL0 ; # com/android/tools/r8/internal/B5$$Lambda+0x000001ec481c8880
instanceKlass  @bci com/android/tools/r8/internal/B5 g (Lcom/android/tools/r8/graph/u1;)V 199 <appendix> argL0 ; # com/android/tools/r8/internal/B5$$Lambda+0x000001ec481c8660
instanceKlass  @bci com/android/tools/r8/internal/B5 g (Lcom/android/tools/r8/graph/u1;)V 126 <appendix> argL0 ; # com/android/tools/r8/internal/B5$$Lambda+0x000001ec481c8440
instanceKlass  @bci com/android/tools/r8/internal/B5 g (Lcom/android/tools/r8/graph/u1;)V 58 <appendix> argL0 ; # com/android/tools/r8/internal/B5$$Lambda+0x000001ec481c8220
instanceKlass  @bci com/android/tools/r8/internal/B5 f (Lcom/android/tools/r8/graph/u1;)V 114 <appendix> argL0 ; # com/android/tools/r8/internal/B5$$Lambda+0x000001ec481c8000
instanceKlass  @bci com/android/tools/r8/internal/B5 f (Lcom/android/tools/r8/graph/u1;)V 57 <appendix> argL0 ; # com/android/tools/r8/internal/B5$$Lambda+0x000001ec481c4400
instanceKlass  @bci com/android/tools/r8/internal/B5 a (Lcom/android/tools/r8/graph/u1;Lcom/android/tools/r8/graph/M2;)V 343 <appendix> argL0 ; # com/android/tools/r8/internal/B5$$Lambda+0x000001ec481c4c40
instanceKlass  @bci com/android/tools/r8/internal/B5 a (Lcom/android/tools/r8/graph/u1;Lcom/android/tools/r8/graph/M2;)V 284 <appendix> argL0 ; # com/android/tools/r8/internal/B5$$Lambda+0x000001ec481c4a20
instanceKlass  @bci com/android/tools/r8/internal/B5 a (Lcom/android/tools/r8/graph/u1;Lcom/android/tools/r8/graph/M2;)V 225 <appendix> argL0 ; # com/android/tools/r8/internal/B5$$Lambda+0x000001ec481c4800
instanceKlass  @bci com/android/tools/r8/internal/B5 a (Lcom/android/tools/r8/graph/u1;Lcom/android/tools/r8/graph/M2;)V 166 <appendix> argL0 ; # com/android/tools/r8/internal/B5$$Lambda+0x000001ec481c5cc0
instanceKlass  @bci com/android/tools/r8/internal/B5 a (Lcom/android/tools/r8/graph/u1;Lcom/android/tools/r8/graph/M2;)V 107 <appendix> argL0 ; # com/android/tools/r8/internal/B5$$Lambda+0x000001ec481c5aa0
instanceKlass  @bci com/android/tools/r8/internal/B5 a (Lcom/android/tools/r8/graph/u1;Lcom/android/tools/r8/graph/M2;)V 48 <appendix> argL0 ; # com/android/tools/r8/internal/B5$$Lambda+0x000001ec481c5880
instanceKlass  @bci com/android/tools/r8/internal/B5 d (Lcom/android/tools/r8/graph/u1;)V 2725 <appendix> argL0 ; # com/android/tools/r8/internal/B5$$Lambda+0x000001ec481c5660
instanceKlass  @bci com/android/tools/r8/internal/B5 d (Lcom/android/tools/r8/graph/u1;)V 2650 <appendix> argL0 ; # com/android/tools/r8/internal/B5$$Lambda+0x000001ec481c5440
instanceKlass  @bci com/android/tools/r8/internal/B5 d (Lcom/android/tools/r8/graph/u1;)V 2573 <appendix> argL0 ; # com/android/tools/r8/internal/B5$$Lambda+0x000001ec481c5220
instanceKlass  @bci com/android/tools/r8/internal/B5 d (Lcom/android/tools/r8/graph/u1;)V 2496 <appendix> argL0 ; # com/android/tools/r8/internal/B5$$Lambda+0x000001ec481c5000
instanceKlass  @bci com/android/tools/r8/internal/B5 d (Lcom/android/tools/r8/graph/u1;)V 2424 <appendix> argL0 ; # com/android/tools/r8/internal/B5$$Lambda+0x000001ec481c7dd0
instanceKlass  @bci com/android/tools/r8/internal/B5 d (Lcom/android/tools/r8/graph/u1;)V 2352 <appendix> argL0 ; # com/android/tools/r8/internal/B5$$Lambda+0x000001ec481c7bb0
instanceKlass  @bci com/android/tools/r8/internal/B5 d (Lcom/android/tools/r8/graph/u1;)V 2275 <appendix> argL0 ; # com/android/tools/r8/internal/B5$$Lambda+0x000001ec481c7990
instanceKlass  @bci com/android/tools/r8/internal/B5 d (Lcom/android/tools/r8/graph/u1;)V 2198 <appendix> argL0 ; # com/android/tools/r8/internal/B5$$Lambda+0x000001ec481c7770
instanceKlass  @bci com/android/tools/r8/internal/B5 d (Lcom/android/tools/r8/graph/u1;)V 2121 <appendix> argL0 ; # com/android/tools/r8/internal/B5$$Lambda+0x000001ec481c7550
instanceKlass  @bci com/android/tools/r8/internal/B5 d (Lcom/android/tools/r8/graph/u1;)V 2044 <appendix> argL0 ; # com/android/tools/r8/internal/B5$$Lambda+0x000001ec481c7330
instanceKlass  @bci com/android/tools/r8/internal/B5 d (Lcom/android/tools/r8/graph/u1;)V 1967 <appendix> argL0 ; # com/android/tools/r8/internal/B5$$Lambda+0x000001ec481c7110
instanceKlass  @bci com/android/tools/r8/internal/B5 d (Lcom/android/tools/r8/graph/u1;)V 1890 <appendix> argL0 ; # com/android/tools/r8/internal/B5$$Lambda+0x000001ec481c6ef0
instanceKlass  @bci com/android/tools/r8/internal/B5 d (Lcom/android/tools/r8/graph/u1;)V 1813 <appendix> argL0 ; # com/android/tools/r8/internal/B5$$Lambda+0x000001ec481c6cd0
instanceKlass  @bci com/android/tools/r8/internal/B5 d (Lcom/android/tools/r8/graph/u1;)V 1430 <appendix> argL0 ; # com/android/tools/r8/internal/B5$$Lambda+0x000001ec481c6ab0
instanceKlass  @bci com/android/tools/r8/internal/i7 a (Lcom/android/tools/r8/internal/sa;)Lcom/android/tools/r8/internal/y5; 1 <appendix> member <vmtarget> ; # com/android/tools/r8/internal/i7$$Lambda+0x000001ec481c6878
instanceKlass com/android/tools/r8/internal/i7
instanceKlass  @bci com/android/tools/r8/internal/B5 d (Lcom/android/tools/r8/graph/u1;)V 1147 <appendix> argL0 ; # com/android/tools/r8/internal/B5$$Lambda+0x000001ec481c6450
instanceKlass  @bci com/android/tools/r8/internal/B5 d (Lcom/android/tools/r8/graph/u1;)V 1076 <appendix> argL0 ; # com/android/tools/r8/internal/B5$$Lambda+0x000001ec481c6230
instanceKlass  @bci com/android/tools/r8/internal/Rx a ()Lcom/android/tools/r8/internal/y5; 0 <appendix> argL0 ; # com/android/tools/r8/internal/Rx$$Lambda+0x000001ec481c6000
instanceKlass com/android/tools/r8/internal/Rx
instanceKlass  @bci com/android/tools/r8/internal/B5 d (Lcom/android/tools/r8/graph/u1;)V 736 <appendix> argL0 ; # com/android/tools/r8/internal/B5$$Lambda+0x000001ec481c3a60
instanceKlass  @bci com/android/tools/r8/internal/B5 d (Lcom/android/tools/r8/graph/u1;)V 465 <appendix> argL0 ; # com/android/tools/r8/internal/B5$$Lambda+0x000001ec481c3840
instanceKlass  @cpi com/android/tools/r8/internal/bf 39 form vmentry <vmtarget> ; # java/lang/invoke/LambdaForm$DMH+0x000001ec481c4000
instanceKlass com/android/tools/r8/internal/K5
instanceKlass com/android/tools/r8/internal/H5
instanceKlass com/android/tools/r8/internal/s5
instanceKlass  @bci com/android/tools/r8/internal/G20 a ()Lcom/android/tools/r8/internal/y5; 0 <appendix> argL0 ; # com/android/tools/r8/internal/G20$$Lambda+0x000001ec481c3008
instanceKlass  @bci com/android/tools/r8/internal/G20 b ()Lcom/android/tools/r8/internal/y5; 0 <appendix> argL0 ; # com/android/tools/r8/internal/G20$$Lambda+0x000001ec481c2dd8
instanceKlass com/android/tools/r8/internal/G20
instanceKlass com/android/tools/r8/internal/v5
instanceKlass com/android/tools/r8/internal/y5
instanceKlass com/android/tools/r8/internal/z5
instanceKlass com/android/tools/r8/internal/B5
instanceKlass com/android/tools/r8/internal/J5
instanceKlass com/android/tools/r8/internal/ZZ
instanceKlass com/android/tools/r8/internal/E9
instanceKlass com/android/tools/r8/internal/XZ
instanceKlass com/android/tools/r8/internal/Z9
instanceKlass com/android/tools/r8/internal/aa
instanceKlass java/util/Collections$2
instanceKlass  @bci com/android/tools/r8/internal/xB <init> (Lcom/android/tools/r8/graph/y;)V 628 <appendix> member <vmtarget> ; # com/android/tools/r8/internal/xB$$Lambda+0x000001ec481bf7d0
instanceKlass com/android/tools/r8/internal/fA
instanceKlass com/android/tools/r8/ir/optimize/M
instanceKlass  @bci com/android/tools/r8/ir/optimize/f <init> (Lcom/android/tools/r8/graph/y;)V 93 <appendix> member <vmtarget> ; # com/android/tools/r8/ir/optimize/f$$Lambda+0x000001ec481beb08
instanceKlass java/util/ArrayList$ArrayListSpliterator
instanceKlass com/android/tools/r8/ir/optimize/d
instanceKlass com/android/tools/r8/ir/optimize/e
instanceKlass com/android/tools/r8/ir/optimize/F
instanceKlass com/android/tools/r8/ir/optimize/w
instanceKlass com/android/tools/r8/internal/Be
instanceKlass com/android/tools/r8/ir/optimize/y0
instanceKlass com/android/tools/r8/internal/I7
instanceKlass com/android/tools/r8/internal/LE
instanceKlass com/android/tools/r8/internal/Jq0
instanceKlass com/android/tools/r8/internal/Kq0
instanceKlass com/android/tools/r8/internal/Zj
instanceKlass com/android/tools/r8/internal/fK
instanceKlass com/android/tools/r8/internal/zx0
instanceKlass com/android/tools/r8/internal/De
instanceKlass com/android/tools/r8/internal/oH
instanceKlass com/android/tools/r8/ir/optimize/x
instanceKlass com/android/tools/r8/graph/R5
instanceKlass com/android/tools/r8/graph/P5
instanceKlass com/android/tools/r8/graph/d
instanceKlass com/android/tools/r8/shaking/j
instanceKlass com/android/tools/r8/graph/h3
instanceKlass com/android/tools/r8/graph/w5
instanceKlass com/android/tools/r8/graph/t5
instanceKlass com/android/tools/r8/shaking/z1
instanceKlass com/android/tools/r8/internal/ui
instanceKlass com/android/tools/r8/internal/Sa
instanceKlass com/android/tools/r8/internal/Wa
instanceKlass com/android/tools/r8/internal/m5
instanceKlass com/android/tools/r8/internal/n5
instanceKlass com/android/tools/r8/internal/Km
instanceKlass com/android/tools/r8/internal/Mm
instanceKlass com/android/tools/r8/internal/Om
instanceKlass com/android/tools/r8/internal/iJ
instanceKlass com/android/tools/r8/internal/Am
instanceKlass com/android/tools/r8/internal/ym
instanceKlass com/android/tools/r8/internal/Pc
instanceKlass com/android/tools/r8/internal/sX
instanceKlass com/android/tools/r8/internal/bU
instanceKlass com/android/tools/r8/internal/yB
instanceKlass com/android/tools/r8/internal/jE
instanceKlass com/android/tools/r8/internal/ex
instanceKlass com/android/tools/r8/internal/Ep0
instanceKlass com/android/tools/r8/internal/vv
instanceKlass com/android/tools/r8/internal/Wn
instanceKlass com/android/tools/r8/internal/d2
instanceKlass com/android/tools/r8/internal/h60
instanceKlass com/android/tools/r8/internal/mY
instanceKlass com/android/tools/r8/internal/kY
instanceKlass com/android/tools/r8/internal/lD
instanceKlass com/android/tools/r8/internal/RX
instanceKlass com/android/tools/r8/internal/Ae
instanceKlass com/android/tools/r8/internal/NW
instanceKlass com/android/tools/r8/internal/t20
instanceKlass com/android/tools/r8/internal/Ju
instanceKlass com/android/tools/r8/internal/H50
instanceKlass com/android/tools/r8/internal/ca
instanceKlass com/android/tools/r8/internal/xB
instanceKlass com/android/tools/r8/internal/Zy
instanceKlass com/android/tools/r8/internal/i60
instanceKlass com/android/tools/r8/internal/f2
instanceKlass com/android/tools/r8/internal/p7
instanceKlass com/android/tools/r8/internal/dA
instanceKlass com/android/tools/r8/internal/Iy0
instanceKlass com/android/tools/r8/internal/Mb
instanceKlass com/android/tools/r8/internal/J9
instanceKlass com/android/tools/r8/internal/KF
instanceKlass com/android/tools/r8/internal/M
instanceKlass com/android/tools/r8/internal/RF
instanceKlass com/android/tools/r8/internal/G70
instanceKlass com/android/tools/r8/internal/Q5
instanceKlass com/android/tools/r8/internal/RD
instanceKlass com/android/tools/r8/internal/An0
instanceKlass com/android/tools/r8/internal/vy
instanceKlass com/android/tools/r8/internal/o80
instanceKlass com/android/tools/r8/internal/ND
instanceKlass com/android/tools/r8/internal/DI
instanceKlass com/android/tools/r8/internal/yG
instanceKlass com/android/tools/r8/internal/H9$a
instanceKlass  @bci java/util/ArrayDeque copyElements (Ljava/util/Collection;)V 2 <appendix> member <vmtarget> ; # java/util/ArrayDeque$$Lambda+0x000001ec48059940
instanceKlass com/android/tools/r8/internal/vb
instanceKlass com/android/tools/r8/internal/L
instanceKlass com/android/tools/r8/internal/v8
instanceKlass com/android/tools/r8/internal/wG
instanceKlass com/android/tools/r8/position/TextPosition
instanceKlass com/android/tools/r8/internal/SF
instanceKlass com/android/tools/r8/position/TextRange
instanceKlass com/android/tools/r8/internal/io0
instanceKlass com/android/tools/r8/internal/Dr0
instanceKlass com/android/tools/r8/internal/P8
instanceKlass com/android/tools/r8/internal/M9
instanceKlass com/android/tools/r8/graph/g6
instanceKlass com/android/tools/r8/graph/G$a
# instanceKlass com/android/tools/r8/graph/w4$$Lambda+0x000001ec4817dca0
# instanceKlass com/android/tools/r8/graph/w4$$Lambda+0x000001ec4817da58
# instanceKlass com/android/tools/r8/graph/w4$$Lambda+0x000001ec4817d810
# instanceKlass com/android/tools/r8/graph/w4$$Lambda+0x000001ec4817d5c8
instanceKlass  @bci com/android/tools/r8/graph/w4 a (Lcom/android/tools/r8/graph/j0;)Lcom/android/tools/r8/graph/j0; 6 <appendix> member <vmtarget> ; # com/android/tools/r8/graph/w4$$Lambda+0x000001ec4817d380
instanceKlass com/android/tools/r8/internal/X
instanceKlass com/android/tools/r8/graph/j0
instanceKlass com/android/tools/r8/internal/D1
instanceKlass com/android/tools/r8/internal/Lt0
instanceKlass com/android/tools/r8/internal/ub
instanceKlass com/android/tools/r8/internal/Na
instanceKlass com/android/tools/r8/internal/La
# instanceKlass com/android/tools/r8/graph/w4$$Lambda+0x000001ec48179ac0
# instanceKlass com/android/tools/r8/graph/w4$$Lambda+0x000001ec48179880
# instanceKlass com/android/tools/r8/graph/w4$$Lambda+0x000001ec48179640
# instanceKlass com/android/tools/r8/graph/w4$$Lambda+0x000001ec48179400
# instanceKlass com/android/tools/r8/graph/w4$$Lambda+0x000001ec481791c0
# instanceKlass com/android/tools/r8/graph/w4$$Lambda+0x000001ec48178f80
# instanceKlass com/android/tools/r8/graph/w4$$Lambda+0x000001ec48178d40
# instanceKlass com/android/tools/r8/graph/w4$$Lambda+0x000001ec48178b00
# instanceKlass com/android/tools/r8/graph/w4$$Lambda+0x000001ec481788c0
instanceKlass  @bci com/android/tools/r8/graph/w4 b (Lcom/android/tools/r8/internal/DR;)Lcom/android/tools/r8/internal/ma; 5 <appendix> argL0 ; # com/android/tools/r8/graph/w4$$Lambda+0x000001ec48178680
# instanceKlass com/android/tools/r8/graph/w4$$Lambda+0x000001ec48178440
# instanceKlass com/android/tools/r8/graph/w4$$Lambda+0x000001ec48178200
instanceKlass com/android/tools/r8/internal/hI
instanceKlass com/android/tools/r8/internal/UH
# instanceKlass com/android/tools/r8/graph/s4$$Lambda+0x000001ec48177b18
# instanceKlass com/android/tools/r8/graph/s4$$Lambda+0x000001ec481778f0
# instanceKlass com/android/tools/r8/graph/s4$$Lambda+0x000001ec481776c8
# instanceKlass com/android/tools/r8/graph/s4$$Lambda+0x000001ec481774a0
# instanceKlass com/android/tools/r8/graph/s4$$Lambda+0x000001ec48177278
# instanceKlass com/android/tools/r8/graph/s4$$Lambda+0x000001ec48177050
# instanceKlass com/android/tools/r8/graph/s4$$Lambda+0x000001ec48176e28
# instanceKlass com/android/tools/r8/graph/s4$$Lambda+0x000001ec48176c00
# instanceKlass com/android/tools/r8/graph/s4$$Lambda+0x000001ec481769d8
# instanceKlass com/android/tools/r8/graph/s4$$Lambda+0x000001ec481767b0
instanceKlass  @bci com/android/tools/r8/graph/s4 a (ILjava/lang/String;Ljava/lang/String;Ljava/lang/String;[Ljava/lang/String;)Lcom/android/tools/r8/internal/rY; 82 <appendix> member <vmtarget> ; # com/android/tools/r8/graph/s4$$Lambda+0x000001ec48176588
# instanceKlass com/android/tools/r8/graph/s4$$Lambda+0x000001ec4816dc60
instanceKlass com/android/tools/r8/internal/H70
instanceKlass com/android/tools/r8/internal/wy
instanceKlass com/android/tools/r8/internal/gI
instanceKlass com/android/tools/r8/internal/Nb
instanceKlass com/android/tools/r8/graph/u4
instanceKlass  @bci com/android/tools/r8/internal/ss0 a ()Ljava/util/ArrayList; 19 <appendix> member <vmtarget> ; # com/android/tools/r8/internal/ss0$$Lambda+0x000001ec4816a998
# instanceKlass com/android/tools/r8/graph/x4$$Lambda+0x000001ec4816a088
# instanceKlass com/android/tools/r8/graph/x4$$Lambda+0x000001ec48169e60
# instanceKlass com/android/tools/r8/graph/x4$$Lambda+0x000001ec48169c38
# instanceKlass com/android/tools/r8/graph/x4$$Lambda+0x000001ec48169a10
# instanceKlass com/android/tools/r8/graph/x4$$Lambda+0x000001ec481697e8
# instanceKlass com/android/tools/r8/graph/x4$$Lambda+0x000001ec481695c0
# instanceKlass com/android/tools/r8/graph/x4$$Lambda+0x000001ec48169398
# instanceKlass com/android/tools/r8/graph/x4$$Lambda+0x000001ec48169170
# instanceKlass com/android/tools/r8/graph/x4$$Lambda+0x000001ec48168f48
instanceKlass com/android/tools/r8/internal/bL
instanceKlass com/android/tools/r8/graph/t4
instanceKlass  @bci com/android/tools/r8/graph/x4 V ()Lcom/android/tools/r8/graph/G; 12 <appendix> member <vmtarget> ; # com/android/tools/r8/graph/x4$$Lambda+0x000001ec481688c8
# instanceKlass com/android/tools/r8/graph/S4$$Lambda+0x000001ec48168670
instanceKlass  @bci com/android/tools/r8/graph/S4 k ()Ljava/util/Iterator; 16 <appendix> member <vmtarget> ; # com/android/tools/r8/graph/S4$$Lambda+0x000001ec48168418
instanceKlass  @cpi com/android/tools/r8/internal/Hf0 383 form vmentry <vmtarget> ; # java/lang/invoke/LambdaForm$DMH+0x000001ec4816c000
instanceKlass com/android/tools/r8/graph/f3
# instanceKlass com/android/tools/r8/graph/S4$$Lambda+0x000001ec48166e90
instanceKlass  @bci com/android/tools/r8/graph/S4 c ()Ljava/lang/Iterable; 1 <appendix> member <vmtarget> ; # com/android/tools/r8/graph/S4$$Lambda+0x000001ec481666a8
instanceKlass  @bci com/android/tools/r8/ir/optimize/b0 a (Lcom/android/tools/r8/internal/ME;)Z 246 <adapter> ; # java/lang/invoke/LambdaForm$MH+0x000001ec48165800
# instanceKlass java/lang/invoke/LambdaForm$DMH+0x000001ec48165400
instanceKlass  @bci com/android/tools/r8/ir/optimize/b0 a (Lcom/android/tools/r8/internal/ME;)Z 246 <appendix> form vmentry <vmtarget> ; # java/lang/invoke/LambdaForm$DMH+0x000001ec48165000
instanceKlass  @bci com/android/tools/r8/internal/Fs0 a (Lcom/android/tools/r8/internal/ss0;Lcom/android/tools/r8/internal/Xs0;ILjava/lang/Object;)V 5 <appendix> member <vmtarget> ; # com/android/tools/r8/internal/Fs0$$Lambda+0x000001ec48166480
instanceKlass  @bci com/android/tools/r8/internal/my a (Lcom/android/tools/r8/internal/mI;)V 9 <appendix> member <vmtarget> ; # com/android/tools/r8/internal/my$$Lambda+0x000001ec48166248
instanceKlass com/android/tools/r8/internal/VH
instanceKlass  @bci com/android/tools/r8/internal/Fs0 a (Lcom/android/tools/r8/internal/my;Lcom/android/tools/r8/internal/Xs0;Ljava/util/function/Predicate;Lcom/android/tools/r8/threading/ThreadingModule;Ljava/util/concurrent/ExecutorService;)Ljava/util/ArrayList; 20 <appendix> member <vmtarget> ; # com/android/tools/r8/internal/Fs0$$Lambda+0x000001ec48163c88
instanceKlass  @cpi com/android/tools/r8/internal/Fs0 71 form vmentry <vmtarget> ; # java/lang/invoke/LambdaForm$DMH+0x000001ec48164c00
instanceKlass com/android/tools/r8/internal/mI
instanceKlass  @bci com/android/tools/r8/internal/Fs0 a (Lcom/android/tools/r8/internal/my;Lcom/android/tools/r8/internal/Ws0;Lcom/android/tools/r8/threading/ThreadingModule;Ljava/util/concurrent/ExecutorService;)V 2 <appendix> member <vmtarget> ; # com/android/tools/r8/internal/Fs0$$Lambda+0x000001ec48163860
instanceKlass com/android/tools/r8/internal/Xs0
instanceKlass  @bci com/android/tools/r8/internal/Fs0 a (Ljava/util/Collection;Lcom/android/tools/r8/internal/nU;Lcom/android/tools/r8/threading/ThreadingModule;Ljava/util/concurrent/ExecutorService;Lcom/android/tools/r8/internal/Fs0$a;)V 26 <appendix> member <vmtarget> ; # com/android/tools/r8/internal/Fs0$$Lambda+0x000001ec48163438
instanceKlass  @cpi com/android/tools/r8/internal/Fs0 121 form vmentry <vmtarget> ; # java/lang/invoke/LambdaForm$DMH+0x000001ec48164800
instanceKlass com/android/tools/r8/internal/Ws0
instanceKlass  @bci com/android/tools/r8/internal/Fs0 a (Ljava/util/Collection;Lcom/android/tools/r8/internal/nU;Lcom/android/tools/r8/threading/ThreadingModule;Ljava/util/concurrent/ExecutorService;Lcom/android/tools/r8/internal/Fs0$a;)V 15 <appendix> member <vmtarget> ; # com/android/tools/r8/internal/Fs0$$Lambda+0x000001ec48163000
instanceKlass  @cpi com/android/tools/r8/internal/Fs0 53 form vmentry <vmtarget> ; # java/lang/invoke/LambdaForm$DMH+0x000001ec48164400
instanceKlass com/android/tools/r8/internal/my
instanceKlass  @bci com/android/tools/r8/internal/Fs0 a (Ljava/util/Collection;Ljava/util/function/Consumer;Lcom/android/tools/r8/threading/ThreadingModule;Ljava/util/concurrent/ExecutorService;)V 2 <appendix> member <vmtarget> ; # com/android/tools/r8/internal/Fs0$$Lambda+0x000001ec48162990
instanceKlass  @cpi com/android/tools/r8/internal/Gf0 132 form vmentry <vmtarget> ; # java/lang/invoke/LambdaForm$DMH+0x000001ec48164000
instanceKlass com/android/tools/r8/internal/nU
instanceKlass  @bci com/android/tools/r8/D8 d (Lcom/android/tools/r8/utils/i;Lcom/android/tools/r8/internal/QJ;Ljava/util/concurrent/ExecutorService;)V 337 <appendix> member <vmtarget> ; # com/android/tools/r8/D8$$Lambda+0x000001ec48162558
instanceKlass  @bci java/util/stream/Collectors toList ()Ljava/util/stream/Collector; 14 <appendix> argL0 ; # java/util/stream/Collectors$$Lambda+0x000001ec480c3e68
instanceKlass  @bci java/util/stream/Collectors toList ()Ljava/util/stream/Collector; 9 <appendix> argL0 ; # java/util/stream/Collectors$$Lambda+0x000001ec4804e940
instanceKlass  @bci java/util/stream/Collectors toList ()Ljava/util/stream/Collector; 4 <appendix> argL0 ; # java/util/stream/Collectors$$Lambda+0x000001ec4804e4d0
instanceKlass  @bci com/android/tools/r8/internal/Yc <init> (Lcom/android/tools/r8/graph/y;)V 50 <appendix> member <vmtarget> ; # com/android/tools/r8/internal/Yc$$Lambda+0x000001ec48162310
instanceKlass com/android/tools/r8/references/MethodReference
instanceKlass com/android/tools/r8/internal/Z40
instanceKlass com/android/tools/r8/internal/GX
instanceKlass com/android/tools/r8/internal/Gw
instanceKlass com/android/tools/r8/internal/X9
instanceKlass com/android/tools/r8/internal/Ma
instanceKlass com/android/tools/r8/internal/Yc
instanceKlass com/android/tools/r8/internal/o00
instanceKlass com/android/tools/r8/internal/zt0
instanceKlass com/android/tools/r8/internal/Ad0
instanceKlass com/android/tools/r8/internal/u1
instanceKlass com/android/tools/r8/internal/yd0
instanceKlass com/android/tools/r8/internal/Jw
instanceKlass com/android/tools/r8/ir/optimize/f
instanceKlass  @bci com/android/tools/r8/synthesis/E a (Lcom/android/tools/r8/graph/y;Lcom/android/tools/r8/synthesis/c;)V 18 <appendix> member <vmtarget> ; # com/android/tools/r8/synthesis/E$$Lambda+0x000001ec48159db8
instanceKlass com/android/tools/r8/synthesis/c
instanceKlass  @bci com/android/tools/r8/internal/GV a (Ljava/util/function/Supplier;)Ljava/util/function/Function; 1 <appendix> member <vmtarget> ; # com/android/tools/r8/internal/GV$$Lambda+0x000001ec48158980
instanceKlass  @bci com/android/tools/r8/shaking/k a (Lcom/android/tools/r8/graph/w2;)Lcom/android/tools/r8/internal/H4; 5 <appendix> argL0 ; # com/android/tools/r8/shaking/k$$Lambda+0x000001ec48158760
instanceKlass com/android/tools/r8/internal/I4
instanceKlass com/android/tools/r8/internal/cg
instanceKlass com/android/tools/r8/internal/Kx0
instanceKlass  @bci com/android/tools/r8/graph/y <init> (Lcom/android/tools/r8/graph/h;Lcom/android/tools/r8/internal/o4;Lcom/android/tools/r8/internal/kp0;ILcom/android/tools/r8/internal/at0;)V 623 <appendix> member <vmtarget> ; # com/android/tools/r8/graph/y$$Lambda+0x000001ec481578b8
instanceKlass com/android/tools/r8/androidapi/f$a
instanceKlass  @bci com/android/tools/r8/graph/y <init> (Lcom/android/tools/r8/graph/h;Lcom/android/tools/r8/internal/o4;Lcom/android/tools/r8/internal/kp0;ILcom/android/tools/r8/internal/at0;)V 602 <appendix> member <vmtarget> ; # com/android/tools/r8/graph/y$$Lambda+0x000001ec48156b38
instanceKlass com/android/tools/r8/androidapi/a
instanceKlass  @bci com/android/tools/r8/graph/y <init> (Lcom/android/tools/r8/graph/h;Lcom/android/tools/r8/internal/o4;Lcom/android/tools/r8/internal/kp0;ILcom/android/tools/r8/internal/at0;)V 581 <appendix> member <vmtarget> ; # com/android/tools/r8/graph/y$$Lambda+0x000001ec481566c8
instanceKlass com/android/tools/r8/internal/Cb0
instanceKlass  @bci com/android/tools/r8/internal/FS a ()V 43 <appendix> member <vmtarget> ; # com/android/tools/r8/internal/FS$$Lambda+0x000001ec48156280
instanceKlass  @bci com/android/tools/r8/internal/FS <init> (Lcom/android/tools/r8/graph/y;Lcom/android/tools/r8/internal/at0;)V 315 <appendix> member <vmtarget> ; # com/android/tools/r8/internal/FS$$Lambda+0x000001ec48156058
instanceKlass com/android/tools/r8/internal/GS
instanceKlass com/android/tools/r8/internal/nq0
instanceKlass com/android/tools/r8/internal/qw
instanceKlass com/android/tools/r8/internal/FE
instanceKlass com/android/tools/r8/internal/Bx0
instanceKlass  @bci com/android/tools/r8/internal/FS <init> (Lcom/android/tools/r8/graph/y;Lcom/android/tools/r8/internal/at0;)V 46 <appendix> member <vmtarget> ; # com/android/tools/r8/internal/FS$$Lambda+0x000001ec4814f7d8
instanceKlass com/android/tools/r8/internal/xp0
instanceKlass com/android/tools/r8/internal/RE
instanceKlass com/android/tools/r8/internal/h80
instanceKlass com/android/tools/r8/internal/NE
instanceKlass com/android/tools/r8/internal/v00
instanceKlass com/android/tools/r8/internal/tE
instanceKlass com/android/tools/r8/internal/hE
instanceKlass com/android/tools/r8/internal/rR
instanceKlass com/android/tools/r8/internal/p
instanceKlass com/android/tools/r8/internal/HS
instanceKlass  @bci com/android/tools/r8/graph/y <init> (Lcom/android/tools/r8/graph/h;Lcom/android/tools/r8/internal/o4;Lcom/android/tools/r8/internal/kp0;ILcom/android/tools/r8/internal/at0;)V 560 <appendix> member <vmtarget> ; # com/android/tools/r8/graph/y$$Lambda+0x000001ec4814c6c0
instanceKlass com/android/tools/r8/internal/FS
instanceKlass  @bci com/android/tools/r8/internal/JS a (Lcom/android/tools/r8/graph/y;Lcom/android/tools/r8/graph/u1;)Lcom/android/tools/r8/internal/AC; 134 <appendix> member <vmtarget> ; # com/android/tools/r8/internal/JS$$Lambda+0x000001ec4814c258
instanceKlass  @bci com/android/tools/r8/internal/JS a (Lcom/android/tools/r8/graph/y;Lcom/android/tools/r8/graph/u1;)Lcom/android/tools/r8/internal/AC; 88 <appendix> member <vmtarget> ; # com/android/tools/r8/internal/JS$$Lambda+0x000001ec4814c000
instanceKlass  @cpi com/android/tools/r8/internal/Hf0 363 form vmentry <vmtarget> ; # java/lang/invoke/LambdaForm$DMH+0x000001ec48148400
instanceKlass  @bci com/android/tools/r8/internal/JS a (Lcom/android/tools/r8/graph/y;Lcom/android/tools/r8/graph/u1;)Lcom/android/tools/r8/internal/AC; 68 <appendix> member <vmtarget> ; # com/android/tools/r8/internal/JS$$Lambda+0x000001ec48147d20
instanceKlass  @bci com/android/tools/r8/internal/JS a (Lcom/android/tools/r8/graph/y;Lcom/android/tools/r8/graph/u1;)Lcom/android/tools/r8/internal/AC; 51 <appendix> argL0 ; # com/android/tools/r8/internal/JS$$Lambda+0x000001ec48147ad0
instanceKlass  @bci com/android/tools/r8/internal/JS a (Lcom/android/tools/r8/graph/y;Lcom/android/tools/r8/graph/u1;)Lcom/android/tools/r8/internal/AC; 34 <appendix> member <vmtarget> ; # com/android/tools/r8/internal/JS$$Lambda+0x000001ec48147878
instanceKlass  @cpi com/android/tools/r8/internal/US 1741 form vmentry <vmtarget> ; # java/lang/invoke/LambdaForm$DMH+0x000001ec48148000
instanceKlass  @bci com/android/tools/r8/internal/JS a (Lcom/android/tools/r8/graph/y;Lcom/android/tools/r8/graph/u1;)Lcom/android/tools/r8/internal/AC; 17 <appendix> argL0 ; # com/android/tools/r8/internal/JS$$Lambda+0x000001ec48147628
instanceKlass  @bci com/android/tools/r8/graph/y <init> (Lcom/android/tools/r8/graph/h;Lcom/android/tools/r8/internal/o4;Lcom/android/tools/r8/internal/kp0;ILcom/android/tools/r8/internal/at0;)V 537 <appendix> member <vmtarget> ; # com/android/tools/r8/graph/y$$Lambda+0x000001ec48147400
instanceKlass com/android/tools/r8/internal/JS
instanceKlass  @bci com/android/tools/r8/graph/y <init> (Lcom/android/tools/r8/graph/h;Lcom/android/tools/r8/internal/o4;Lcom/android/tools/r8/internal/kp0;ILcom/android/tools/r8/internal/at0;)V 400 <appendix> argL0 ; # com/android/tools/r8/graph/y$$Lambda+0x000001ec48146fd0
instanceKlass com/android/tools/r8/internal/HD
instanceKlass  @bci com/android/tools/r8/graph/y <init> (Lcom/android/tools/r8/graph/h;Lcom/android/tools/r8/internal/o4;Lcom/android/tools/r8/internal/kp0;ILcom/android/tools/r8/internal/at0;)V 380 <appendix> member <vmtarget> ; # com/android/tools/r8/graph/y$$Lambda+0x000001ec48146540
instanceKlass com/android/tools/r8/internal/ot
instanceKlass com/android/tools/r8/internal/K1
instanceKlass com/android/tools/r8/internal/G1
instanceKlass  @bci com/android/tools/r8/graph/y <init> (Lcom/android/tools/r8/graph/h;Lcom/android/tools/r8/internal/o4;Lcom/android/tools/r8/internal/kp0;ILcom/android/tools/r8/internal/at0;)V 258 <appendix> member <vmtarget> ; # com/android/tools/r8/graph/y$$Lambda+0x000001ec48145508
instanceKlass com/android/tools/r8/internal/Pf
instanceKlass com/android/tools/r8/internal/St
instanceKlass com/android/tools/r8/internal/u6
instanceKlass com/android/tools/r8/internal/PA
instanceKlass com/android/tools/r8/internal/QW
instanceKlass  @bci com/android/tools/r8/internal/Vm0 <init> ()V 91 <appendix> member <vmtarget> ; # com/android/tools/r8/internal/Vm0$$Lambda+0x000001ec48144790
instanceKlass com/android/tools/r8/internal/e20
instanceKlass  @bci com/android/tools/r8/internal/Vm0 <init> ()V 72 <appendix> member <vmtarget> ; # com/android/tools/r8/internal/Vm0$$Lambda+0x000001ec48143c28
instanceKlass  @bci com/android/tools/r8/internal/Vm0 <init> ()V 53 <appendix> member <vmtarget> ; # com/android/tools/r8/internal/Vm0$$Lambda+0x000001ec48143808
instanceKlass  @bci com/android/tools/r8/internal/Vm0 <init> ()V 34 <appendix> member <vmtarget> ; # com/android/tools/r8/internal/Vm0$$Lambda+0x000001ec481435e0
instanceKlass com/android/tools/r8/internal/ME
instanceKlass com/android/tools/r8/internal/rW
instanceKlass com/android/tools/r8/internal/SE
instanceKlass com/android/tools/r8/internal/TE
instanceKlass com/android/tools/r8/internal/I
instanceKlass com/android/tools/r8/internal/QF
instanceKlass  @bci com/android/tools/r8/internal/Vm0 <init> ()V 15 <appendix> member <vmtarget> ; # com/android/tools/r8/internal/Vm0$$Lambda+0x000001ec48140840
instanceKlass com/android/tools/r8/internal/Vm0
instanceKlass com/android/tools/r8/internal/iE
instanceKlass com/android/tools/r8/internal/fY
instanceKlass com/android/tools/r8/internal/wW
instanceKlass com/android/tools/r8/internal/co
instanceKlass  @bci com/android/tools/r8/shaking/k a (Ljava/util/function/BiConsumer;)V 5 <appendix> member <vmtarget> ; # com/android/tools/r8/shaking/k$$Lambda+0x000001ec4813f468
instanceKlass com/android/tools/r8/internal/H4
instanceKlass  @bci com/android/tools/r8/internal/GV a (Lcom/android/tools/r8/internal/g6;I)Ljava/util/IdentityHashMap; 11 <appendix> member <vmtarget> ; # com/android/tools/r8/internal/GV$$Lambda+0x000001ec4813f020
instanceKlass  @cpi com/android/tools/r8/internal/GV 94 form vmentry <vmtarget> ; # java/lang/invoke/LambdaForm$DMH+0x000001ec480b1800
instanceKlass com/android/tools/r8/internal/GV
instanceKlass  @bci com/android/tools/r8/shaking/k a ()Lcom/android/tools/r8/shaking/l; 5 <appendix> member <vmtarget> ; # com/android/tools/r8/shaking/k$$Lambda+0x000001ec4813ebf0
instanceKlass com/android/tools/r8/internal/g6
instanceKlass com/android/tools/r8/shaking/l
instanceKlass com/android/tools/r8/shaking/k
instanceKlass com/android/tools/r8/internal/l1
instanceKlass  @bci com/android/tools/r8/internal/kp0 a (Lcom/android/tools/r8/graph/x0;)Lcom/android/tools/r8/internal/kp0; 5 <appendix> member <vmtarget> ; # com/android/tools/r8/internal/kp0$$Lambda+0x000001ec48135000
instanceKlass com/android/tools/r8/startup/diagnostic/MissingStartupProfileItemsDiagnostic$a
instanceKlass com/android/tools/r8/startup/StartupProfileBuilder
instanceKlass com/android/tools/r8/internal/kp0
instanceKlass com/android/tools/r8/internal/m1
instanceKlass  @bci com/android/tools/r8/internal/v4 a ()Ljava/util/List; 88 <appendix> argL0 ; # com/android/tools/r8/internal/v4$$Lambda+0x000001ec480bca90
instanceKlass com/android/tools/r8/profile/art/ArtProfileBuilder
instanceKlass com/android/tools/r8/internal/o4
instanceKlass com/android/tools/r8/internal/Jf
instanceKlass com/android/tools/r8/naming/q0
instanceKlass com/android/tools/r8/internal/X40
instanceKlass com/android/tools/r8/internal/q6
instanceKlass com/android/tools/r8/internal/m6
instanceKlass com/android/tools/r8/internal/o6
instanceKlass com/android/tools/r8/internal/l6
instanceKlass  @bci com/android/tools/r8/D8 a (Lcom/android/tools/r8/utils/i;Lcom/android/tools/r8/internal/QJ;Ljava/util/concurrent/ExecutorService;Lcom/android/tools/r8/internal/at0;)Lcom/android/tools/r8/graph/y; 74 <appendix> member <vmtarget> ; # com/android/tools/r8/D8$$Lambda+0x000001ec480b0870
instanceKlass com/android/tools/r8/internal/V6
instanceKlass com/android/tools/r8/synthesis/F
instanceKlass com/android/tools/r8/synthesis/d
instanceKlass com/android/tools/r8/synthesis/b
instanceKlass com/android/tools/r8/SyntheticInfoConsumerData
instanceKlass com/android/tools/r8/synthesis/Y
instanceKlass com/android/tools/r8/synthesis/s
instanceKlass com/android/tools/r8/synthesis/t
instanceKlass com/android/tools/r8/synthesis/m
instanceKlass com/android/tools/r8/synthesis/k
instanceKlass com/android/tools/r8/synthesis/Z
instanceKlass com/android/tools/r8/internal/jy
instanceKlass com/android/tools/r8/graph/a6
instanceKlass com/android/tools/r8/graph/M4
instanceKlass com/android/tools/r8/shaking/n2
instanceKlass com/android/tools/r8/shaking/p2
instanceKlass com/android/tools/r8/internal/Uz
instanceKlass com/android/tools/r8/internal/he
instanceKlass  @bci com/android/tools/r8/synthesis/E$a e ()Lcom/android/tools/r8/synthesis/E$a; 7 <appendix> member <vmtarget> ; # com/android/tools/r8/synthesis/E$a$$Lambda+0x000001ec4811c210
instanceKlass com/android/tools/r8/synthesis/E
instanceKlass com/android/tools/r8/synthesis/C
instanceKlass com/android/tools/r8/synthesis/A
instanceKlass com/android/tools/r8/synthesis/E$a
instanceKlass  @bci com/android/tools/r8/D8 a (Lcom/android/tools/r8/utils/i;Lcom/android/tools/r8/internal/QJ;Ljava/util/concurrent/ExecutorService;Lcom/android/tools/r8/internal/at0;)Lcom/android/tools/r8/graph/y; 58 <appendix> member <vmtarget> ; # com/android/tools/r8/D8$$Lambda+0x000001ec4813b458
instanceKlass com/android/tools/r8/internal/Zs0
instanceKlass  @bci com/android/tools/r8/internal/O80 a (Ljava/util/ArrayList;Lcom/android/tools/r8/dex/b;)Lcom/android/tools/r8/internal/O80; 40 <appendix> member <vmtarget> ; # com/android/tools/r8/internal/O80$$Lambda+0x000001ec4813b020
instanceKlass java/util/concurrent/ConcurrentLinkedQueue$Itr
instanceKlass com/android/tools/r8/graph/z0
# instanceKlass com/android/tools/r8/graph/l4$$Lambda+0x000001ec4813a3c0
# instanceKlass com/android/tools/r8/graph/l4$$Lambda+0x000001ec4813a188
instanceKlass  @bci com/android/tools/r8/graph/l4 a (Ljava/lang/String;Ljava/lang/String;)Lcom/android/tools/r8/internal/Q2; 12 <appendix> member <vmtarget> ; # com/android/tools/r8/graph/l4$$Lambda+0x000001ec48139f50
instanceKlass  @cpi com/android/tools/r8/internal/lo0 190 form vmentry <vmtarget> ; # java/lang/invoke/LambdaForm$DMH+0x000001ec4813c000
instanceKlass com/android/tools/r8/dex/W
instanceKlass com/android/tools/r8/internal/qv0
# instanceKlass com/android/tools/r8/graph/o4$$Lambda+0x000001ec48139060
# instanceKlass com/android/tools/r8/graph/o4$$Lambda+0x000001ec48138e30
# instanceKlass com/android/tools/r8/graph/o4$$Lambda+0x000001ec48138c00
# instanceKlass com/android/tools/r8/graph/o4$$Lambda+0x000001ec481389d0
instanceKlass  @bci com/android/tools/r8/graph/o4 a (ILjava/lang/String;Z)Lcom/android/tools/r8/internal/Q2; 116 <appendix> argL0 ; # com/android/tools/r8/graph/o4$$Lambda+0x000001ec481387a0
# instanceKlass com/android/tools/r8/graph/n4$$Lambda+0x000001ec48138570
instanceKlass  @bci com/android/tools/r8/graph/n4 a (Ljava/lang/String;Z)Lcom/android/tools/r8/internal/Q2; 219 <appendix> argL0 ; # com/android/tools/r8/graph/n4$$Lambda+0x000001ec48135d70
# instanceKlass com/android/tools/r8/graph/o4$$Lambda+0x000001ec48137c30
# instanceKlass com/android/tools/r8/graph/o4$$Lambda+0x000001ec481379f8
# instanceKlass com/android/tools/r8/graph/o4$$Lambda+0x000001ec481377c0
# instanceKlass com/android/tools/r8/graph/o4$$Lambda+0x000001ec48137588
# instanceKlass com/android/tools/r8/graph/J3$$Lambda+0x000001ec48137350
instanceKlass  @bci com/android/tools/r8/graph/o4 a ()Lcom/android/tools/r8/internal/Q2; 13 <appendix> member <vmtarget> ; # com/android/tools/r8/graph/o4$$Lambda+0x000001ec48137118
# instanceKlass com/android/tools/r8/graph/J3$$Lambda+0x000001ec48136ee0
instanceKlass  @bci com/android/tools/r8/graph/J3 a ()Lcom/android/tools/r8/graph/G3$b; 16 <appendix> member <vmtarget> ; # com/android/tools/r8/graph/J3$$Lambda+0x000001ec48136ca8
# instanceKlass com/android/tools/r8/graph/J3$$Lambda+0x000001ec48133c90
# instanceKlass com/android/tools/r8/graph/J3$$Lambda+0x000001ec48136470
# instanceKlass com/android/tools/r8/graph/l4$$Lambda+0x000001ec48136238
instanceKlass  @bci com/android/tools/r8/graph/J3 d ()Lcom/android/tools/r8/graph/G3$g; 14 <appendix> member <vmtarget> ; # com/android/tools/r8/graph/J3$$Lambda+0x000001ec48133a58
# instanceKlass com/android/tools/r8/graph/J3$$Lambda+0x000001ec48136000
# instanceKlass com/android/tools/r8/graph/l4$$Lambda+0x000001ec48133820
# instanceKlass com/android/tools/r8/graph/l4$$Lambda+0x000001ec481335e8
# instanceKlass com/android/tools/r8/graph/l4$$Lambda+0x000001ec481333b0
# instanceKlass com/android/tools/r8/graph/l4$$Lambda+0x000001ec48133178
instanceKlass  @bci com/android/tools/r8/graph/l4 a (Ljava/lang/String;)Lcom/android/tools/r8/internal/Q2; 11 <appendix> member <vmtarget> ; # com/android/tools/r8/graph/l4$$Lambda+0x000001ec48132f40
instanceKlass com/android/tools/r8/graph/G3$f
instanceKlass com/android/tools/r8/graph/I3
instanceKlass  @cpi com/android/tools/r8/graph/X4 365 form vmentry <vmtarget> ; # java/lang/invoke/LambdaForm$DMH+0x000001ec48134400
# instanceKlass com/android/tools/r8/graph/m4$$Lambda+0x000001ec48132160
# instanceKlass com/android/tools/r8/graph/m4$$Lambda+0x000001ec48131f30
# instanceKlass com/android/tools/r8/graph/m4$$Lambda+0x000001ec48131d00
instanceKlass  @bci com/android/tools/r8/graph/m4 a (Ljava/lang/String;Z)Lcom/android/tools/r8/internal/Q2; 136 <appendix> argL0 ; # com/android/tools/r8/graph/m4$$Lambda+0x000001ec48131ad0
# instanceKlass com/android/tools/r8/graph/m4$$Lambda+0x000001ec481318a0
instanceKlass com/android/tools/r8/graph/J3
instanceKlass com/android/tools/r8/graph/s5
instanceKlass com/android/tools/r8/dex/t
# instanceKlass com/android/tools/r8/graph/S4$$Lambda+0x000001ec48130a30
# instanceKlass com/android/tools/r8/graph/S4$$Lambda+0x000001ec481307f8
# instanceKlass com/android/tools/r8/graph/S4$$Lambda+0x000001ec481305c0
instanceKlass  @bci com/android/tools/r8/graph/S4 b ([Lcom/android/tools/r8/graph/j1;)V 76 <appendix> member <vmtarget> ; # com/android/tools/r8/graph/S4$$Lambda+0x000001ec48130388
instanceKlass com/android/tools/r8/internal/Z30
instanceKlass com/android/tools/r8/graph/G2
# instanceKlass com/android/tools/r8/graph/s3$$Lambda+0x000001ec48129a50
instanceKlass  @bci com/android/tools/r8/graph/s3 a ([Lcom/android/tools/r8/graph/g1;)V 1 <appendix> argL0 ; # com/android/tools/r8/graph/s3$$Lambda+0x000001ec48129800
instanceKlass com/android/tools/r8/internal/pv
# instanceKlass com/android/tools/r8/graph/s3$$Lambda+0x000001ec4812b690
# instanceKlass com/android/tools/r8/graph/s3$$Lambda+0x000001ec4812b458
# instanceKlass com/android/tools/r8/graph/s3$$Lambda+0x000001ec4812b220
instanceKlass  @bci com/android/tools/r8/graph/s3 a ([Lcom/android/tools/r8/graph/g1;Ljava/util/function/Predicate;)V 45 <appendix> member <vmtarget> ; # com/android/tools/r8/graph/s3$$Lambda+0x000001ec4812afe8
instanceKlass com/android/tools/r8/graph/m1
# instanceKlass com/android/tools/r8/graph/s3$$Lambda+0x000001ec4812aa38
# instanceKlass com/android/tools/r8/graph/s3$$Lambda+0x000001ec4812a7e8
instanceKlass  @bci com/android/tools/r8/graph/s3 b ([Lcom/android/tools/r8/graph/g1;)V 1 <appendix> argL0 ; # com/android/tools/r8/graph/s3$$Lambda+0x000001ec4812a598
# instanceKlass com/android/tools/r8/graph/s3$$Lambda+0x000001ec4812a348
instanceKlass com/android/tools/r8/internal/v40
instanceKlass com/android/tools/r8/internal/k40
instanceKlass com/android/tools/r8/internal/p40
instanceKlass com/android/tools/r8/internal/b40
# instanceKlass com/android/tools/r8/graph/R4$$Lambda+0x000001ec4812f4d8
# instanceKlass com/android/tools/r8/graph/R4$$Lambda+0x000001ec4812f290
# instanceKlass com/android/tools/r8/graph/R4$$Lambda+0x000001ec4812f048
instanceKlass  @bci com/android/tools/r8/graph/R4 a (Ljava/util/function/Consumer;Ljava/util/function/Predicate;)V 3 <appendix> member <vmtarget> ; # com/android/tools/r8/graph/R4$$Lambda+0x000001ec4812ee00
instanceKlass com/android/tools/r8/internal/a4
# instanceKlass com/android/tools/r8/graph/S4$$Lambda+0x000001ec4812e9c0
# instanceKlass com/android/tools/r8/graph/S4$$Lambda+0x000001ec4812e788
# instanceKlass com/android/tools/r8/graph/S4$$Lambda+0x000001ec4812e550
instanceKlass  @bci com/android/tools/r8/graph/S4 a ([Lcom/android/tools/r8/graph/j1;)V 76 <appendix> member <vmtarget> ; # com/android/tools/r8/graph/S4$$Lambda+0x000001ec4812e318
instanceKlass com/android/tools/r8/internal/fE
instanceKlass  @bci com/android/tools/r8/graph/r4 a (Ljava/lang/String;ZLjava/util/List;Lcom/android/tools/r8/graph/k4;Ljava/util/function/BiFunction;)Lcom/android/tools/r8/graph/l4; 60 <adapter> ; # java/lang/invoke/LambdaForm$MH+0x000001ec48129000
# instanceKlass java/lang/invoke/LambdaForm$DMH+0x000001ec48128c00
instanceKlass  @bci com/android/tools/r8/graph/r4 a (Ljava/lang/String;ZLjava/util/List;Lcom/android/tools/r8/graph/k4;Ljava/util/function/BiFunction;)Lcom/android/tools/r8/graph/l4; 60 <appendix> form vmentry <vmtarget> ; # java/lang/invoke/LambdaForm$DMH+0x000001ec48128800
instanceKlass  @bci com/android/tools/r8/graph/r4 a (Ljava/lang/String;ZLjava/util/List;Lcom/android/tools/r8/graph/k4;Ljava/util/function/BiFunction;)Lcom/android/tools/r8/graph/l4; 60 <appendix> member <vmtarget> ; # com/android/tools/r8/graph/r4$$Lambda+0x000001ec48126ca0
instanceKlass  @cpi com/android/tools/r8/graph/r4 95 form vmentry <vmtarget> ; # java/lang/invoke/LambdaForm$DMH+0x000001ec48128400
instanceKlass com/android/tools/r8/internal/B40
instanceKlass  @bci com/android/tools/r8/graph/o4 a (Ljava/lang/String;Z)Lcom/android/tools/r8/internal/Q2; 220 <appendix> argL0 ; # com/android/tools/r8/graph/o4$$Lambda+0x000001ec48125e10
instanceKlass  @cpi com/android/tools/r8/graph/n4 211 form vmentry <vmtarget> ; # java/lang/invoke/LambdaForm$DMH+0x000001ec48128000
instanceKlass com/android/tools/r8/internal/d40
instanceKlass com/android/tools/r8/internal/Mt0
# instanceKlass com/android/tools/r8/graph/Q4$a$$Lambda+0x000001ec481238b0
# instanceKlass com/android/tools/r8/graph/Q4$a$$Lambda+0x000001ec48123688
# instanceKlass com/android/tools/r8/graph/Q4$a$$Lambda+0x000001ec48123460
# instanceKlass com/android/tools/r8/graph/Q4$a$$Lambda+0x000001ec48123238
# instanceKlass com/android/tools/r8/graph/Q4$a$$Lambda+0x000001ec48123010
# instanceKlass com/android/tools/r8/graph/Q4$a$$Lambda+0x000001ec48122de8
# instanceKlass com/android/tools/r8/graph/Q4$a$$Lambda+0x000001ec48122988
# instanceKlass com/android/tools/r8/graph/Q4$a$$Lambda+0x000001ec48122760
# instanceKlass com/android/tools/r8/graph/Q4$a$$Lambda+0x000001ec48122538
# instanceKlass com/android/tools/r8/graph/Q4$a$$Lambda+0x000001ec481220d8
# instanceKlass com/android/tools/r8/graph/Q4$a$$Lambda+0x000001ec48121eb0
instanceKlass  @bci com/android/tools/r8/graph/Q4$a a ([Lcom/android/tools/r8/graph/j1;[Lcom/android/tools/r8/graph/j1;)Lcom/android/tools/r8/graph/Q4$a; 2 <appendix> member <vmtarget> ; # com/android/tools/r8/graph/Q4$a$$Lambda+0x000001ec48121c88
instanceKlass com/android/tools/r8/graph/Q4
instanceKlass com/android/tools/r8/graph/R4
instanceKlass com/android/tools/r8/graph/Q4$a
# instanceKlass com/android/tools/r8/graph/q3$a$$Lambda+0x000001ec48120cf0
# instanceKlass com/android/tools/r8/graph/q3$a$$Lambda+0x000001ec48120ac8
# instanceKlass com/android/tools/r8/graph/q3$a$$Lambda+0x000001ec48120678
# instanceKlass com/android/tools/r8/graph/q3$a$$Lambda+0x000001ec481208a0
# instanceKlass com/android/tools/r8/graph/q3$a$$Lambda+0x000001ec48120450
# instanceKlass com/android/tools/r8/graph/q3$a$$Lambda+0x000001ec48120228
# instanceKlass com/android/tools/r8/graph/q3$a$$Lambda+0x000001ec48120000
# instanceKlass com/android/tools/r8/graph/q3$a$$Lambda+0x000001ec4811dc50
# instanceKlass com/android/tools/r8/graph/q3$a$$Lambda+0x000001ec4811da28
# instanceKlass com/android/tools/r8/graph/q3$a$$Lambda+0x000001ec4811d800
instanceKlass  @bci com/android/tools/r8/graph/q3$a a ([Lcom/android/tools/r8/graph/g1;[Lcom/android/tools/r8/graph/g1;)Lcom/android/tools/r8/graph/q3$a; 2 <appendix> member <vmtarget> ; # com/android/tools/r8/graph/q3$a$$Lambda+0x000001ec4811fc20
# instanceKlass com/android/tools/r8/graph/q3$a$$Lambda+0x000001ec4811f9f8
instanceKlass com/android/tools/r8/graph/q3
instanceKlass com/android/tools/r8/graph/r3
instanceKlass com/android/tools/r8/graph/q3$a
# instanceKlass com/android/tools/r8/graph/m4$$Lambda+0x000001ec48117918
# instanceKlass com/android/tools/r8/graph/m4$$Lambda+0x000001ec481176f8
# instanceKlass com/android/tools/r8/graph/m4$$Lambda+0x000001ec481174d8
# instanceKlass com/android/tools/r8/graph/m4$$Lambda+0x000001ec481172b8
# instanceKlass com/android/tools/r8/graph/m4$$Lambda+0x000001ec48117098
# instanceKlass com/android/tools/r8/graph/m4$$Lambda+0x000001ec48116e78
# instanceKlass com/android/tools/r8/graph/m4$$Lambda+0x000001ec48116c58
# instanceKlass com/android/tools/r8/graph/m4$$Lambda+0x000001ec48116a38
# instanceKlass com/android/tools/r8/graph/m4$$Lambda+0x000001ec48116818
# instanceKlass com/android/tools/r8/graph/m4$$Lambda+0x000001ec481165f8
instanceKlass  @bci com/android/tools/r8/graph/m4 a (Lcom/android/tools/r8/graph/V;)Lcom/android/tools/r8/graph/H2$a; 52 <appendix> argL0 ; # com/android/tools/r8/graph/m4$$Lambda+0x000001ec481163d8
# instanceKlass com/android/tools/r8/graph/m4$$Lambda+0x000001ec481161b8
instanceKlass  @cpi com/android/tools/r8/graph/m4 759 form vmentry <vmtarget> ; # java/lang/invoke/LambdaForm$DMH+0x000001ec4811ac00
# instanceKlass java/lang/invoke/LambdaForm$DMH+0x000001ec48118000
instanceKlass com/android/tools/r8/internal/Wt0
instanceKlass com/android/tools/r8/graph/j1$a
instanceKlass com/android/tools/r8/internal/Qm0
instanceKlass com/android/tools/r8/internal/G8
instanceKlass com/android/tools/r8/internal/Mu
instanceKlass com/android/tools/r8/internal/sE
instanceKlass com/android/tools/r8/internal/hd
instanceKlass com/android/tools/r8/internal/JT
instanceKlass com/android/tools/r8/naming/V$c
instanceKlass com/android/tools/r8/internal/HX
instanceKlass com/android/tools/r8/internal/q70
instanceKlass com/android/tools/r8/internal/q70$a
instanceKlass com/android/tools/r8/graph/G3$h
instanceKlass com/android/tools/r8/graph/G3$g
instanceKlass com/android/tools/r8/androidapi/g
instanceKlass com/android/tools/r8/androidapi/e
instanceKlass com/android/tools/r8/kotlin/a0
instanceKlass com/android/tools/r8/kotlin/d0
instanceKlass com/android/tools/r8/kotlin/o
instanceKlass com/android/tools/r8/internal/eu
instanceKlass com/android/tools/r8/internal/jK
instanceKlass com/android/tools/r8/internal/i0
instanceKlass com/android/tools/r8/internal/v6
instanceKlass com/android/tools/r8/internal/rM
instanceKlass com/android/tools/r8/shaking/g3
instanceKlass com/android/tools/r8/kotlin/b0
instanceKlass com/android/tools/r8/internal/Gt
instanceKlass com/android/tools/r8/graph/g1$a
instanceKlass com/android/tools/r8/kotlin/F
instanceKlass com/android/tools/r8/kotlin/P
instanceKlass com/android/tools/r8/shaking/g0
instanceKlass com/android/tools/r8/internal/Hw
instanceKlass com/android/tools/r8/internal/yW
instanceKlass com/android/tools/r8/androidapi/f
instanceKlass com/android/tools/r8/internal/rv
instanceKlass com/android/tools/r8/graph/P
instanceKlass com/android/tools/r8/internal/fm
instanceKlass com/android/tools/r8/internal/NZ
instanceKlass com/android/tools/r8/internal/dd0
instanceKlass com/android/tools/r8/internal/ed0
instanceKlass com/android/tools/r8/internal/hs0
instanceKlass com/android/tools/r8/internal/md0
instanceKlass com/android/tools/r8/internal/Y9
instanceKlass com/android/tools/r8/internal/sv
instanceKlass com/android/tools/r8/graph/h4
# instanceKlass com/android/tools/r8/graph/k4$$Lambda+0x000001ec48104b68
# instanceKlass com/android/tools/r8/graph/k4$$Lambda+0x000001ec48104920
# instanceKlass com/android/tools/r8/graph/k4$$Lambda+0x000001ec481046d8
# instanceKlass com/android/tools/r8/graph/k4$$Lambda+0x000001ec48104490
# instanceKlass com/android/tools/r8/graph/k4$$Lambda+0x000001ec48104248
# instanceKlass com/android/tools/r8/graph/k4$$Lambda+0x000001ec48104000
# instanceKlass com/android/tools/r8/graph/k4$$Lambda+0x000001ec480bfd28
# instanceKlass com/android/tools/r8/graph/k4$$Lambda+0x000001ec480bfae0
# instanceKlass com/android/tools/r8/graph/k4$$Lambda+0x000001ec480bf898
# instanceKlass com/android/tools/r8/graph/k4$$Lambda+0x000001ec480bf650
instanceKlass  @bci com/android/tools/r8/graph/k4 d (Ljava/lang/String;)Lcom/android/tools/r8/graph/L2; 17 <appendix> member <vmtarget> ; # com/android/tools/r8/graph/k4$$Lambda+0x000001ec480bf408
instanceKlass  @cpi com/android/tools/r8/internal/x5 97 form vmentry <vmtarget> ; # java/lang/invoke/LambdaForm$DMH+0x000001ec480bc400
instanceKlass com/android/tools/r8/internal/vf0
# instanceKlass com/android/tools/r8/graph/k4$$Lambda+0x000001ec480befc0
# instanceKlass com/android/tools/r8/graph/k4$$Lambda+0x000001ec480bed80
# instanceKlass com/android/tools/r8/graph/k4$$Lambda+0x000001ec480beb40
# instanceKlass com/android/tools/r8/graph/k4$$Lambda+0x000001ec480be900
# instanceKlass com/android/tools/r8/graph/k4$$Lambda+0x000001ec480be6c0
# instanceKlass com/android/tools/r8/graph/k4$$Lambda+0x000001ec480be480
# instanceKlass com/android/tools/r8/graph/k4$$Lambda+0x000001ec480be240
# instanceKlass com/android/tools/r8/graph/k4$$Lambda+0x000001ec480be000
# instanceKlass com/android/tools/r8/graph/k4$$Lambda+0x000001ec480bbbd0
# instanceKlass com/android/tools/r8/graph/k4$$Lambda+0x000001ec480bb990
instanceKlass  @bci com/android/tools/r8/graph/k4 a (Ljava/lang/String;)Lcom/android/tools/r8/internal/qu0; 5 <appendix> argL0 ; # com/android/tools/r8/graph/k4$$Lambda+0x000001ec480bb750
# instanceKlass com/android/tools/r8/graph/k4$$Lambda+0x000001ec480bb510
instanceKlass com/android/tools/r8/internal/qu0
# instanceKlass com/android/tools/r8/internal/Rb$$Lambda+0x000001ec480bb0e0
# instanceKlass com/android/tools/r8/internal/Rb$$Lambda+0x000001ec480baec0
# instanceKlass com/android/tools/r8/internal/Rb$$Lambda+0x000001ec480baca0
# instanceKlass com/android/tools/r8/internal/Rb$$Lambda+0x000001ec480baa80
# instanceKlass com/android/tools/r8/internal/Rb$$Lambda+0x000001ec480ba860
# instanceKlass com/android/tools/r8/internal/Rb$$Lambda+0x000001ec480ba640
# instanceKlass com/android/tools/r8/internal/Rb$$Lambda+0x000001ec480ba420
# instanceKlass com/android/tools/r8/internal/Rb$$Lambda+0x000001ec480ba200
# instanceKlass com/android/tools/r8/internal/Rb$$Lambda+0x000001ec480b9fe0
# instanceKlass com/android/tools/r8/internal/Rb$$Lambda+0x000001ec480b9dc0
instanceKlass  @bci java/util/stream/MatchOps makeRef (Ljava/util/function/Predicate;Ljava/util/stream/MatchOps$MatchKind;)Ljava/util/stream/TerminalOp; 20 <bsm> form vmentry <vmtarget> ; # java/lang/invoke/LambdaForm$DMH+0x000001ec480bc000
instanceKlass  @bci com/android/tools/r8/internal/Rb a (Lcom/android/tools/r8/internal/Jr0;)V 9 <appendix> argL0 ; # com/android/tools/r8/internal/Rb$$Lambda+0x000001ec480b9ba0
# instanceKlass com/android/tools/r8/internal/Rb$$Lambda+0x000001ec480b9980
# instanceKlass com/android/tools/r8/internal/Rb$$Lambda+0x000001ec480b9760
instanceKlass  @bci com/android/tools/r8/internal/Rb a (Lcom/android/tools/r8/internal/Jr0;)V 1 <appendix> argL0 ; # com/android/tools/r8/internal/Rb$$Lambda+0x000001ec480b9540
# instanceKlass com/android/tools/r8/internal/Rb$$Lambda+0x000001ec480b9320
# instanceKlass com/android/tools/r8/internal/Rb$$Lambda+0x000001ec480b9100
# instanceKlass com/android/tools/r8/internal/Rb$$Lambda+0x000001ec480b8ee0
# instanceKlass com/android/tools/r8/internal/Rb$$Lambda+0x000001ec480b8cc0
# instanceKlass com/android/tools/r8/internal/Rb$$Lambda+0x000001ec480b8880
# instanceKlass com/android/tools/r8/internal/Rb$$Lambda+0x000001ec480b8aa0
# instanceKlass com/android/tools/r8/internal/Rb$$Lambda+0x000001ec480b8660
instanceKlass java/util/function/ToIntFunction
# instanceKlass com/android/tools/r8/internal/Rb$$Lambda+0x000001ec480b8440
# instanceKlass com/android/tools/r8/internal/Rb$$Lambda+0x000001ec480b8220
# instanceKlass com/android/tools/r8/internal/Rb$$Lambda+0x000001ec480b8000
# instanceKlass com/android/tools/r8/internal/Rb$$Lambda+0x000001ec480b3bc8
instanceKlass com/android/tools/r8/internal/Fr0
# instanceKlass com/android/tools/r8/internal/Rb$$Lambda+0x000001ec480b1c00
# instanceKlass com/android/tools/r8/internal/Rb$$Lambda+0x000001ec480b39a8
# instanceKlass com/android/tools/r8/internal/Rb$$Lambda+0x000001ec480b3788
# instanceKlass com/android/tools/r8/internal/Rb$$Lambda+0x000001ec480b3568
# instanceKlass com/android/tools/r8/internal/Rb$$Lambda+0x000001ec480b3348
# instanceKlass com/android/tools/r8/internal/Rb$$Lambda+0x000001ec480b3128
# instanceKlass com/android/tools/r8/internal/Rb$$Lambda+0x000001ec480b2f08
instanceKlass  @bci com/android/tools/r8/internal/Rb m ()Lcom/android/tools/r8/internal/Hr0; 0 <appendix> argL0 ; # com/android/tools/r8/internal/Rb$$Lambda+0x000001ec480b2ce8
instanceKlass com/android/tools/r8/internal/Hr0
# instanceKlass com/android/tools/r8/internal/xj$$Lambda+0x000001ec480b2440
# instanceKlass com/android/tools/r8/internal/xj$$Lambda+0x000001ec480b2660
# instanceKlass com/android/tools/r8/internal/xj$$Lambda+0x000001ec480b2220
# instanceKlass com/android/tools/r8/internal/xj$$Lambda+0x000001ec480b2000
# instanceKlass com/android/tools/r8/internal/xj$$Lambda+0x000001ec480b7d68
# instanceKlass com/android/tools/r8/internal/xj$$Lambda+0x000001ec480b7b48
# instanceKlass com/android/tools/r8/internal/xj$$Lambda+0x000001ec480b7928
# instanceKlass com/android/tools/r8/internal/xj$$Lambda+0x000001ec480b7708
# instanceKlass com/android/tools/r8/internal/xj$$Lambda+0x000001ec480b74e8
# instanceKlass com/android/tools/r8/internal/xj$$Lambda+0x000001ec480b72c8
# instanceKlass com/android/tools/r8/internal/xj$$Lambda+0x000001ec480b70a8
instanceKlass  @bci com/android/tools/r8/internal/xj a (Lcom/android/tools/r8/internal/Gr0;Lcom/android/tools/r8/internal/Gr0;Lcom/android/tools/r8/internal/Er0;)I 7 <appendix> argL0 ; # com/android/tools/r8/internal/xj$$Lambda+0x000001ec480b6e88
# instanceKlass com/android/tools/r8/internal/xj$$Lambda+0x000001ec480b6c68
# instanceKlass com/android/tools/r8/internal/xj$$Lambda+0x000001ec480b6a48
# instanceKlass com/android/tools/r8/internal/xj$$Lambda+0x000001ec480b6828
# instanceKlass com/android/tools/r8/internal/xj$$Lambda+0x000001ec480b6608
# instanceKlass com/android/tools/r8/internal/xj$$Lambda+0x000001ec480b63e8
# instanceKlass com/android/tools/r8/internal/xj$$Lambda+0x000001ec480b61c8
# instanceKlass com/android/tools/r8/internal/xj$$Lambda+0x000001ec480b5fa8
# instanceKlass com/android/tools/r8/internal/xj$$Lambda+0x000001ec480b5d88
# instanceKlass com/android/tools/r8/internal/xj$$Lambda+0x000001ec480b5b68
# instanceKlass com/android/tools/r8/internal/xj$$Lambda+0x000001ec480b5948
# instanceKlass com/android/tools/r8/internal/xj$$Lambda+0x000001ec480b5728
instanceKlass  @bci com/android/tools/r8/internal/xj a (Lcom/android/tools/r8/internal/Gr0;Lcom/android/tools/r8/internal/Gr0;Lcom/android/tools/r8/internal/Er0;)I 1 <appendix> argL0 ; # com/android/tools/r8/internal/xj$$Lambda+0x000001ec480b5508
instanceKlass com/android/tools/r8/internal/zg0
instanceKlass com/android/tools/r8/internal/xj
# instanceKlass com/android/tools/r8/internal/Gr0$$Lambda+0x000001ec480b4ee0
# instanceKlass com/android/tools/r8/internal/Gr0$$Lambda+0x000001ec480b4cc0
# instanceKlass com/android/tools/r8/internal/Gr0$$Lambda+0x000001ec480b4aa0
# instanceKlass com/android/tools/r8/internal/Gr0$$Lambda+0x000001ec480b4880
# instanceKlass com/android/tools/r8/internal/Gr0$$Lambda+0x000001ec480b4660
# instanceKlass com/android/tools/r8/internal/Gr0$$Lambda+0x000001ec480b4440
# instanceKlass com/android/tools/r8/internal/Gr0$$Lambda+0x000001ec480b4220
# instanceKlass com/android/tools/r8/internal/Gr0$$Lambda+0x000001ec480b4000
# instanceKlass com/android/tools/r8/internal/Gr0$$Lambda+0x000001ec480abc68
# instanceKlass com/android/tools/r8/internal/Gr0$$Lambda+0x000001ec480aba48
# instanceKlass com/android/tools/r8/internal/Gr0$$Lambda+0x000001ec480ab828
instanceKlass  @bci com/android/tools/r8/internal/Gr0 a (Lcom/android/tools/r8/internal/Gr0;)I 7 <appendix> argL0 ; # com/android/tools/r8/internal/Gr0$$Lambda+0x000001ec480ab608
instanceKlass  @cpi com/android/tools/r8/internal/Jr0 84 form vmentry <vmtarget> ; # java/lang/invoke/LambdaForm$DMH+0x000001ec480a8c00
instanceKlass com/android/tools/r8/internal/Er0
instanceKlass com/android/tools/r8/internal/ji
instanceKlass com/android/tools/r8/graph/c4
instanceKlass com/android/tools/r8/graph/G3$i
instanceKlass com/android/tools/r8/graph/G3
instanceKlass com/android/tools/r8/graph/q4
instanceKlass com/android/tools/r8/internal/hx
instanceKlass com/android/tools/r8/internal/rY
instanceKlass com/android/tools/r8/internal/Q2
instanceKlass com/android/tools/r8/internal/x60
instanceKlass com/android/tools/r8/internal/Zc0
instanceKlass com/android/tools/r8/internal/DR
instanceKlass com/android/tools/r8/internal/M4
instanceKlass  @bci com/android/tools/r8/internal/Gs0 awaitFutures (Ljava/util/List;)V 1 <appendix> argL0 ; # com/android/tools/r8/internal/Gs0$$Lambda+0x000001ec480ac660
instanceKlass com/android/tools/r8/internal/de
instanceKlass  @bci com/android/tools/r8/internal/xv a (Lcom/android/tools/r8/origin/Origin;Lcom/android/tools/r8/position/Position;Ljava/lang/Runnable;)V 2 <appendix> member <vmtarget> ; # com/android/tools/r8/internal/xv$$Lambda+0x000001ec480ac228
instanceKlass  @bci com/android/tools/r8/graph/r4 b (Lcom/android/tools/r8/origin/Origin;[B)V 4 <appendix> member <vmtarget> ; # com/android/tools/r8/graph/r4$$Lambda+0x000001ec480ac000
instanceKlass java/util/concurrent/ForkJoinPool$DefaultForkJoinWorkerThreadFactory$1
instanceKlass jdk/internal/util/random/RandomSupport
instanceKlass java/util/Random
instanceKlass java/util/random/RandomGenerator
instanceKlass java/util/concurrent/ForkJoinTask$Aux
instanceKlass java/util/concurrent/ForkJoinTask
instanceKlass java/util/concurrent/RunnableFuture
instanceKlass java/util/concurrent/Future
instanceKlass  @bci com/android/tools/r8/internal/ss0 b (Lcom/android/tools/r8/internal/Ns0;)V 2 <appendix> member <vmtarget> ; # com/android/tools/r8/internal/ss0$$Lambda+0x000001ec480a7c20
instanceKlass java/util/concurrent/Callable
instanceKlass  @bci com/android/tools/r8/dex/a a (Ljava/util/ArrayList;Ljava/util/concurrent/ConcurrentLinkedQueue;)V 72 <appendix> member <vmtarget> ; # com/android/tools/r8/dex/a$$Lambda+0x000001ec480a79f8
instanceKlass com/android/tools/r8/internal/Ns0
instanceKlass  @bci com/android/tools/r8/graph/V <clinit> ()V 53 <appendix> argL0 ; # com/android/tools/r8/graph/V$$Lambda+0x000001ec480a75a8
instanceKlass  @bci com/android/tools/r8/graph/V <clinit> ()V 48 <appendix> argL0 ; # com/android/tools/r8/graph/V$$Lambda+0x000001ec480a7388
instanceKlass  @bci com/android/tools/r8/graph/V <clinit> ()V 31 <appendix> argL0 ; # com/android/tools/r8/graph/V$$Lambda+0x000001ec480a7138
instanceKlass  @bci com/android/tools/r8/graph/V <clinit> ()V 26 <appendix> argL0 ; # com/android/tools/r8/graph/V$$Lambda+0x000001ec480a6ac8
instanceKlass  @bci com/android/tools/r8/graph/V <clinit> ()V 9 <appendix> argL0 ; # com/android/tools/r8/graph/V$$Lambda+0x000001ec480a6878
instanceKlass  @cpi com/android/tools/r8/internal/tU 60 form vmentry <vmtarget> ; # java/lang/invoke/LambdaForm$DMH+0x000001ec480a8800
instanceKlass  @bci com/android/tools/r8/graph/V <clinit> ()V 4 <appendix> argL0 ; # com/android/tools/r8/graph/V$$Lambda+0x000001ec480a6658
instanceKlass  @cpi com/android/tools/r8/graph/V 75 form vmentry <vmtarget> ; # java/lang/invoke/LambdaForm$DMH+0x000001ec480a8400
# instanceKlass java/lang/invoke/LambdaForm$DMH+0x000001ec480a8000
instanceKlass com/android/tools/r8/synthesis/K
instanceKlass com/android/tools/r8/graph/H2$a
instanceKlass com/android/tools/r8/graph/G3$b
instanceKlass com/android/tools/r8/graph/G3$d
instanceKlass com/android/tools/r8/graph/i3
instanceKlass com/android/tools/r8/graph/r5
instanceKlass com/android/tools/r8/graph/U
instanceKlass com/android/tools/r8/graph/V
instanceKlass  @bci com/android/tools/r8/dex/a a (Ljava/util/ArrayList;Ljava/util/concurrent/ConcurrentLinkedQueue;)V 28 <appendix> member <vmtarget> ; # com/android/tools/r8/dex/a$$Lambda+0x000001ec480a4438
instanceKlass com/android/tools/r8/graph/r4
instanceKlass java/io/RandomAccessFile$1
instanceKlass com/android/tools/r8/internal/P40
instanceKlass com/android/tools/r8/ProgramResource
instanceKlass com/android/tools/r8/internal/kK
instanceKlass com/android/tools/r8/internal/d8
instanceKlass  @bci com/android/tools/r8/dex/a b ()V 8 <appendix> member <vmtarget> ; # com/android/tools/r8/dex/a$$Lambda+0x000001ec480a26b8
instanceKlass com/android/tools/r8/internal/YJ
instanceKlass com/android/tools/r8/internal/RJ
instanceKlass com/android/tools/r8/graph/k4
instanceKlass com/android/tools/r8/graph/y0
instanceKlass java/util/concurrent/ConcurrentLinkedQueue$Node
instanceKlass com/android/tools/r8/internal/ce
instanceKlass com/android/tools/r8/internal/S0
instanceKlass com/android/tools/r8/internal/lU
instanceKlass com/android/tools/r8/internal/tZ
instanceKlass com/android/tools/r8/graph/B
instanceKlass com/android/tools/r8/dex/m
instanceKlass com/android/tools/r8/dex/a
instanceKlass com/android/tools/r8/internal/ss0
instanceKlass java/util/concurrent/atomic/AtomicReference
instanceKlass com/android/tools/r8/graph/c0
instanceKlass com/android/tools/r8/graph/c1
instanceKlass com/android/tools/r8/dex/c
instanceKlass com/android/tools/r8/internal/jt0
instanceKlass com/android/tools/r8/internal/at0
instanceKlass  @bci com/android/tools/r8/D8 a (Lcom/android/tools/r8/utils/i;Lcom/android/tools/r8/internal/QJ;)V 12 <appendix> member <vmtarget> ; # com/android/tools/r8/D8$$Lambda+0x000001ec4809a668
instanceKlass  @cpi com/android/tools/r8/internal/sB 743 form vmentry <vmtarget> ; # java/lang/invoke/LambdaForm$DMH+0x000001ec48098400
instanceKlass java/util/concurrent/ForkJoinPool$2
instanceKlass jdk/internal/access/JavaUtilConcurrentFJPAccess
instanceKlass jdk/internal/vm/ThreadContainers
instanceKlass java/util/concurrent/ForkJoinPool$DefaultForkJoinWorkerThreadFactory
instanceKlass jdk/internal/vm/StackableScope
instanceKlass java/util/concurrent/ForkJoinPool$WorkQueue
instanceKlass java/util/concurrent/ForkJoinPool$ForkJoinWorkerThreadFactory
instanceKlass java/util/concurrent/AbstractExecutorService
instanceKlass java/util/concurrent/Executors
instanceKlass com/android/tools/r8/internal/Gs0
instanceKlass com/android/tools/r8/threading/ThreadingModule
instanceKlass com/android/tools/r8/threading/providers/blocking/ThreadingModuleBlockingProvider
instanceKlass com/android/tools/r8/threading/ThreadingModuleProvider
instanceKlass com/android/tools/r8/threading/a
instanceKlass com/android/tools/r8/internal/Fs0
instanceKlass com/android/tools/r8/internal/cI
instanceKlass com/android/tools/r8/internal/oU
instanceKlass  @bci com/android/tools/r8/BaseCompilerCommand a (Lcom/android/tools/r8/internal/At$a;)V 108 <appendix> argL0 ; # com/android/tools/r8/BaseCompilerCommand$$Lambda+0x000001ec4809f100
instanceKlass com/android/tools/r8/internal/s4
instanceKlass com/android/tools/r8/internal/Q80
instanceKlass  @bci com/android/tools/r8/internal/At$a c ()Lcom/android/tools/r8/internal/At$a; 5 <appendix> member <vmtarget> ; # com/android/tools/r8/internal/At$a$$Lambda+0x000001ec4809eaa0
instanceKlass  @bci com/android/tools/r8/internal/At$a b ()Ljava/util/Map; 16 <appendix> member <vmtarget> ; # com/android/tools/r8/internal/At$a$$Lambda+0x000001ec4809e868
instanceKlass java/util/Collections$SynchronizedCollection
instanceKlass java/util/Properties$EntrySet
instanceKlass com/android/tools/r8/internal/At$a
instanceKlass com/android/tools/r8/internal/At
instanceKlass  @bci com/android/tools/r8/internal/O80 a (Lcom/android/tools/r8/ClassConflictResolver;Lcom/android/tools/r8/internal/yg0;)Lcom/android/tools/r8/dex/b; 2 <appendix> member <vmtarget> ; # com/android/tools/r8/internal/O80$$Lambda+0x000001ec4809dbb0
instanceKlass com/android/tools/r8/dex/b
instanceKlass com/android/tools/r8/ClassConflictResolver
instanceKlass com/android/tools/r8/internal/rd
instanceKlass com/android/tools/r8/internal/dE
instanceKlass com/android/tools/r8/inspector/Inspector
instanceKlass com/android/tools/r8/AssertionsConfiguration$Builder
instanceKlass com/android/tools/r8/AssertionsConfiguration
instanceKlass com/android/tools/r8/internal/D4
instanceKlass  @bci com/android/tools/r8/D8Command b ()Lcom/android/tools/r8/internal/QJ; 295 <appendix> member <vmtarget> ; # com/android/tools/r8/D8Command$$Lambda+0x000001ec4809c208
instanceKlass com/android/tools/r8/internal/yV
instanceKlass  @bci com/android/tools/r8/D8Command b ()Lcom/android/tools/r8/internal/QJ; 282 <appendix> argL0 ; # com/android/tools/r8/D8Command$$Lambda+0x000001ec48097cc0
instanceKlass com/android/tools/r8/retrace/ProguardMapProducer
instanceKlass com/android/tools/r8/V
instanceKlass com/android/tools/r8/internal/UE
instanceKlass com/android/tools/r8/internal/tm0
instanceKlass com/android/tools/r8/internal/QJ$p$b
instanceKlass com/android/tools/r8/internal/QJ$p$a
instanceKlass  @bci com/android/tools/r8/internal/QJ$p <init> ()V 316 <appendix> argL0 ; # com/android/tools/r8/internal/QJ$p$$Lambda+0x000001ec48096bc8
instanceKlass  @bci com/android/tools/r8/internal/QJ$p <init> ()V 274 <appendix> argL0 ; # com/android/tools/r8/internal/QJ$p$$Lambda+0x000001ec480969a8
instanceKlass com/android/tools/r8/internal/du0
instanceKlass  @bci com/android/tools/r8/internal/hi a ()Ljava/util/function/BiConsumer; 0 <appendix> argL0 ; # com/android/tools/r8/internal/hi$$Lambda+0x000001ec48096578
instanceKlass  @cpi com/android/tools/r8/internal/N80 54 form vmentry <vmtarget> ; # java/lang/invoke/LambdaForm$DMH+0x000001ec48098000
instanceKlass  @bci com/android/tools/r8/internal/QJ$p <init> ()V 248 <appendix> argL0 ; # com/android/tools/r8/internal/QJ$p$$Lambda+0x000001ec48096338
instanceKlass com/android/tools/r8/graph/y
instanceKlass com/android/tools/r8/shaking/j2
instanceKlass com/android/tools/r8/shaking/u1
instanceKlass com/android/tools/r8/internal/fg0
instanceKlass com/android/tools/r8/internal/gg0
instanceKlass  @bci com/android/tools/r8/internal/QJ$p <init> ()V 228 <appendix> argL0 ; # com/android/tools/r8/internal/QJ$p$$Lambda+0x000001ec48094c60
instanceKlass com/android/tools/r8/dex/t0
instanceKlass com/android/tools/r8/dex/Y
instanceKlass com/android/tools/r8/internal/AB
instanceKlass com/android/tools/r8/internal/s3
instanceKlass com/android/tools/r8/internal/CB
instanceKlass com/android/tools/r8/internal/u3
instanceKlass com/android/tools/r8/internal/QJ$p
instanceKlass  @bci com/android/tools/r8/internal/hi b ()Ljava/util/function/Consumer; 0 <appendix> argL0 ; # com/android/tools/r8/internal/hi$$Lambda+0x000001ec48093b50
instanceKlass com/android/tools/r8/internal/hi
instanceKlass com/android/tools/r8/internal/xo0
instanceKlass com/android/tools/r8/internal/fc
instanceKlass com/android/tools/r8/internal/Yb0
instanceKlass com/android/tools/r8/tracereferences/i
instanceKlass com/android/tools/r8/internal/K70
instanceKlass  @bci com/android/tools/r8/internal/jp0 <init> (Lcom/android/tools/r8/internal/QJ;)V 77 <appendix> argL0 ; # com/android/tools/r8/internal/jp0$$Lambda+0x000001ec48091388
instanceKlass  @bci com/android/tools/r8/internal/jp0 <init> (Lcom/android/tools/r8/internal/QJ;)V 72 <appendix> argL0 ; # com/android/tools/r8/internal/jp0$$Lambda+0x000001ec48091148
instanceKlass com/android/tools/r8/internal/jp0
instanceKlass com/android/tools/r8/internal/v4
instanceKlass com/android/tools/r8/internal/QJ$j
instanceKlass com/android/tools/r8/internal/Gm
instanceKlass com/android/tools/r8/internal/ES
instanceKlass com/android/tools/r8/internal/QJ$e
instanceKlass com/android/tools/r8/internal/G2
instanceKlass com/android/tools/r8/internal/TJ
instanceKlass com/android/tools/r8/internal/td0
instanceKlass com/android/tools/r8/internal/QJ$n
instanceKlass com/android/tools/r8/internal/QJ$k
instanceKlass com/android/tools/r8/internal/fy0
instanceKlass com/android/tools/r8/internal/QJ$g
instanceKlass com/android/tools/r8/internal/rn0
instanceKlass com/android/tools/r8/internal/QJ$h
instanceKlass com/android/tools/r8/internal/QJ$d
instanceKlass com/android/tools/r8/internal/QJ$c
instanceKlass  @bci com/android/tools/r8/internal/ps0 a (Ljava/lang/String;)Z 21 <appendix> member <vmtarget> ; # com/android/tools/r8/internal/ps0$$Lambda+0x000001ec4808e2f8
instanceKlass sun/util/logging/PlatformLogger
instanceKlass sun/util/logging/PlatformLogger$ConfigurableBridge$LoggerConfiguration
instanceKlass jdk/internal/logger/BootstrapLogger$RedirectedLoggers
instanceKlass jdk/internal/logger/LazyLoggers$LazyLoggerAccessor
instanceKlass jdk/internal/logger/LazyLoggers$LoggerAccessor
instanceKlass jdk/internal/logger/AbstractLoggerWrapper
instanceKlass java/util/ServiceLoader$ProviderImpl
instanceKlass java/util/ServiceLoader$Provider
instanceKlass java/util/ServiceLoader$1
instanceKlass sun/util/logging/internal/LoggingProviderImpl$LogManagerAccess
instanceKlass java/util/concurrent/CopyOnWriteArrayList$COWIterator
instanceKlass jdk/internal/loader/URLClassPath$1
instanceKlass java/lang/CompoundEnumeration
instanceKlass jdk/internal/loader/BuiltinClassLoader$1
instanceKlass java/util/Collections$EmptyEnumeration
instanceKlass java/util/ServiceLoader$3
instanceKlass java/util/ServiceLoader$2
instanceKlass java/util/ServiceLoader$LazyClassPathLookupIterator
instanceKlass java/util/Spliterators$1Adapter
instanceKlass java/util/Spliterators$ArraySpliterator
instanceKlass java/util/ServiceLoader$ModuleServicesLookupIterator
instanceKlass java/util/ServiceLoader
instanceKlass jdk/internal/logger/BootstrapLogger$DetectBackend$1
instanceKlass jdk/internal/logger/BootstrapLogger$DetectBackend
instanceKlass jdk/internal/logger/BootstrapLogger
instanceKlass sun/util/logging/PlatformLogger$ConfigurableBridge
instanceKlass sun/util/logging/PlatformLogger$Bridge
instanceKlass jdk/internal/logger/DefaultLoggerFinder$1
instanceKlass java/lang/System$LoggerFinder
instanceKlass jdk/internal/logger/LazyLoggers$LazyLoggerFactories
instanceKlass jdk/internal/logger/LazyLoggers$1
instanceKlass jdk/internal/logger/LazyLoggers
instanceKlass jdk/internal/event/EventHelper$ThreadTrackHolder
instanceKlass sun/net/www/MessageHeader
instanceKlass sun/net/www/protocol/jar/JarFileFactory
instanceKlass sun/net/www/protocol/jar/URLJarFile$URLJarFileCloseController
instanceKlass java/net/URLConnection
instanceKlass jdk/internal/loader/BuiltinClassLoader$2
instanceKlass com/android/tools/r8/internal/Yx0
instanceKlass com/android/tools/r8/Version
instanceKlass com/android/tools/r8/internal/QJ$b
instanceKlass com/android/tools/r8/internal/QJ$o
instanceKlass  @bci com/android/tools/r8/internal/ps0 a (Ljava/lang/String;Z)Z 7 <appendix> member <vmtarget> ; # com/android/tools/r8/internal/ps0$$Lambda+0x000001ec4808d878
instanceKlass java/util/function/BooleanSupplier
instanceKlass com/android/tools/r8/internal/ps0
instanceKlass com/android/tools/r8/internal/T1
instanceKlass com/android/tools/r8/internal/QJ$l
instanceKlass  @bci com/android/tools/r8/internal/QJ <init> (Lcom/android/tools/r8/graph/u1;Lcom/android/tools/r8/internal/yg0;)V 355 <appendix> argL0 ; # com/android/tools/r8/internal/QJ$$Lambda+0x000001ec4808cbc0
instanceKlass com/android/tools/r8/internal/UJ
instanceKlass java/lang/ProcessEnvironment$CheckedEntry
instanceKlass java/lang/ProcessEnvironment$CheckedEntrySet$1
instanceKlass java/lang/ProcessEnvironment$EntryComparator
instanceKlass java/lang/ProcessEnvironment$NameComparator
instanceKlass com/android/tools/r8/ResourceShrinkerConfiguration
instanceKlass java/util/concurrent/atomic/AtomicBoolean
instanceKlass com/android/tools/r8/internal/Ts
instanceKlass com/android/tools/r8/internal/Rb
instanceKlass com/android/tools/r8/internal/IL
instanceKlass com/android/tools/r8/graph/J5
instanceKlass com/android/tools/r8/graph/A4
instanceKlass com/android/tools/r8/graph/f0
instanceKlass com/android/tools/r8/graph/B4
instanceKlass com/android/tools/r8/graph/h0
instanceKlass com/android/tools/r8/graph/i4
instanceKlass com/android/tools/r8/graph/h
instanceKlass com/android/tools/r8/internal/QJ
instanceKlass com/android/tools/r8/shaking/R0
instanceKlass com/android/tools/r8/GlobalSyntheticsConsumer
instanceKlass com/android/tools/r8/synthesis/j
instanceKlass com/android/tools/r8/InputDependencyGraphConsumer
instanceKlass com/android/tools/r8/shaking/r3
instanceKlass java/util/IdentityHashMap$IdentityHashMapIterator
instanceKlass com/android/tools/r8/internal/oV
instanceKlass com/android/tools/r8/internal/pV
instanceKlass com/android/tools/r8/internal/rV
instanceKlass com/android/tools/r8/internal/kV
instanceKlass com/android/tools/r8/kotlin/f
instanceKlass com/android/tools/r8/kotlin/e
instanceKlass com/android/tools/r8/kotlin/d
instanceKlass java/util/stream/Sink$ChainedInt
instanceKlass java/util/stream/Sink$OfInt
instanceKlass java/util/function/IntConsumer
instanceKlass  @bci java/util/stream/Collectors uniqKeysMapMerger ()Ljava/util/function/BinaryOperator; 0 <appendix> argL0 ; # java/util/stream/Collectors$$Lambda+0x000001ec48078b20
instanceKlass  @bci java/util/stream/Collectors uniqKeysMapAccumulator (Ljava/util/function/Function;Ljava/util/function/Function;)Ljava/util/function/BiConsumer; 2 <appendix> member <vmtarget> ; # java/util/stream/Collectors$$Lambda+0x000001ec480788e8
instanceKlass  @bci java/util/stream/Collectors toMap (Ljava/util/function/Function;Ljava/util/function/Function;)Ljava/util/stream/Collector; 4 <appendix> argL0 ; # java/util/stream/Collectors$$Lambda+0x000001ec480786c8
instanceKlass  @bci java/util/function/Function identity ()Ljava/util/function/Function; 0 <appendix> argL0 ; # java/util/function/Function$$Lambda+0x000001ec48078488
instanceKlass  @bci com/android/tools/r8/kotlin/c <init> (Lcom/android/tools/r8/kotlin/b;)V 27 <appendix> member <vmtarget> ; # com/android/tools/r8/kotlin/c$$Lambda+0x000001ec48087a58
instanceKlass  @bci java/util/stream/IntPipeline boxed ()Ljava/util/stream/Stream; 1 <appendix> argL0 ; # java/util/stream/IntPipeline$$Lambda+0x000001ec48077d70
instanceKlass java/util/function/IntFunction
instanceKlass java/util/stream/Streams$RangeIntSpliterator
instanceKlass java/util/stream/IntStream
instanceKlass com/android/tools/r8/internal/Y0
instanceKlass com/android/tools/r8/kotlin/c
instanceKlass com/android/tools/r8/kotlin/b
instanceKlass java/util/stream/Sink$ChainedReference
instanceKlass java/util/stream/ReduceOps$AccumulatingSink
instanceKlass java/util/stream/TerminalSink
instanceKlass java/util/stream/Sink
instanceKlass java/util/stream/ReduceOps$Box
instanceKlass java/util/stream/ReduceOps$ReduceOp
instanceKlass java/util/stream/TerminalOp
instanceKlass java/util/stream/ReduceOps
instanceKlass  @bci java/util/stream/Collectors castingIdentity ()Ljava/util/function/Function; 0 <appendix> argL0 ; # java/util/stream/Collectors$$Lambda+0x800000042
instanceKlass  @bci java/util/stream/Collectors toSet ()Ljava/util/stream/Collector; 14 <appendix> argL0 ; # java/util/stream/Collectors$$Lambda+0x800000040
instanceKlass java/util/function/BinaryOperator
instanceKlass  @bci java/util/stream/Collectors toSet ()Ljava/util/stream/Collector; 9 <appendix> argL0 ; # java/util/stream/Collectors$$Lambda+0x800000039
instanceKlass java/util/function/BiConsumer
instanceKlass  @bci java/util/stream/Collectors toSet ()Ljava/util/stream/Collector; 4 <appendix> argL0 ; # java/util/stream/Collectors$$Lambda+0x800000045
instanceKlass java/util/stream/Collector
instanceKlass java/util/stream/Collectors
instanceKlass  @bci com/android/tools/r8/graph/u1 a ()Ljava/util/Set; 24 <appendix> member <vmtarget> ; # com/android/tools/r8/graph/u1$$Lambda+0x000001ec48083a08
# instanceKlass java/lang/invoke/LambdaForm$MH+0x000001ec48084000
instanceKlass sun/reflect/annotation/AnnotationParser
instanceKlass java/lang/Class$3
instanceKlass java/util/EnumMap$1
instanceKlass java/util/stream/StreamOpFlag$MaskBuilder
instanceKlass java/util/stream/Stream
instanceKlass java/util/stream/BaseStream
instanceKlass java/util/stream/PipelineHelper
instanceKlass java/util/stream/StreamSupport
instanceKlass java/util/Spliterators$IteratorSpliterator
instanceKlass java/util/Spliterator$OfDouble
instanceKlass java/util/Spliterator$OfLong
instanceKlass java/util/Spliterator$OfInt
instanceKlass java/util/Spliterator$OfPrimitive
instanceKlass java/util/Spliterators$EmptySpliterator
instanceKlass java/util/Spliterators
instanceKlass com/android/tools/r8/internal/oA
instanceKlass com/android/tools/r8/internal/K40
instanceKlass com/android/tools/r8/internal/yA
instanceKlass com/android/tools/r8/synthesis/P
instanceKlass com/android/tools/r8/internal/tA
instanceKlass com/android/tools/r8/references/TypeReference
instanceKlass com/android/tools/r8/synthesis/Q$b
instanceKlass com/android/tools/r8/synthesis/Q
instanceKlass com/android/tools/r8/graph/s2
instanceKlass com/android/tools/r8/graph/P1
instanceKlass com/android/tools/r8/graph/p2
instanceKlass com/android/tools/r8/graph/j2
instanceKlass com/android/tools/r8/graph/H1
instanceKlass com/android/tools/r8/graph/e2
instanceKlass com/android/tools/r8/graph/d2
instanceKlass com/android/tools/r8/graph/a2
instanceKlass com/android/tools/r8/graph/X1
instanceKlass com/android/tools/r8/graph/n2
instanceKlass com/android/tools/r8/graph/l2
instanceKlass com/android/tools/r8/graph/A1
instanceKlass com/android/tools/r8/graph/m2
instanceKlass com/android/tools/r8/graph/N1
instanceKlass com/android/tools/r8/graph/i2
instanceKlass com/android/tools/r8/graph/U1
instanceKlass com/android/tools/r8/graph/S1
instanceKlass com/android/tools/r8/graph/R1
instanceKlass com/android/tools/r8/graph/T1
instanceKlass com/android/tools/r8/graph/g
instanceKlass com/android/tools/r8/graph/h2
instanceKlass com/android/tools/r8/graph/I1
instanceKlass com/android/tools/r8/graph/G1
instanceKlass com/android/tools/r8/graph/z1
instanceKlass com/android/tools/r8/graph/u1$e
instanceKlass com/android/tools/r8/graph/o2
instanceKlass com/android/tools/r8/graph/D1
instanceKlass com/android/tools/r8/graph/u1$c
instanceKlass com/android/tools/r8/graph/k2
instanceKlass com/android/tools/r8/graph/r2
instanceKlass com/android/tools/r8/internal/MB
instanceKlass com/android/tools/r8/graph/G4
instanceKlass com/android/tools/r8/graph/L4
instanceKlass com/android/tools/r8/graph/G0
instanceKlass  @bci com/android/tools/r8/internal/gm a (Lcom/android/tools/r8/graph/u1;Lcom/android/tools/r8/graph/B2;)Lcom/android/tools/r8/graph/L2; 22 <appendix> form vmentry <vmtarget> ; # java/lang/invoke/LambdaForm$MH+0x000001ec48036c00
instanceKlass java/lang/invoke/LambdaFormEditor$1
# instanceKlass java/lang/invoke/LambdaForm$MH+0x000001ec48036800
instanceKlass  @bci com/android/tools/r8/internal/gm a (Lcom/android/tools/r8/graph/u1;Lcom/android/tools/r8/graph/B2;)Lcom/android/tools/r8/graph/L2; 22 <appendix> argL3 form vmentry <vmtarget> ; # java/lang/invoke/LambdaForm$MH+0x000001ec48036400
instanceKlass  @bci com/android/tools/r8/synthesis/Q a (Ljava/lang/String;Lcom/android/tools/r8/synthesis/Q$b;Ljava/lang/String;Ljava/lang/String;)Ljava/lang/String; 7 <appendix> argL3 argL2 form vmentry <vmtarget> ; # java/lang/invoke/LambdaForm$MH+0x000001ec48036000
# instanceKlass java/lang/invoke/LambdaForm$MH+0x000001ec48035c00
# instanceKlass java/lang/invoke/LambdaForm$MH+0x000001ec48035800
# instanceKlass java/lang/invoke/LambdaForm$MH+0x000001ec48035400
instanceKlass  @bci com/android/tools/r8/internal/gm a (Lcom/android/tools/r8/graph/u1;Lcom/android/tools/r8/graph/B2;)Lcom/android/tools/r8/graph/L2; 22 <appendix> argL1 form vmentry <vmtarget> ; # java/lang/invoke/LambdaForm$MH+0x000001ec48035000
# instanceKlass java/lang/invoke/LambdaForm$MH+0x000001ec48034c00
# instanceKlass java/lang/invoke/LambdaForm$MH+0x000001ec48034800
# instanceKlass java/lang/invoke/LambdaForm$MH+0x000001ec48034400
# instanceKlass java/lang/invoke/LambdaForm$MH+0x000001ec48034000
instanceKlass  @bci com/android/tools/r8/graph/u1 c (I)Lcom/android/tools/r8/graph/O0$b; 15 <appendix> argL0 ; # com/android/tools/r8/graph/u1$$Lambda+0x000001ec48033628
instanceKlass com/android/tools/r8/internal/wA
instanceKlass com/android/tools/r8/internal/AI
instanceKlass com/android/tools/r8/internal/WH
instanceKlass com/android/tools/r8/internal/x40
instanceKlass com/android/tools/r8/internal/l40
instanceKlass com/android/tools/r8/internal/Ge0
instanceKlass com/android/tools/r8/internal/Gl0
instanceKlass com/android/tools/r8/internal/Em0
instanceKlass com/android/tools/r8/internal/oL
instanceKlass com/android/tools/r8/internal/j40
instanceKlass com/android/tools/r8/internal/x1
instanceKlass com/android/tools/r8/internal/xf
instanceKlass com/android/tools/r8/internal/Jr0
instanceKlass com/android/tools/r8/internal/EA
instanceKlass com/android/tools/r8/internal/AA
instanceKlass com/android/tools/r8/internal/g7
instanceKlass com/android/tools/r8/internal/fH
instanceKlass com/android/tools/r8/internal/Q
instanceKlass com/android/tools/r8/internal/UG
instanceKlass com/android/tools/r8/internal/Ky
instanceKlass com/android/tools/r8/internal/mv0
instanceKlass com/android/tools/r8/graph/f2
instanceKlass com/android/tools/r8/graph/u1
instanceKlass com/android/tools/r8/DexFilePerClassFileConsumer
instanceKlass com/android/tools/r8/ClassFileConsumer
instanceKlass com/android/tools/r8/internal/q50
instanceKlass  @bci com/android/tools/r8/BaseCommand$Builder build ()Lcom/android/tools/r8/BaseCommand; 16 <appendix> member <vmtarget> ; # com/android/tools/r8/BaseCommand$Builder$$Lambda+0x000001ec48026c20
instanceKlass com/android/tools/r8/internal/xv$a
instanceKlass com/android/tools/r8/internal/E7
instanceKlass com/android/tools/r8/internal/dt
instanceKlass com/android/tools/r8/internal/V50
instanceKlass com/android/tools/r8/DexIndexedConsumer$ForwardingConsumer
instanceKlass com/android/tools/r8/internal/xg0
instanceKlass  @bci com/android/tools/r8/m b (Lcom/android/tools/r8/BaseCompilerCommand$Builder;Ljava/lang/String;[Ljava/lang/String;ILcom/android/tools/r8/origin/Origin;)I 6 <appendix> member <vmtarget> ; # com/android/tools/r8/m$$Lambda+0x000001ec480234c8
instanceKlass com/android/tools/r8/internal/l70
instanceKlass com/android/tools/r8/position/Position
instanceKlass com/android/tools/r8/shaking/Q0
instanceKlass com/android/tools/r8/utils/ArchiveResourceProvider
instanceKlass  @bci com/android/tools/r8/BaseCommand$Builder addProgramFiles (Ljava/util/Collection;)Lcom/android/tools/r8/BaseCommand$Builder; 4 <appendix> member <vmtarget> ; # com/android/tools/r8/BaseCommand$Builder$$Lambda+0x000001ec480229e8
instanceKlass  @bci com/android/tools/r8/dex/W <clinit> ()V 13 <appendix> form vmentry <vmtarget> ; # java/lang/invoke/LambdaForm$MH+0x000001ec48025c00
# instanceKlass java/lang/invoke/LambdaForm$MH+0x000001ec48025800
instanceKlass  @bci com/android/tools/r8/dex/W <clinit> ()V 13 <appendix> argL3 form vmentry <vmtarget> ; # java/lang/invoke/LambdaForm$MH+0x000001ec48025400
instanceKlass java/lang/invoke/MethodHandles$1
instanceKlass java/lang/Long$LongCache
# instanceKlass java/lang/invoke/LambdaForm$MH+0x000001ec48025000
instanceKlass  @bci com/android/tools/r8/dex/W <clinit> ()V 13 <appendix> argL2 form vmentry <vmtarget> ; # java/lang/invoke/LambdaForm$MH+0x000001ec48024c00
# instanceKlass java/lang/invoke/LambdaForm$MH+0x000001ec48024800
instanceKlass  @bci com/android/tools/r8/internal/gm a (Lcom/android/tools/r8/graph/u1;Lcom/android/tools/r8/graph/B2;)Lcom/android/tools/r8/graph/L2; 22 <appendix> argL1 argL0 form vmentry <vmtarget> ; # java/lang/invoke/LambdaForm$MH+0x000001ec48024400
# instanceKlass java/lang/invoke/LambdaForm$MH+0x000001ec48024000
instanceKlass com/android/tools/r8/a
instanceKlass com/android/tools/r8/internal/J70
instanceKlass com/android/tools/r8/internal/Se
instanceKlass com/android/tools/r8/internal/G0
instanceKlass com/android/tools/r8/internal/h6
instanceKlass com/android/tools/r8/internal/Wy
instanceKlass com/android/tools/r8/internal/s50
instanceKlass com/android/tools/r8/internal/xC
instanceKlass com/android/tools/r8/internal/Gl
instanceKlass com/android/tools/r8/utils/u
instanceKlass java/util/zip/ZipFile$ZipEntryIterator
instanceKlass  @bci com/android/tools/r8/internal/CJ <init> (Ljava/nio/file/Path;)V 1 <appendix> argL0 ; # com/android/tools/r8/internal/CJ$$Lambda+0x000001ec4801bc60
instanceKlass com/android/tools/r8/internal/CJ
instanceKlass com/android/tools/r8/DataResourceProvider
instanceKlass com/android/tools/r8/internal/jx
instanceKlass  @bci com/android/tools/r8/BaseCommand$Builder addLibraryFiles (Ljava/util/Collection;)Lcom/android/tools/r8/BaseCommand$Builder; 4 <appendix> member <vmtarget> ; # com/android/tools/r8/BaseCommand$Builder$$Lambda+0x000001ec4801b3c0
instanceKlass  @cpi com/android/tools/r8/synthesis/M 193 form vmentry <vmtarget> ; # java/lang/invoke/LambdaForm$DMH+0x000001ec4801c800
instanceKlass sun/nio/fs/WindowsPath$1
instanceKlass  @bci com/android/tools/r8/p a ([Ljava/lang/String;Lcom/android/tools/r8/origin/Origin;Lcom/android/tools/r8/D8Command$Builder;)Lcom/android/tools/r8/D8Command$Builder; 1072 <appendix> member <vmtarget> ; # com/android/tools/r8/p$$Lambda+0x000001ec4801b188
instanceKlass  @cpi com/android/tools/r8/p 497 form vmentry <vmtarget> ; # java/lang/invoke/LambdaForm$DMH+0x000001ec4801c400
instanceKlass  @bci com/android/tools/r8/p a ([Ljava/lang/String;Lcom/android/tools/r8/origin/Origin;Lcom/android/tools/r8/D8Command$Builder;)Lcom/android/tools/r8/D8Command$Builder; 1066 <appendix> member <vmtarget> ; # com/android/tools/r8/p$$Lambda+0x000001ec4801af50
instanceKlass com/android/tools/r8/internal/tr0
instanceKlass com/android/tools/r8/internal/Gx
instanceKlass  @bci com/android/tools/r8/p a ([Ljava/lang/String;Lcom/android/tools/r8/origin/Origin;Lcom/android/tools/r8/D8Command$Builder;)Lcom/android/tools/r8/D8Command$Builder; 29 <appendix> member <vmtarget> ; # com/android/tools/r8/p$$Lambda+0x000001ec4801a6b0
instanceKlass java/util/function/Consumer
instanceKlass com/android/tools/r8/internal/jC
instanceKlass java/util/Spliterator
instanceKlass com/android/tools/r8/p$a$a
instanceKlass com/android/tools/r8/p$a
# instanceKlass java/lang/invoke/LambdaForm$DMH+0x000001ec4801c000
instanceKlass java/lang/invoke/MethodHandle$1
instanceKlass  @bci com/android/tools/r8/BaseCompilerCommand$Builder <init> (Lcom/android/tools/r8/DiagnosticsHandler;)V 69 <appendix> argL0 ; # com/android/tools/r8/BaseCompilerCommand$Builder$$Lambda+0x000001ec480181f8
instanceKlass java/util/function/BiPredicate
instanceKlass com/android/tools/r8/utils/i$a
instanceKlass com/android/tools/r8/DataResource
instanceKlass com/android/tools/r8/internal/oe
instanceKlass com/android/tools/r8/DataResourceProvider$Visitor
instanceKlass com/android/tools/r8/utils/i
instanceKlass com/android/tools/r8/internal/yg0
instanceKlass com/android/tools/r8/o
instanceKlass com/android/tools/r8/internal/Cm
instanceKlass com/android/tools/r8/Q
instanceKlass com/android/tools/r8/DataResourceConsumer
instanceKlass com/android/tools/r8/PartitionMapConsumer
instanceKlass com/android/tools/r8/internal/Cw0
instanceKlass com/android/tools/r8/internal/DA
instanceKlass com/android/tools/r8/internal/kI
instanceKlass com/android/tools/r8/internal/lI
instanceKlass com/android/tools/r8/internal/cD
instanceKlass com/android/tools/r8/profile/art/ArtProfileProvider
instanceKlass com/android/tools/r8/profile/art/ArtProfileConsumer
instanceKlass com/android/tools/r8/StringConsumer
instanceKlass com/android/tools/r8/w0
instanceKlass com/android/tools/r8/Resource
instanceKlass com/android/tools/r8/ClassFileResourceProvider
instanceKlass com/android/tools/r8/m
instanceKlass com/android/tools/r8/naming/Q
instanceKlass com/android/tools/r8/G
instanceKlass com/android/tools/r8/internal/zt
instanceKlass com/android/tools/r8/DiagnosticsHandler
instanceKlass com/android/tools/r8/internal/xv
instanceKlass  @bci com/android/tools/r8/D8 main ([Ljava/lang/String;)V 6 <appendix> member <vmtarget> ; # com/android/tools/r8/D8$$Lambda+0x000001ec4800d680
instanceKlass  @cpi com/android/tools/r8/internal/sp 143 form vmentry <vmtarget> ; # java/lang/invoke/LambdaForm$DMH+0x000001ec48010000
instanceKlass com/android/tools/r8/internal/yv
instanceKlass java/lang/PublicMethods$Key
instanceKlass java/lang/PublicMethods$MethodList
instanceKlass java/util/concurrent/ExecutorService
instanceKlass java/util/concurrent/Executor
instanceKlass com/android/tools/r8/internal/Hh
instanceKlass com/android/tools/r8/internal/F1
instanceKlass com/android/tools/r8/internal/dg
instanceKlass com/android/tools/r8/internal/r
instanceKlass com/android/tools/r8/internal/mD
instanceKlass com/android/tools/r8/internal/GT
instanceKlass com/android/tools/r8/graph/q5
instanceKlass com/android/tools/r8/internal/Gr0
instanceKlass com/android/tools/r8/internal/r50
instanceKlass com/android/tools/r8/internal/qv
instanceKlass com/android/tools/r8/graph/L5
instanceKlass com/android/tools/r8/graph/G5
instanceKlass com/android/tools/r8/graph/M5
instanceKlass com/android/tools/r8/graph/H5
instanceKlass com/android/tools/r8/graph/n1
instanceKlass com/android/tools/r8/graph/b0
instanceKlass com/android/tools/r8/graph/S
instanceKlass com/android/tools/r8/graph/o0
instanceKlass com/android/tools/r8/graph/w0
instanceKlass com/android/tools/r8/ProgramResourceProvider
instanceKlass com/android/tools/r8/dex/k
instanceKlass com/android/tools/r8/DexIndexedConsumer
instanceKlass com/android/tools/r8/ByteBufferProvider
instanceKlass com/android/tools/r8/ProgramConsumer
instanceKlass com/android/tools/r8/Diagnostic
instanceKlass com/android/tools/r8/internal/AC
instanceKlass com/android/tools/r8/graph/x0
instanceKlass com/android/tools/r8/graph/d1
instanceKlass com/android/tools/r8/BaseCommand$Builder
instanceKlass com/android/tools/r8/origin/Origin
instanceKlass com/android/tools/r8/BaseCommand
instanceKlass jdk/internal/misc/PreviewFeatures
instanceKlass jdk/internal/misc/MainMethodFinder
instanceKlass com/android/tools/r8/D8
instanceKlass java/security/SecureClassLoader$DebugHolder
instanceKlass java/security/PermissionCollection
instanceKlass java/security/SecureClassLoader$1
instanceKlass java/util/zip/Checksum$1
instanceKlass java/util/zip/CRC32
instanceKlass java/util/zip/Checksum
instanceKlass sun/nio/ByteBuffered
instanceKlass sun/security/util/ManifestEntryVerifier$SunProviderHolder
instanceKlass java/lang/Package$VersionInfo
instanceKlass java/lang/NamedPackage
instanceKlass java/util/Base64$Encoder
instanceKlass java/util/Base64$Decoder
instanceKlass java/util/Base64
instanceKlass javax/crypto/SecretKey
instanceKlass sun/security/util/Length
instanceKlass sun/security/util/KeyUtil
instanceKlass java/security/interfaces/XECKey
instanceKlass java/security/interfaces/ECKey
instanceKlass sun/security/util/JarConstraintsParameters
instanceKlass sun/security/util/ConstraintsParameters
instanceKlass java/security/CodeSigner
instanceKlass java/security/Timestamp
instanceKlass sun/security/timestamp/TimestampToken
instanceKlass java/security/cert/CertPath
# instanceKlass java/lang/invoke/LambdaForm$MH+0x000001ec48001800
instanceKlass java/math/MutableBigInteger
instanceKlass sun/security/rsa/RSAPadding
instanceKlass sun/security/rsa/RSACore
instanceKlass java/security/interfaces/RSAPrivateCrtKey
instanceKlass sun/security/pkcs/PKCS8Key
instanceKlass sun/security/util/InternalPrivateKey
instanceKlass java/security/interfaces/RSAPrivateKey
instanceKlass java/security/PrivateKey
instanceKlass javax/security/auth/Destroyable
instanceKlass jdk/internal/icu/util/CodePointTrie$Data
instanceKlass jdk/internal/icu/util/CodePointMap
instanceKlass jdk/internal/icu/util/VersionInfo
instanceKlass  @bci jdk/internal/module/SystemModuleFinders$SystemModuleReader open (Ljava/lang/String;)Ljava/util/Optional; 6 <appendix> member <vmtarget> ; # jdk/internal/module/SystemModuleFinders$SystemModuleReader$$Lambda+0x000001ec4806b8d0
instanceKlass jdk/internal/jimage/ImageLocation
instanceKlass jdk/internal/jimage/decompressor/Decompressor
instanceKlass jdk/internal/jimage/ImageStringsReader
instanceKlass jdk/internal/jimage/ImageStrings
instanceKlass jdk/internal/jimage/ImageHeader
instanceKlass jdk/internal/jimage/NativeImageBuffer$1
instanceKlass jdk/internal/jimage/NativeImageBuffer
instanceKlass jdk/internal/jimage/BasicImageReader$1
instanceKlass jdk/internal/jimage/BasicImageReader
instanceKlass jdk/internal/jimage/ImageReader
instanceKlass jdk/internal/jimage/ImageReaderFactory$1
instanceKlass java/nio/file/FileSystems$DefaultFileSystemHolder$1
instanceKlass java/nio/file/FileSystems$DefaultFileSystemHolder
instanceKlass java/nio/file/FileSystems
instanceKlass java/nio/file/Paths
instanceKlass jdk/internal/jimage/ImageReaderFactory
instanceKlass jdk/internal/module/SystemModuleFinders$SystemImage
instanceKlass jdk/internal/module/SystemModuleFinders$SystemModuleReader
instanceKlass java/lang/module/ModuleReader
instanceKlass jdk/internal/loader/BuiltinClassLoader$5
instanceKlass jdk/internal/module/Checks
instanceKlass jdk/internal/module/Resources
instanceKlass jdk/internal/icu/impl/ICUBinary$1
instanceKlass jdk/internal/icu/impl/ICUBinary
instanceKlass jdk/internal/icu/impl/NormalizerImpl$IsAcceptable
instanceKlass jdk/internal/icu/impl/ICUBinary$Authenticate
instanceKlass jdk/internal/icu/impl/NormalizerImpl
instanceKlass jdk/internal/icu/impl/Norm2AllModes$Norm2AllModesSingleton
instanceKlass jdk/internal/icu/impl/Norm2AllModes$NFKCSingleton
instanceKlass jdk/internal/icu/impl/Norm2AllModes
instanceKlass jdk/internal/icu/text/Normalizer2
instanceKlass jdk/internal/icu/text/NormalizerBase$ModeImpl
instanceKlass jdk/internal/icu/text/NormalizerBase$NFKDModeImpl
instanceKlass jdk/internal/icu/text/NormalizerBase$1
instanceKlass jdk/internal/icu/text/NormalizerBase$Mode
instanceKlass jdk/internal/icu/text/NormalizerBase
instanceKlass java/text/Normalizer
instanceKlass sun/security/x509/AVAKeyword
instanceKlass java/util/StringJoiner
instanceKlass sun/security/jca/ServiceId
instanceKlass java/security/Signature$1
instanceKlass jdk/internal/access/JavaSecuritySignatureAccess
instanceKlass java/security/SignatureSpi
instanceKlass sun/security/util/SignatureUtil
instanceKlass java/lang/invoke/VarHandle$AccessDescriptor
instanceKlass sun/security/provider/ByteArrayAccess$BE
instanceKlass sun/security/provider/ByteArrayAccess
instanceKlass sun/security/util/MessageDigestSpi2
instanceKlass java/security/MessageDigestSpi
instanceKlass sun/security/pkcs/SigningCertificateInfo$ESSCertId
instanceKlass sun/security/pkcs/SigningCertificateInfo
instanceKlass sun/security/pkcs/PKCS9Attribute
instanceKlass sun/security/pkcs/PKCS9Attributes
instanceKlass java/time/Instant
instanceKlass java/time/zone/ZoneOffsetTransition
instanceKlass java/time/LocalTime
instanceKlass java/time/temporal/ValueRange
instanceKlass java/time/Duration
instanceKlass java/time/temporal/TemporalAmount
instanceKlass java/time/temporal/TemporalUnit
instanceKlass java/time/temporal/TemporalField
instanceKlass java/time/LocalDate
instanceKlass java/time/chrono/ChronoLocalDate
instanceKlass java/time/ZonedDateTime
instanceKlass java/time/chrono/ChronoZonedDateTime
instanceKlass java/time/LocalDateTime
instanceKlass java/time/chrono/ChronoLocalDateTime
instanceKlass java/time/temporal/Temporal
instanceKlass java/time/zone/ZoneOffsetTransitionRule
instanceKlass java/time/zone/ZoneRules
instanceKlass  @bci java/time/ZoneOffset ofTotalSeconds (I)Ljava/time/ZoneOffset; 37 <appendix> argL0 ; # java/time/ZoneOffset$$Lambda+0x80000000c
instanceKlass java/time/temporal/TemporalAdjuster
instanceKlass java/time/temporal/TemporalAccessor
instanceKlass java/time/ZoneId
instanceKlass  @bci java/util/regex/Pattern Single (I)Ljava/util/regex/Pattern$BmpCharPredicate; 1 <appendix> member <vmtarget> ; # java/util/regex/Pattern$$Lambda+0x800000029
instanceKlass  @bci java/util/regex/CharPredicates ASCII_DIGIT ()Ljava/util/regex/Pattern$BmpCharPredicate; 0 <appendix> argL0 ; # java/util/regex/CharPredicates$$Lambda+0x800000025
instanceKlass  @bci java/util/regex/CharPredicates ASCII_SPACE ()Ljava/util/regex/Pattern$BmpCharPredicate; 0 <appendix> argL0 ; # java/util/regex/CharPredicates$$Lambda+0x800000026
instanceKlass java/util/regex/Pattern$BmpCharPredicate
instanceKlass java/util/regex/CharPredicates
instanceKlass sun/security/util/DisabledAlgorithmConstraints$Constraints$Holder
instanceKlass sun/security/util/DisabledAlgorithmConstraints$Constraint
instanceKlass java/util/StringTokenizer
instanceKlass java/util/Collections$UnmodifiableCollection
instanceKlass java/security/spec/ECFieldF2m
instanceKlass java/security/spec/ECParameterSpec
instanceKlass java/security/spec/ECPoint
instanceKlass java/security/spec/EllipticCurve
instanceKlass java/security/spec/ECFieldFp
instanceKlass java/security/spec/ECField
instanceKlass sun/security/util/CurveDB
instanceKlass sun/security/util/DisabledAlgorithmConstraints$Constraints
instanceKlass java/util/regex/IntHashSet
instanceKlass java/util/regex/Matcher
instanceKlass java/util/regex/MatchResult
instanceKlass java/util/TreeMap$PrivateEntryIterator
instanceKlass java/util/Arrays$ArrayItr
instanceKlass java/util/NavigableSet
instanceKlass java/util/SortedSet
instanceKlass sun/security/util/AbstractAlgorithmConstraints$1
instanceKlass sun/security/util/AlgorithmDecomposer
instanceKlass sun/security/util/DisabledAlgorithmConstraints$JarHolder
instanceKlass java/util/regex/Pattern$TreeInfo
instanceKlass  @bci java/util/regex/Pattern DOT ()Ljava/util/regex/Pattern$CharPredicate; 0 <appendix> argL0 ; # java/util/regex/Pattern$$Lambda+0x000001ec4805e4f0
instanceKlass java/util/regex/Pattern$CharPredicate
instanceKlass java/util/regex/ASCII
instanceKlass java/util/regex/Pattern$Node
instanceKlass java/util/regex/Pattern
instanceKlass sun/security/util/AbstractAlgorithmConstraints
instanceKlass java/security/AlgorithmConstraints
instanceKlass sun/security/pkcs/SignerInfo
instanceKlass java/security/cert/PolicyQualifierInfo
instanceKlass sun/security/x509/CertificatePolicyId
instanceKlass sun/security/x509/PolicyInformation
instanceKlass sun/security/x509/DistributionPoint
instanceKlass sun/security/x509/DNSName
instanceKlass java/net/URI$Parser
instanceKlass sun/security/x509/URIName
instanceKlass sun/security/x509/GeneralName
instanceKlass sun/security/x509/AccessDescription
instanceKlass sun/security/x509/GeneralNames
instanceKlass java/lang/invoke/VarForm
instanceKlass java/lang/invoke/VarHandleGuards
instanceKlass java/lang/invoke/VarHandles
instanceKlass java/lang/System$Logger
instanceKlass jdk/internal/event/EventHelper
instanceKlass sun/security/jca/JCAUtil
instanceKlass sun/security/util/MemoryCache$CacheEntry
instanceKlass sun/security/x509/KeyIdentifier
instanceKlass java/util/TreeMap$Entry
# instanceKlass java/lang/invoke/LambdaForm$MH+0x000001ec48001400
instanceKlass  @bci com/android/tools/r8/internal/PR b ()Lcom/android/tools/r8/graph/L2; 14 <appendix> form vmentry <vmtarget> ; # java/lang/invoke/LambdaForm$MH+0x000001ec48001000
instanceKlass sun/security/x509/OIDMap$OIDInfo
instanceKlass sun/security/x509/PKIXExtensions
instanceKlass sun/security/x509/OIDMap
instanceKlass sun/security/x509/Extension
instanceKlass java/security/cert/Extension
instanceKlass java/util/Collections$SynchronizedMap
instanceKlass java/util/NavigableMap
instanceKlass java/util/SortedMap
instanceKlass sun/security/x509/CertificateExtensions
instanceKlass sun/security/rsa/RSAUtil
instanceKlass java/security/interfaces/RSAPublicKey
instanceKlass java/security/interfaces/RSAKey
instanceKlass java/security/spec/PSSParameterSpec
instanceKlass java/security/spec/AlgorithmParameterSpec
instanceKlass java/security/spec/RSAPrivateKeySpec
instanceKlass java/security/spec/RSAPublicKeySpec
instanceKlass java/security/KeyFactorySpi
instanceKlass sun/security/rsa/SunRsaSignEntries
instanceKlass sun/security/jca/ProviderList$ServiceList$1
instanceKlass java/security/KeyFactory
instanceKlass  @bci java/security/spec/EncodedKeySpec <clinit> ()V 0 <appendix> argL0 ; # java/security/spec/EncodedKeySpec$$Lambda+0x000001ec480544a0
instanceKlass  @cpi java/security/spec/EncodedKeySpec 79 form vmentry <vmtarget> ; # java/lang/invoke/LambdaForm$DMH+0x000001ec48000c00
instanceKlass jdk/internal/access/JavaSecuritySpecAccess
instanceKlass java/security/spec/EncodedKeySpec
instanceKlass java/security/spec/KeySpec
instanceKlass sun/security/util/BitArray
instanceKlass sun/security/x509/X509Key
instanceKlass java/security/PublicKey
instanceKlass java/security/Key
instanceKlass sun/security/x509/CertificateX509Key
instanceKlass java/util/Date
instanceKlass sun/util/calendar/CalendarUtils
instanceKlass sun/util/calendar/CalendarDate
instanceKlass sun/util/calendar/CalendarSystem$GregorianHolder
instanceKlass sun/util/calendar/CalendarSystem
instanceKlass sun/security/x509/CertificateValidity
instanceKlass sun/security/x509/AVA
instanceKlass sun/security/x509/RDN
instanceKlass javax/security/auth/x500/X500Principal
instanceKlass  @bci sun/security/x509/X500Name <clinit> ()V 153 <appendix> argL0 ; # sun/security/x509/X500Name$$Lambda+0x000001ec48051da0
instanceKlass sun/security/x509/X500Name
instanceKlass sun/security/x509/GeneralNameInterface
instanceKlass sun/security/x509/CertificateAlgorithmId
instanceKlass sun/security/x509/SerialNumber
instanceKlass sun/security/x509/CertificateSerialNumber
instanceKlass sun/security/x509/CertificateVersion
instanceKlass sun/security/x509/X509CertInfo
instanceKlass sun/security/util/Cache$EqualByteArray
instanceKlass java/security/cert/X509Extension
instanceKlass java/lang/Byte$ByteCache
instanceKlass  @bci sun/security/util/DerInputStream seeOptionalContextSpecific (I)Z 2 <appendix> member <vmtarget> ; # sun/security/util/DerInputStream$$Lambda+0x000001ec4804f6d0
instanceKlass  @cpi com/android/tools/r8/internal/sB 851 form vmentry <vmtarget> ; # java/lang/invoke/LambdaForm$DMH+0x000001ec48000800
instanceKlass java/util/function/Predicate
instanceKlass sun/security/jca/GetInstance$Instance
instanceKlass jdk/internal/reflect/MethodHandleAccessorFactory$LazyStaticHolder
instanceKlass sun/security/util/Cache
instanceKlass jdk/internal/event/Event
instanceKlass sun/security/jca/GetInstance
instanceKlass java/security/cert/CertificateFactorySpi
instanceKlass java/security/cert/CertificateFactory
instanceKlass sun/security/x509/AlgorithmId
instanceKlass sun/security/util/ByteArrayTagOrder
instanceKlass sun/security/util/ByteArrayLexOrder
instanceKlass sun/security/util/DerValue
instanceKlass sun/security/util/ObjectIdentifier
instanceKlass sun/security/pkcs/ContentInfo
instanceKlass sun/security/util/DerEncoder
instanceKlass sun/security/util/DerInputStream
instanceKlass sun/security/pkcs/PKCS7
instanceKlass java/util/Collections$EmptyIterator
instanceKlass java/util/LinkedHashMap$LinkedHashIterator
instanceKlass sun/security/util/SecurityProviderConstants
instanceKlass java/security/Provider$UString
instanceKlass java/security/Provider$Service
instanceKlass sun/security/provider/NativePRNG$NonBlocking
instanceKlass sun/security/provider/NativePRNG$Blocking
instanceKlass sun/security/provider/NativePRNG
instanceKlass sun/security/provider/SunEntries$1
instanceKlass sun/security/provider/SunEntries
instanceKlass java/security/Permission
instanceKlass java/security/Guard
instanceKlass sun/security/util/SecurityConstants
instanceKlass java/security/Security$1
instanceKlass jdk/internal/access/JavaSecurityPropertiesAccess
instanceKlass java/util/concurrent/ConcurrentHashMap$MapEntry
instanceKlass java/io/FileInputStream$1
instanceKlass java/util/Properties$LineReader
instanceKlass  @bci java/security/Security <clinit> ()V 9 <appendix> argL0 ; # java/security/Security$$Lambda+0x80000000b
instanceKlass java/security/Security
instanceKlass sun/security/jca/ProviderList$2
instanceKlass java/util/SequencedSet
instanceKlass jdk/internal/math/FloatingDecimal$ASCIIToBinaryBuffer
instanceKlass jdk/internal/math/FloatingDecimal$PreparedASCIIToBinaryBuffer
instanceKlass jdk/internal/math/FloatingDecimal$ASCIIToBinaryConverter
instanceKlass jdk/internal/math/FloatingDecimal$BinaryToASCIIBuffer
instanceKlass jdk/internal/math/FloatingDecimal$ExceptionalBinaryToASCIIBuffer
instanceKlass jdk/internal/math/FloatingDecimal$BinaryToASCIIConverter
instanceKlass jdk/internal/math/FloatingDecimal
instanceKlass javax/security/auth/login/Configuration$Parameters
instanceKlass java/security/Policy$Parameters
instanceKlass java/security/cert/CertStoreParameters
instanceKlass java/security/SecureRandomParameters
instanceKlass java/security/Provider$EngineDescription
instanceKlass java/security/Provider$ServiceKey
instanceKlass sun/security/jca/ProviderConfig
instanceKlass sun/security/jca/ProviderList
instanceKlass sun/security/jca/Providers
instanceKlass  @bci com/android/tools/r8/internal/Gj a (Lcom/android/tools/r8/internal/Gr0;Lcom/android/tools/r8/internal/AA;Lcom/android/tools/r8/internal/Fr0;)V 1 <appendix> form vmentry <vmtarget> ; # java/lang/invoke/LambdaForm$MH+0x000001ec48000400
instanceKlass jdk/internal/org/objectweb/asm/FieldVisitor
instanceKlass java/lang/invoke/InvokerBytecodeGenerator$ClassData
instanceKlass jdk/internal/org/objectweb/asm/Frame
instanceKlass java/lang/invoke/LambdaFormBuffer
instanceKlass java/lang/invoke/LambdaFormEditor$TransformKey
instanceKlass java/lang/invoke/LambdaFormEditor
instanceKlass java/lang/invoke/DelegatingMethodHandle$Holder
instanceKlass java/lang/invoke/DirectMethodHandle$2
instanceKlass java/lang/invoke/ClassSpecializer$Factory
instanceKlass java/lang/invoke/ClassSpecializer$SpeciesData
instanceKlass java/lang/invoke/ClassSpecializer$1
instanceKlass java/lang/invoke/ClassSpecializer
instanceKlass sun/invoke/empty/Empty
instanceKlass sun/invoke/util/VerifyType
instanceKlass  @bci sun/security/util/ManifestDigester <init> ([B)V 350 <appendix> argL0 ; # sun/security/util/ManifestDigester$$Lambda+0x000001ec480430f0
instanceKlass java/lang/invoke/MethodHandles$Lookup$ClassDefiner
instanceKlass java/lang/invoke/MethodHandles$Lookup$ClassFile
instanceKlass jdk/internal/org/objectweb/asm/AnnotationVisitor
instanceKlass jdk/internal/org/objectweb/asm/Attribute
instanceKlass jdk/internal/org/objectweb/asm/Handler
instanceKlass jdk/internal/org/objectweb/asm/Label
instanceKlass jdk/internal/org/objectweb/asm/MethodVisitor
instanceKlass java/lang/invoke/LambdaProxyClassArchive
instanceKlass jdk/internal/org/objectweb/asm/ByteVector
instanceKlass jdk/internal/org/objectweb/asm/Symbol
instanceKlass jdk/internal/org/objectweb/asm/SymbolTable
instanceKlass jdk/internal/org/objectweb/asm/ClassVisitor
instanceKlass java/lang/invoke/InfoFromMemberName
instanceKlass java/lang/invoke/MethodHandleInfo
instanceKlass jdk/internal/org/objectweb/asm/ConstantDynamic
instanceKlass sun/invoke/util/BytecodeDescriptor
instanceKlass jdk/internal/org/objectweb/asm/Handle
instanceKlass sun/security/action/GetBooleanAction
instanceKlass jdk/internal/org/objectweb/asm/Type
instanceKlass java/lang/invoke/AbstractValidatingLambdaMetafactory
instanceKlass java/lang/invoke/MethodHandleImpl$1
instanceKlass jdk/internal/access/JavaLangInvokeAccess
instanceKlass java/lang/invoke/Invokers$Holder
instanceKlass java/lang/invoke/BootstrapMethodInvoker
instanceKlass java/lang/invoke/InvokerBytecodeGenerator$1
instanceKlass java/lang/invoke/InvokerBytecodeGenerator
instanceKlass java/lang/invoke/LambdaForm$Holder
instanceKlass java/lang/invoke/LambdaForm$Name
instanceKlass java/lang/invoke/Invokers
instanceKlass java/lang/invoke/MethodHandleImpl
instanceKlass sun/invoke/util/ValueConversions
instanceKlass java/lang/invoke/DirectMethodHandle$Holder
instanceKlass java/lang/invoke/LambdaForm$NamedFunction
instanceKlass sun/invoke/util/Wrapper$Format
instanceKlass java/lang/invoke/MethodTypeForm
instanceKlass java/lang/Void
instanceKlass jdk/internal/util/StrongReferenceKey
instanceKlass jdk/internal/util/ReferenceKey
instanceKlass jdk/internal/util/ReferencedKeyMap
instanceKlass java/lang/invoke/MethodType$1
instanceKlass java/lang/invoke/LambdaMetafactory
instanceKlass sun/security/util/ManifestDigester$Section
instanceKlass sun/security/util/ManifestDigester$Entry
instanceKlass sun/security/util/ManifestDigester$Position
instanceKlass sun/security/util/ManifestDigester
instanceKlass sun/security/util/ManifestEntryVerifier
instanceKlass jdk/internal/misc/ThreadTracker
instanceKlass java/util/jar/JarFile$ThreadTrackHolder
instanceKlass java/lang/reflect/Array
instanceKlass java/util/jar/Attributes$Name
instanceKlass java/util/SequencedMap
instanceKlass java/util/jar/Attributes
instanceKlass java/util/jar/JarVerifier
instanceKlass jdk/internal/loader/Resource
instanceKlass java/util/ArrayList$Itr
instanceKlass sun/security/action/GetIntegerAction
instanceKlass sun/security/util/Debug
instanceKlass sun/security/util/SignatureFileVerifier
instanceKlass java/util/zip/ZipFile$InflaterCleanupAction
instanceKlass java/util/zip/Inflater$InflaterZStreamRef
instanceKlass java/util/zip/Inflater
instanceKlass java/util/zip/ZipEntry
instanceKlass java/util/zip/ZipFile$2
instanceKlass java/nio/Bits$1
instanceKlass jdk/internal/misc/VM$BufferPool
instanceKlass java/nio/Bits
instanceKlass sun/nio/ch/DirectBuffer
instanceKlass jdk/internal/perf/PerfCounter$CoreCounters
instanceKlass jdk/internal/perf/Perf
instanceKlass jdk/internal/perf/Perf$GetPerfAction
instanceKlass jdk/internal/perf/PerfCounter
instanceKlass sun/util/locale/LocaleObjectCache
instanceKlass sun/util/locale/BaseLocale$Key
instanceKlass sun/util/locale/LocaleUtils
instanceKlass sun/util/locale/BaseLocale
instanceKlass java/util/Locale
instanceKlass java/nio/file/attribute/FileTime
instanceKlass java/util/zip/ZipUtils
instanceKlass java/util/zip/ZipFile$Source$End
instanceKlass java/io/RandomAccessFile$2
instanceKlass jdk/internal/access/JavaIORandomAccessFileAccess
instanceKlass java/io/RandomAccessFile
instanceKlass java/io/DataInput
instanceKlass java/io/DataOutput
instanceKlass sun/nio/fs/WindowsNativeDispatcher$CompletionStatus
instanceKlass sun/nio/fs/WindowsNativeDispatcher$AclInformation
instanceKlass sun/nio/fs/WindowsNativeDispatcher$Account
instanceKlass sun/nio/fs/WindowsNativeDispatcher$DiskFreeSpace
instanceKlass sun/nio/fs/WindowsNativeDispatcher$VolumeInformation
instanceKlass sun/nio/fs/WindowsNativeDispatcher$FirstStream
instanceKlass sun/nio/fs/WindowsNativeDispatcher$FirstFile
instanceKlass java/util/Enumeration
instanceKlass java/util/concurrent/ConcurrentHashMap$Traverser
instanceKlass jdk/internal/loader/NativeLibraries$3
instanceKlass jdk/internal/loader/NativeLibrary
instanceKlass java/util/ArrayDeque$DeqIterator
instanceKlass jdk/internal/loader/NativeLibraries$NativeLibraryContext$1
instanceKlass jdk/internal/loader/NativeLibraries$NativeLibraryContext
instanceKlass jdk/internal/loader/NativeLibraries$2
instanceKlass jdk/internal/loader/NativeLibraries$1
instanceKlass jdk/internal/loader/NativeLibraries$LibraryPaths
instanceKlass sun/nio/fs/WindowsNativeDispatcher
instanceKlass sun/nio/fs/NativeBuffer$Deallocator
instanceKlass sun/nio/fs/NativeBuffer
instanceKlass java/lang/ThreadLocal$ThreadLocalMap
instanceKlass java/lang/ThreadLocal
instanceKlass sun/nio/fs/NativeBuffers
instanceKlass sun/nio/fs/WindowsFileAttributes
instanceKlass java/nio/file/attribute/DosFileAttributes
instanceKlass sun/nio/fs/AbstractBasicFileAttributeView
instanceKlass sun/nio/fs/DynamicFileAttributeView
instanceKlass sun/nio/fs/WindowsFileAttributeViews
instanceKlass sun/nio/fs/Util
instanceKlass java/nio/file/attribute/BasicFileAttributeView
instanceKlass java/nio/file/attribute/FileAttributeView
instanceKlass java/nio/file/attribute/AttributeView
instanceKlass java/nio/file/Files
instanceKlass java/nio/file/CopyOption
instanceKlass java/nio/file/attribute/BasicFileAttributes
instanceKlass java/util/concurrent/ForkJoinPool$ManagedBlocker
instanceKlass sun/nio/fs/WindowsPath
instanceKlass java/nio/file/Path
instanceKlass java/nio/file/Watchable
instanceKlass java/util/concurrent/locks/AbstractQueuedSynchronizer$Node
instanceKlass java/util/zip/ZipFile$Source$Key
instanceKlass sun/nio/fs/WindowsPathParser$Result
instanceKlass sun/nio/fs/WindowsPathParser
instanceKlass java/nio/file/FileSystem
instanceKlass java/nio/file/OpenOption
instanceKlass java/nio/file/spi/FileSystemProvider
instanceKlass sun/nio/fs/DefaultFileSystemProvider
instanceKlass java/util/zip/ZipFile$Source
instanceKlass java/lang/ref/Cleaner$Cleanable
instanceKlass jdk/internal/ref/CleanerImpl
instanceKlass java/lang/ref/Cleaner$1
instanceKlass java/lang/ref/Cleaner
instanceKlass jdk/internal/ref/CleanerFactory$1
instanceKlass java/util/concurrent/ThreadFactory
instanceKlass jdk/internal/ref/CleanerFactory
instanceKlass java/util/zip/ZipCoder
instanceKlass java/util/zip/ZipFile$CleanableResource
instanceKlass java/lang/Runtime$Version
instanceKlass java/util/jar/JavaUtilJarAccessImpl
instanceKlass jdk/internal/access/JavaUtilJarAccess
instanceKlass java/nio/charset/CoderResult
instanceKlass java/lang/Readable
instanceKlass jdk/internal/loader/FileURLMapper
instanceKlass jdk/internal/loader/URLClassPath$JarLoader$1
instanceKlass java/util/zip/ZipFile$1
instanceKlass jdk/internal/access/JavaUtilZipFileAccess
instanceKlass java/util/zip/ZipFile
instanceKlass java/util/zip/ZipConstants
instanceKlass jdk/internal/loader/URLClassPath$Loader
instanceKlass jdk/internal/loader/URLClassPath$3
instanceKlass java/security/PrivilegedExceptionAction
instanceKlass sun/net/util/URLUtil
instanceKlass java/lang/StringCoding
instanceKlass sun/nio/cs/ArrayDecoder
instanceKlass java/nio/charset/CharsetDecoder
instanceKlass sun/launcher/LauncherHelper
instanceKlass java/lang/invoke/StringConcatFactory
instanceKlass java/lang/ModuleLayer$Controller
instanceKlass java/util/concurrent/CopyOnWriteArrayList
instanceKlass jdk/internal/module/ServicesCatalog$ServiceProvider
instanceKlass jdk/internal/loader/AbstractClassLoaderValue$Memoizer
instanceKlass java/util/ImmutableCollections$ListItr
instanceKlass java/util/ListIterator
instanceKlass java/lang/ModuleLayer
instanceKlass jdk/internal/module/ModuleLoaderMap$Modules
instanceKlass jdk/internal/module/ModuleLoaderMap$Mapper
instanceKlass jdk/internal/module/ModuleLoaderMap
instanceKlass java/util/AbstractMap$1$1
instanceKlass java/lang/module/ResolvedModule
instanceKlass java/lang/module/Configuration
instanceKlass jdk/internal/loader/BuiltinClassLoader$LoadedModule
instanceKlass jdk/internal/loader/AbstractClassLoaderValue
instanceKlass jdk/internal/module/ServicesCatalog
instanceKlass java/util/Deque
instanceKlass java/util/Queue
instanceKlass sun/net/util/IPAddressUtil$MASKS
instanceKlass sun/net/util/IPAddressUtil
instanceKlass java/net/URLStreamHandler
instanceKlass sun/net/www/ParseUtil
instanceKlass java/net/URL$3
instanceKlass jdk/internal/access/JavaNetURLAccess
instanceKlass java/net/URL$DefaultFactory
instanceKlass java/net/URLStreamHandlerFactory
instanceKlass jdk/internal/loader/URLClassPath
instanceKlass java/security/Principal
instanceKlass java/security/ProtectionDomain$Key
instanceKlass java/security/ProtectionDomain$JavaSecurityAccessImpl
instanceKlass jdk/internal/access/JavaSecurityAccess
instanceKlass java/lang/ClassLoader$ParallelLoaders
instanceKlass java/security/cert/Certificate
instanceKlass jdk/internal/loader/ArchivedClassLoaders
instanceKlass java/util/concurrent/ConcurrentHashMap$CollectionView
instanceKlass jdk/internal/loader/ClassLoaderHelper
instanceKlass jdk/internal/loader/NativeLibraries
instanceKlass java/lang/Module$EnableNativeAccess
instanceKlass jdk/internal/loader/BootLoader
instanceKlass java/util/Optional
instanceKlass jdk/internal/module/SystemModuleFinders$SystemModuleFinder
instanceKlass java/lang/module/ModuleFinder
instanceKlass jdk/internal/module/SystemModuleFinders$3
instanceKlass jdk/internal/module/ModuleHashes$HashSupplier
instanceKlass jdk/internal/module/SystemModuleFinders$2
instanceKlass java/util/function/Supplier
instanceKlass java/lang/module/ModuleReference
instanceKlass jdk/internal/module/ModuleResolution
instanceKlass java/util/Collections$UnmodifiableMap
instanceKlass jdk/internal/module/ModuleHashes$Builder
instanceKlass jdk/internal/module/ModuleHashes
instanceKlass jdk/internal/module/ModuleTarget
instanceKlass java/util/ImmutableCollections$Set12$1
instanceKlass java/lang/reflect/AccessFlag$18
instanceKlass java/lang/reflect/AccessFlag$17
instanceKlass java/lang/reflect/AccessFlag$16
instanceKlass java/lang/reflect/AccessFlag$15
instanceKlass java/lang/reflect/AccessFlag$14
instanceKlass java/lang/reflect/AccessFlag$13
instanceKlass java/lang/reflect/AccessFlag$12
instanceKlass java/lang/reflect/AccessFlag$11
instanceKlass java/lang/reflect/AccessFlag$10
instanceKlass java/lang/reflect/AccessFlag$9
instanceKlass java/lang/reflect/AccessFlag$8
instanceKlass java/lang/reflect/AccessFlag$7
instanceKlass java/lang/reflect/AccessFlag$6
instanceKlass java/lang/reflect/AccessFlag$5
instanceKlass java/lang/reflect/AccessFlag$4
instanceKlass java/lang/reflect/AccessFlag$3
instanceKlass java/lang/reflect/AccessFlag$2
instanceKlass java/lang/reflect/AccessFlag$1
instanceKlass java/lang/module/ModuleDescriptor$Version
instanceKlass java/lang/module/ModuleDescriptor$Provides
instanceKlass java/lang/module/ModuleDescriptor$Opens
instanceKlass java/util/ImmutableCollections$SetN$SetNIterator
instanceKlass java/lang/module/ModuleDescriptor$Exports
instanceKlass java/lang/module/ModuleDescriptor$Requires
instanceKlass jdk/internal/module/Builder
instanceKlass jdk/internal/module/SystemModules$default
instanceKlass jdk/internal/module/SystemModules
instanceKlass jdk/internal/module/SystemModulesMap
instanceKlass java/net/URI$1
instanceKlass jdk/internal/access/JavaNetUriAccess
instanceKlass java/net/URI
instanceKlass jdk/internal/module/SystemModuleFinders
instanceKlass jdk/internal/module/ArchivedModuleGraph
instanceKlass jdk/internal/module/ArchivedBootLayer
instanceKlass jdk/internal/module/ModuleBootstrap$Counters
instanceKlass jdk/internal/module/ModulePatcher
instanceKlass java/io/FileSystem
instanceKlass java/io/DefaultFileSystem
instanceKlass java/io/File
instanceKlass java/lang/module/ModuleDescriptor$1
instanceKlass jdk/internal/access/JavaLangModuleAccess
instanceKlass sun/invoke/util/VerifyAccess
instanceKlass java/util/KeyValueHolder
instanceKlass java/util/ImmutableCollections$MapN$MapNIterator
instanceKlass java/lang/StrictMath
instanceKlass java/lang/invoke/MethodHandles$Lookup
instanceKlass java/lang/invoke/MemberName$Factory
instanceKlass java/lang/invoke/MethodHandles
instanceKlass java/lang/module/ModuleDescriptor
instanceKlass jdk/internal/module/ModuleBootstrap
instanceKlass java/lang/Character$CharacterCache
instanceKlass java/util/HexFormat
instanceKlass jdk/internal/util/ClassFileDumper
instanceKlass sun/security/action/GetPropertyAction
instanceKlass java/lang/invoke/MethodHandleStatics
instanceKlass jdk/internal/misc/Blocker
instanceKlass java/util/concurrent/locks/AbstractQueuedSynchronizer$ConditionObject
instanceKlass java/util/concurrent/locks/Condition
instanceKlass java/util/Collections
instanceKlass java/lang/Thread$ThreadIdentifiers
instanceKlass sun/io/Win32ErrorMode
instanceKlass jdk/internal/misc/OSEnvironment
instanceKlass java/lang/Integer$IntegerCache
instanceKlass jdk/internal/misc/Signal$NativeHandler
instanceKlass java/util/Hashtable$Entry
instanceKlass jdk/internal/misc/Signal
instanceKlass java/lang/Terminator$1
instanceKlass jdk/internal/misc/Signal$Handler
instanceKlass java/lang/Terminator
instanceKlass java/nio/ByteOrder
instanceKlass java/nio/Buffer$2
instanceKlass jdk/internal/access/JavaNioAccess
instanceKlass java/nio/Buffer$1
instanceKlass jdk/internal/misc/ScopedMemoryAccess
instanceKlass java/nio/charset/CodingErrorAction
instanceKlass sun/nio/cs/SingleByte
instanceKlass java/lang/StringUTF16
instanceKlass sun/nio/cs/MS1252$Holder
instanceKlass sun/nio/cs/ArrayEncoder
instanceKlass java/nio/charset/CharsetEncoder
instanceKlass java/io/Writer
instanceKlass java/io/PrintStream$1
instanceKlass jdk/internal/access/JavaIOPrintStreamAccess
instanceKlass jdk/internal/misc/InternalLock
instanceKlass java/io/OutputStream
instanceKlass java/io/Flushable
instanceKlass java/io/FileDescriptor$1
instanceKlass jdk/internal/access/JavaIOFileDescriptorAccess
instanceKlass java/io/FileDescriptor
instanceKlass jdk/internal/util/StaticProperty
instanceKlass jdk/internal/reflect/MethodHandleAccessorFactory
instanceKlass java/lang/reflect/Modifier
instanceKlass java/lang/Class$1
instanceKlass java/lang/Class$Atomic
instanceKlass java/lang/Class$ReflectionData
instanceKlass java/nio/charset/StandardCharsets
instanceKlass sun/nio/cs/HistoricallyNamedCharset
instanceKlass java/nio/charset/spi/CharsetProvider
instanceKlass java/nio/charset/Charset
instanceKlass java/util/HashMap$HashIterator
instanceKlass java/util/concurrent/locks/LockSupport
instanceKlass java/util/concurrent/ConcurrentHashMap$Node
instanceKlass java/util/concurrent/ConcurrentHashMap$CounterCell
instanceKlass java/util/concurrent/locks/ReentrantLock
instanceKlass java/util/concurrent/locks/Lock
instanceKlass java/lang/CharacterData
instanceKlass java/util/Arrays
instanceKlass jdk/internal/util/Preconditions$3
instanceKlass jdk/internal/util/Preconditions$2
instanceKlass jdk/internal/util/Preconditions$4
instanceKlass java/util/function/BiFunction
instanceKlass jdk/internal/util/Preconditions$1
instanceKlass java/util/function/Function
instanceKlass jdk/internal/util/Preconditions
instanceKlass java/lang/Runtime
instanceKlass java/lang/VersionProps
instanceKlass java/lang/StringConcatHelper
instanceKlass java/util/HashMap$Node
instanceKlass java/util/Map$Entry
instanceKlass jdk/internal/util/ArraysSupport
instanceKlass jdk/internal/util/SystemProps$Raw
instanceKlass jdk/internal/util/SystemProps
instanceKlass java/lang/System$2
instanceKlass jdk/internal/access/JavaLangAccess
instanceKlass java/lang/ref/NativeReferenceQueue$Lock
instanceKlass java/lang/ref/ReferenceQueue
instanceKlass java/lang/ref/Reference$1
instanceKlass jdk/internal/access/JavaLangRefAccess
instanceKlass jdk/internal/reflect/ReflectionFactory
instanceKlass java/lang/Math
instanceKlass java/lang/StringLatin1
instanceKlass jdk/internal/reflect/Reflection
instanceKlass jdk/internal/reflect/ReflectionFactory$GetReflectionFactoryAction
instanceKlass java/security/PrivilegedAction
instanceKlass jdk/internal/access/SharedSecrets
instanceKlass java/lang/reflect/ReflectAccess
instanceKlass jdk/internal/access/JavaLangReflectAccess
instanceKlass java/util/ImmutableCollections
instanceKlass java/util/Objects
instanceKlass java/util/Set
instanceKlass jdk/internal/misc/CDS
instanceKlass java/lang/Module$ArchivedData
instanceKlass jdk/internal/misc/VM
instanceKlass java/lang/String$CaseInsensitiveComparator
instanceKlass java/util/Comparator
instanceKlass java/io/ObjectStreamField
instanceKlass jdk/internal/vm/FillerObject
instanceKlass jdk/internal/vm/vector/VectorSupport$VectorPayload
instanceKlass jdk/internal/vm/vector/VectorSupport
instanceKlass java/lang/reflect/RecordComponent
instanceKlass java/util/Iterator
instanceKlass java/lang/Number
instanceKlass java/lang/Character
instanceKlass java/lang/Boolean
instanceKlass java/util/concurrent/locks/AbstractOwnableSynchronizer
instanceKlass java/lang/LiveStackFrame
instanceKlass java/lang/StackFrameInfo
instanceKlass java/lang/StackWalker$StackFrame
instanceKlass java/lang/StackStreamFactory$AbstractStackWalker
instanceKlass java/lang/StackWalker
instanceKlass java/nio/Buffer
instanceKlass java/lang/StackTraceElement
instanceKlass java/util/RandomAccess
instanceKlass java/util/List
instanceKlass java/util/SequencedCollection
instanceKlass java/util/AbstractCollection
instanceKlass java/util/Collection
instanceKlass java/lang/Iterable
instanceKlass java/util/concurrent/ConcurrentMap
instanceKlass java/util/AbstractMap
instanceKlass java/security/CodeSource
instanceKlass jdk/internal/loader/ClassLoaders
instanceKlass java/util/jar/Manifest
instanceKlass java/lang/Enum
instanceKlass java/net/URL
instanceKlass java/io/InputStream
instanceKlass java/io/Closeable
instanceKlass java/lang/AutoCloseable
instanceKlass jdk/internal/module/Modules
instanceKlass jdk/internal/misc/Unsafe
instanceKlass jdk/internal/misc/UnsafeConstants
instanceKlass java/lang/AbstractStringBuilder
instanceKlass java/lang/Appendable
instanceKlass java/lang/AssertionStatusDirectives
instanceKlass java/lang/invoke/MethodHandleNatives$CallSiteContext
instanceKlass jdk/internal/foreign/abi/ABIDescriptor
instanceKlass jdk/internal/foreign/abi/NativeEntryPoint
instanceKlass java/lang/invoke/CallSite
instanceKlass java/lang/invoke/MethodType
instanceKlass java/lang/invoke/TypeDescriptor$OfMethod
instanceKlass java/lang/invoke/LambdaForm
instanceKlass java/lang/invoke/MethodHandleNatives
instanceKlass java/lang/invoke/ResolvedMethodName
instanceKlass java/lang/invoke/MemberName
instanceKlass java/lang/invoke/VarHandle
instanceKlass java/lang/invoke/MethodHandle
instanceKlass jdk/internal/reflect/CallerSensitive
instanceKlass java/lang/annotation/Annotation
instanceKlass jdk/internal/reflect/FieldAccessor
instanceKlass jdk/internal/reflect/ConstantPool
instanceKlass jdk/internal/reflect/ConstructorAccessor
instanceKlass jdk/internal/reflect/MethodAccessor
instanceKlass jdk/internal/reflect/MagicAccessorImpl
instanceKlass jdk/internal/vm/StackChunk
instanceKlass jdk/internal/vm/Continuation
instanceKlass jdk/internal/vm/ContinuationScope
instanceKlass java/lang/reflect/Parameter
instanceKlass java/lang/reflect/Member
instanceKlass java/lang/reflect/AccessibleObject
instanceKlass java/lang/Module
instanceKlass java/util/Map
instanceKlass java/util/Dictionary
instanceKlass java/lang/ThreadGroup
instanceKlass java/lang/Thread$UncaughtExceptionHandler
instanceKlass java/lang/Thread$Constants
instanceKlass java/lang/Thread$FieldHolder
instanceKlass java/lang/Thread
instanceKlass java/lang/Runnable
instanceKlass java/lang/ref/Reference
instanceKlass java/lang/Record
instanceKlass java/security/AccessController
instanceKlass java/security/AccessControlContext
instanceKlass java/security/ProtectionDomain
instanceKlass java/lang/SecurityManager
instanceKlass java/lang/Throwable
instanceKlass java/lang/System
instanceKlass java/lang/ClassLoader
instanceKlass java/lang/Cloneable
instanceKlass java/lang/Class
instanceKlass java/lang/invoke/TypeDescriptor$OfField
instanceKlass java/lang/invoke/TypeDescriptor
instanceKlass java/lang/reflect/Type
instanceKlass java/lang/reflect/GenericDeclaration
instanceKlass java/lang/reflect/AnnotatedElement
instanceKlass java/lang/String
instanceKlass java/lang/constant/ConstantDesc
instanceKlass java/lang/constant/Constable
instanceKlass java/lang/CharSequence
instanceKlass java/lang/Comparable
instanceKlass java/io/Serializable
ciInstanceKlass java/lang/Object 1 1 124 7 1 10 12 1 1 10 7 12 1 1 1 10 7 12 1 1 1 10 12 1 1 8 1 10 12 1 1 10 7 12 1 1 1 10 12 1 10 12 1 1 10 7 12 1 1 1 10 12 1 10 12 1 100 1 10 7 12 1 1 1 10 12 1 1 10 12 1 100 1 8 1 10 12 1 3 8 1 7 1 5 0 1 1 1 1 1 1 1 1 1 1 1 1 1 1 1 1 100 1 1 1 1 1 1 1 1 1 1 7 1 1 1 1 1 1 1 1 1 1 3 1 1
ciMethod java/lang/Object equals (Ljava/lang/Object;)Z 512 0 436795 0 -1
ciMethod java/lang/Object hashCode ()I 256 0 128 0 -1
ciInstanceKlass java/io/Serializable 1 0 7 100 1 100 1 1 1
ciInstanceKlass java/lang/System 1 1 834 10 7 12 1 1 1 9 7 12 1 1 1 10 12 1 10 12 1 1 10 12 1 1 10 12 1 9 12 1 1 10 7 12 1 1 1 11 100 12 1 1 1 10 100 12 1 1 1 10 12 1 1 10 12 1 1 100 1 8 1 10 12 1 10 7 12 1 1 1 10 7 12 1 1 1 18 12 1 1 10 7 12 1 1 1 7 1 10 12 1 1 10 7 12 1 1 1 10 12 1 10 7 12 1 1 1 9 100 12 1 1 1 10 7 12 1 1 1 11 7 12 1 1 1 10 12 1 1 10 7 12 1 1 1 7 1 10 10 12 1 1 8 1 10 12 1 8 1 10 12 1 9 12 1 1 8 1 10 7 12 1 1 1 10 12 1 1 100 1 8 1 10 9 12 1 1 8 1 10 12 1 1 10 100 12 1 1 1 8 1 10 12 1 7 1 10 12 1 8 1 10 12 1 10 12 1 1 100 1 10 12 10 12 1 9 12 1 1 9 12 1 1 10 7 12 1 1 1 10 7 12 1 1 1 10 12 1 1 10 12 1 10 12 1 10 7 12 1 1 1 10 12 1 100 1 100 1 8 1 10 12 1 10 12 1 1 7 1 10 12 1 100 1 8 1 10 10 12 1 100 1 8 1 10 8 1 10 7 12 1 1 8 1 10 12 100 1 8 1 10 10 12 1 1 10 7 12 1 1 1 100 1 18 12 1 100 1 9 100 12 1 1 1 10 12 1 100 1 10 12 1 1 10 12 1 1 10 7 12 1 1 1 10 12 1 1 10 12 1 10 12 1 10 12 1 1 10 12 1 7 1 10 12 1 9 7 12 1 1 1 10 7 12 1 1 1 10 12 1 10 12 1 10 7 12 1 1 1 7 1 8 1 10 9 12 1 9 12 1 10 12 1 10 7 12 1 1 10 12 1 10 12 1 1 8 1 10 12 1 1 8 1 11 12 1 10 12 11 12 1 1 11 7 12 1 1 1 11 7 12 1 1 11 12 1 1 7 1 11 12 1 10 12 1 8 1 10 12 1 1 8 1 8 1 8 1 8 1 11 12 1 10 12 1 10 12 1 10 12 1 8 1 10 12 1 1 8 1 9 12 1 8 1 10 7 12 1 1 8 1 7 1 9 7 12 1 1 1 10 12 1 7 1 9 12 10 9 12 7 1 10 12 9 12 1 1 8 1 10 12 1 1 8 1 10 7 12 1 1 10 12 1 10 12 1 1 11 7 12 1 1 10 12 10 7 12 1 1 1 9 12 1 1 7 1 8 1 10 12 1 1 10 7 12 1 1 1 7 1 10 12 1 1 10 12 1 8 1 8 1 10 8 1 8 1 8 1 8 1 10 10 7 12 1 1 10 12 1 10 12 1 1 10 12 1 1 10 12 1 10 100 12 1 1 1 10 7 1 8 1 10 10 10 12 1 1 10 12 1 1 8 1 10 12 1 8 1 8 1 10 12 1 10 7 12 1 1 1 10 12 1 1 7 1 10 10 12 1 10 12 1 9 12 1 1 3 1 3 1 1 1 1 1 1 1 1 1 1 1 1 100 1 1 100 1 1 1 1 1 1 1 1 1 1 1 100 1 7 1 1 1 1 1 1 1 1 1 1 1 1 1 1 1 1 1 1 1 1 1 1 1 1 1 1 1 1 1 1 1 1 1 1 1 1 1 1 1 1 1 1 1 1 1 1 1 1 1 1 1 1 1 1 1 1 1 1 100 1 1 1 1 1 1 1 1 1 1 1 1 1 1 1 1 1 1 1 1 1 1 1 1 1 1 1 1 1 1 1 1 1 100 1 1 16 15 10 12 1 1 16 15 10 12 16 1 15 10 100 12 1 1 1 1 1 1 1 1 1 100 1 100 1 1
staticfield java/lang/System in Ljava/io/InputStream; java/io/BufferedInputStream
staticfield java/lang/System out Ljava/io/PrintStream; java/io/PrintStream
staticfield java/lang/System err Ljava/io/PrintStream; java/io/PrintStream
ciInstanceKlass java/lang/SecurityManager 0 0 576 10 7 12 1 1 1 9 7 12 1 1 1 10 7 12 1 1 1 100 1 8 1 10 12 1 10 12 1 1 10 7 12 1 1 1 10 7 1 10 100 1 10 9 100 12 1 1 1 10 7 12 1 1 1 10 12 1 1 10 7 12 1 1 100 1 8 1 10 9 12 1 1 9 12 1 8 1 9 12 1 7 1 10 8 1 10 12 1 1 10 12 1 10 12 1 1 100 1 10 10 12 1 1 100 1 8 1 10 12 1 8 1 8 1 8 1 8 1 8 1 8 1 10 12 1 8 1 8 1 8 1 8 1 8 1 10 7 12 1 1 1 10 12 1 1 8 1 100 1 8 1 10 8 1 8 1 8 1 8 1 8 1 10 100 12 1 1 8 1 100 1 8 1 8 1 10 8 1 10 12 1 100 1 8 1 10 10 12 1 1 10 12 1 10 12 1 10 12 1 10 100 12 1 1 1 10 12 1 10 100 12 1 1 11 100 12 1 1 1 18 12 1 1 11 100 12 1 1 1 18 12 1 1 11 12 1 1 18 18 11 12 1 18 12 1 11 12 1 1 9 12 1 1 9 12 1 9 12 1 9 12 1 100 1 10 100 12 1 1 10 12 1 10 12 1 18 12 1 18 10 100 12 1 1 1 18 12 1 10 12 1 18 18 8 1 10 12 1 9 12 1 1 11 7 12 1 1 1 8 1 100 1 10 12 1 10 12 1 1 10 12 1 1 9 12 1 1 10 12 1 10 12 1 1 8 1 100 1 10 9 12 1 8 1 10 12 1 8 1 100 1 10 10 100 12 1 1 10 100 1 9 7 12 1 1 1 11 12 1 1 10 12 1 11 12 1 10 12 1 7 1 10 10 12 1 1 10 12 1 1 1 1 1 1 1 1 1 1 1 7 1 1 1 1 1 1 1 1 1 1 1 1 1 1 1 1 1 1 1 1 1 1 1 1 1 1 1 1 1 1 1 1 1 1 1 1 1 1 1 1 1 1 1 1 1 1 1 1 1 1 1 1 1 1 1 1 3 1 1 1 1 1 1 1 1 1 1 100 1 1 1 1 1 1 1 1 1 1 1 1 1 1 1 1 1 1 1 1 1 1 1 1 1 1 1 1 1 1 1 1 1 1 1 1 1 1 16 15 10 7 12 1 1 1 16 1 16 15 10 12 16 1 15 10 12 16 15 11 7 1 16 1 16 1 15 10 12 16 15 10 12 16 15 10 12 1 16 1 15 11 12 1 15 10 12 16 15 10 16 1 15 10 100 12 1 1 1 1 1 1 100 1 100 1 1
ciInstanceKlass java/security/AccessController 1 1 295 10 7 12 1 1 1 10 7 12 1 1 1 10 7 12 1 1 1 10 12 1 1 10 12 1 1 10 7 12 1 1 1 10 12 1 1 10 12 1 10 12 1 1 10 12 1 100 1 8 1 10 12 1 10 12 1 10 12 1 1 10 12 1 7 1 7 1 10 12 1 1 10 12 1 10 12 1 10 12 1 1 10 7 12 1 1 1 10 12 1 1 9 100 12 1 1 1 10 7 12 1 1 1 10 12 1 10 12 1 9 100 12 1 1 1 10 12 1 10 12 1 1 9 12 1 1 10 100 1 10 11 7 12 1 1 1 10 7 12 1 1 11 7 1 100 1 10 12 1 10 12 1 10 12 1 8 1 10 12 1 1 8 1 10 100 12 1 1 1 8 1 7 1 10 10 12 1 1 10 12 1 10 7 12 1 1 1 10 12 1 8 1 10 7 12 1 1 8 1 8 1 10 12 1 8 1 10 12 1 10 12 1 1 10 12 1 1 1 1 1 1 1 1 1 1 1 1 1 1 1 1 1 1 1 1 1 1 1 1 1 1 1 1 100 1 1 1 1 1 1 1 1 1 1 1 1 1 1 1 1 1 1 1 1 1 1 1 1 1 1 1 1 1 1 1 1 1 1 100 1 100 1 1 1 1 1 1 1 1 1 3 1 1 1
staticfield java/security/AccessController $assertionsDisabled Z 1
ciInstanceKlass java/security/ProtectionDomain 1 1 348 10 7 12 1 1 1 9 7 12 1 1 1 7 1 10 9 12 1 1 9 12 1 1 9 12 1 1 10 7 12 1 1 7 1 9 12 1 9 12 1 1 7 1 9 12 1 1 9 12 1 10 100 12 1 1 10 100 12 1 1 1 10 12 1 1 10 12 1 9 12 1 9 100 12 1 1 10 12 1 1 10 100 1 10 12 1 1 8 1 7 1 8 1 10 12 1 10 11 10 7 12 1 1 1 10 12 1 1 8 1 11 8 1 10 12 1 8 1 8 1 10 12 1 1 10 12 1 10 12 1 1 10 12 1 8 1 10 12 1 8 1 8 1 10 7 12 1 1 1 9 100 12 1 1 1 10 12 1 1 9 100 12 1 1 1 10 7 12 1 1 1 100 1 18 12 1 1 10 7 12 1 1 1 10 7 1 10 12 1 10 12 1 1 11 100 12 1 1 11 12 1 100 1 11 7 12 1 1 1 10 12 1 10 11 12 1 1 11 12 1 1 10 12 1 10 7 12 1 1 10 100 12 1 1 11 12 1 10 12 10 12 1 8 1 8 1 10 7 12 1 1 1 7 1 10 10 7 12 1 1 1 1 1 1 1 1 1 1 7 1 1 7 1 1 1 1 1 1 1 1 1 1 1 1 1 1 1 1 1 1 1 1 1 1 1 1 1 1 1 1 1 1 1 1 1 1 1 1 1 1 1 1 1 1 1 1 7 1 1 1 1 1 1 100 1 1 16 15 10 12 16 15 10 100 12 1 1 1 1 1 1 1 100 1 100 1 1
staticfield java/security/ProtectionDomain filePermCompatInPD Z 0
ciInstanceKlass java/security/CodeSource 1 1 398 10 7 12 1 1 1 9 7 12 1 1 1 9 12 1 1 9 12 1 1 9 12 1 1 10 7 12 1 1 1 9 12 1 1 10 7 12 1 1 10 7 10 7 12 1 1 1 10 100 12 1 1 1 10 12 1 1 7 1 10 10 7 12 1 1 1 10 7 12 1 1 1 10 12 1 1 7 1 10 12 1 1 10 12 1 1 10 12 1 1 10 12 1 10 10 10 12 1 1 10 7 12 1 1 1 10 12 1 10 12 1 10 12 1 8 1 10 12 1 10 12 1 10 12 1 1 10 12 1 8 1 10 12 1 1 10 7 1 10 10 12 1 1 8 1 10 12 1 10 12 1 10 12 1 8 1 8 1 9 12 1 1 100 1 8 1 10 12 1 10 12 1 1 8 1 10 12 1 8 1 8 1 8 1 10 100 12 1 1 10 12 1 1 10 12 1 10 12 1 1 10 12 1 1 10 12 1 1 100 1 100 1 10 12 1 10 12 10 12 1 1 10 100 12 1 1 10 12 1 7 1 10 12 10 100 12 1 1 1 10 8 1 10 12 1 10 12 1 10 12 1 1 100 1 10 12 1 1 100 1 7 1 8 1 8 1 10 10 12 1 1 10 100 12 1 1 1 7 1 10 12 10 12 1 1 11 7 12 1 1 10 10 12 1 11 10 12 1 8 1 100 1 10 12 1 10 12 1 1 10 12 1 11 12 1 1 7 1 1 1 1 5 0 1 1 1 1 1 1 1 1 1 1 1 1 1 1 1 1 1 1 1 1 1 1 1 1 1 1 1 1 1 1 1 1 1 1 1 1 1 1 1 1 1 1 1 1 1 1 1 1 1 1 1 1 1 1 1 1 1 1 1 1 1 1 1 1 1 1 100 1 1 1 1 1 1 1
ciInstanceKlass java/lang/Boolean 1 1 152 10 7 12 1 1 1 9 7 12 1 1 1 10 12 1 1 10 12 1 8 1 10 7 12 1 1 9 12 1 1 9 12 1 10 12 1 1 10 12 1 1 10 12 1 1 10 7 12 1 1 1 100 1 100 1 10 12 1 1 9 100 12 1 1 9 12 10 100 12 1 1 1 10 12 1 1 8 1 10 7 12 1 1 1 9 12 1 1 7 1 7 1 7 1 1 1 1 1 1 5 0 1 1 1 1 1 1 1 1 1 1 3 1 1 1 1 1 1 1 1 1 1 1 1 1 1 1 1 1 1 7 1 1 1 1 1 1 1 1 1 1 100 1 1 1 1 1 1 1 1 1
staticfield java/lang/Boolean TRUE Ljava/lang/Boolean; java/lang/Boolean
staticfield java/lang/Boolean FALSE Ljava/lang/Boolean; java/lang/Boolean
staticfield java/lang/Boolean TYPE Ljava/lang/Class; java/lang/Class
ciInstanceKlass java/lang/Comparable 1 0 12 100 1 100 1 1 1 1 1 1 1 1
ciInstanceKlass java/lang/constant/Constable 1 0 11 100 1 100 1 1 1 1 1 1 1
ciInstanceKlass java/util/Map 1 1 263 11 7 12 1 1 1 11 12 1 1 10 7 12 1 1 11 12 1 1 11 7 12 1 1 1 11 7 12 1 1 1 11 12 1 1 7 1 11 12 1 11 12 1 100 1 100 1 10 12 1 1 11 7 12 1 1 1 11 7 12 1 1 1 11 12 1 11 12 1 10 12 1 1 11 12 1 11 7 12 1 9 7 12 1 1 1 100 1 10 12 7 1 7 1 10 12 1 7 1 10 7 1 11 12 1 11 12 1 1 11 12 1 1 7 1 11 12 1 1 1 1 1 1 1 1 1 1 1 1 1 1 1 1 1 1 1 1 1 1 1 1 1 1 1 1 1 1 1 1 1 1 1 1 1 1 1 1 1 1 1 1 1 1 1 1 1 1 1 1 1 1 1 1 1 1 1 1 1 1 1 1 1 1 1 1 1 1 1 1 1 1 1 1 1 1 1 1 1 1 1 1 1 1 1 1 1 1 1 1 1 1 1 1 1 1 1 1 1 1 1 1 1 1 1 1 1 1 1 1 1 1 1 1 1 1 1 1 1 1 1 1 1 1 100 1 1 1 1 1 1 1 1 1 1 1 1 1 1 1 1 1 1
ciInstanceKlass java/lang/Class 1 1 1698 10 7 12 1 1 1 9 7 12 1 1 1 9 12 1 1 10 12 1 1 8 1 10 12 1 8 1 8 1 10 12 1 1 10 7 12 1 1 1 10 12 1 7 1 10 10 12 1 10 12 1 1 10 12 1 1 10 12 1 1 10 100 12 1 1 10 12 1 10 12 1 10 12 1 8 1 10 12 1 8 1 10 12 1 8 1 8 1 10 12 1 1 10 100 12 1 1 1 18 12 1 1 11 100 12 1 1 1 8 1 8 1 8 1 10 100 12 1 1 1 11 12 1 1 8 1 10 12 1 10 11 100 12 1 1 1 11 7 12 1 1 1 11 8 1 18 8 1 10 12 1 10 7 12 1 1 10 12 1 1 10 7 12 1 1 1 10 12 1 1 10 12 1 1 10 7 12 1 1 1 10 12 9 100 12 1 1 1 10 7 12 1 1 1 10 12 1 10 7 12 1 1 1 10 12 1 1 18 12 1 1 10 7 12 1 1 1 10 7 12 1 10 12 1 1 10 7 1 7 1 10 12 1 1 9 12 1 1 100 1 8 1 10 12 1 10 12 1 1 10 12 1 1 10 7 12 1 1 1 7 1 10 12 1 100 1 100 1 10 10 12 1 1 10 12 1 1 100 1 10 7 12 1 1 1 10 12 1 1 10 12 1 1 9 12 1 1 10 12 1 10 12 1 1 9 12 1 1 9 12 1 1 10 12 1 1 10 7 1 10 12 1 10 12 1 10 12 1 1 10 9 12 1 10 12 1 8 1 10 12 1 1 10 12 1 1 10 12 1 10 12 1 1 10 12 1 1 10 12 1 1 9 7 12 1 1 1 10 100 12 1 1 10 12 10 12 1 10 12 1 10 12 1 10 12 1 9 100 12 1 1 1 9 12 1 10 12 1 10 100 12 1 1 1 10 12 1 1 10 100 12 1 1 10 12 1 10 12 1 1 10 100 12 1 1 1 10 12 1 10 12 1 1 10 12 1 10 12 1 10 12 1 1 10 7 1 10 10 10 12 1 1 10 12 1 1 10 12 10 10 12 1 1 7 1 8 1 10 10 12 1 1 10 12 1 100 1 11 12 1 10 100 12 1 1 10 12 1 10 12 1 10 100 12 1 1 10 10 12 1 1 8 1 10 12 1 10 12 1 1 8 1 10 12 1 9 12 1 10 12 1 10 12 1 10 12 1 10 12 7 1 9 12 1 10 12 1 9 12 1 10 12 1 10 12 1 10 12 1 10 10 12 1 10 12 1 10 100 12 1 1 10 12 1 10 12 1 10 12 1 1 10 12 1 10 12 1 10 12 1 100 1 10 12 1 10 12 1 1 10 12 1 1 10 12 1 1 10 12 1 1 10 12 1 1 10 12 1 1 100 1 10 10 12 1 1 10 12 1 1 10 12 1 1 10 10 12 1 10 12 1 1 10 12 1 1 10 12 1 1 10 12 1 1 7 1 10 10 12 11 7 12 1 1 10 12 1 10 12 1 10 7 12 1 1 1 10 12 1 1 10 10 12 1 1 7 1 10 10 12 1 1 10 7 12 1 1 1 100 1 100 1 10 12 1 1 10 12 1 10 10 12 1 1 10 12 1 10 12 1 10 12 1 10 100 12 1 1 1 11 100 12 1 1 10 12 1 10 12 1 9 12 1 10 12 1 1 10 12 1 9 12 1 1 100 1 10 9 12 1 1 10 12 7 1 10 12 1 9 12 1 10 100 12 1 1 1 10 12 1 10 12 1 10 100 12 1 1 1 10 12 1 10 12 10 12 1 1 100 1 10 8 1 10 12 1 11 11 12 1 1 11 7 12 1 1 11 12 1 8 1 10 12 1 10 12 1 1 9 12 1 9 12 1 1 10 7 12 1 1 9 12 1 10 12 1 1 10 10 12 1 10 7 12 1 1 1 10 7 12 1 1 10 7 12 1 1 9 12 1 1 10 12 1 9 12 1 10 12 1 10 12 1 1 9 12 1 1 9 12 1 10 12 1 10 12 1 1 9 12 1 100 1 10 10 12 1 1 7 1 10 12 1 1 100 11 7 1 9 12 1 1 9 12 1 7 1 10 12 1 9 12 1 1 9 12 1 10 12 1 10 12 1 1 9 12 1 100 1 10 10 12 1 1 10 10 12 1 10 12 10 10 12 1 9 12 1 10 12 1 1 10 7 12 1 1 1 10 12 1 1 10 12 1 8 10 100 8 1 18 8 1 8 1 10 12 1 9 12 1 9 12 1 1 10 12 1 7 1 7 1 10 12 1 9 12 1 1 7 1 10 10 12 1 10 7 1 9 12 1 8 1 10 12 1 7 1 10 12 1 10 12 1 1 100 1 7 1 9 12 1 100 1 8 1 10 10 7 12 1 1 1 10 12 11 7 12 1 1 1 10 12 1 10 12 1 1 10 8 1 8 1 10 12 1 1 9 100 12 1 1 11 12 7 1 11 7 12 1 1 9 12 1 10 100 12 1 1 1 10 100 12 1 1 10 12 1 1 9 12 1 9 10 12 1 1 10 12 1 1 10 12 1 1 10 12 1 1 10 12 1 1 11 12 1 100 1 11 12 1 10 100 12 1 1 1 10 12 1 11 12 1 10 100 12 1 1 1 10 12 1 10 100 12 1 1 1 11 12 1 11 12 1 1 10 12 1 10 12 1 1 9 12 1 1 9 100 12 1 1 10 12 1 10 100 12 1 1 1 10 12 1 1 10 12 1 10 12 1 10 12 1 10 7 12 1 1 1 10 12 1 8 1 10 12 1 10 12 1 10 12 1 100 1 10 12 10 100 12 1 1 1 11 100 12 1 1 1 10 12 1 1 10 12 1 18 12 1 1 11 12 1 1 18 11 12 1 18 12 1 11 12 1 10 12 1 1 10 12 1 10 12 1 10 12 1 10 12 1 10 12 10 12 1 8 1 10 12 1 7 1 9 12 1 1 7 1 7 1 7 1 7 1 1 1 3 1 3 1 3 1 1 1 1 1 1 1 5 0 1 1 1 1 1 1 1 1 1 1 1 1 1 1 1 1 1 1 1 1 1 1 1 1 100 1 1 1 1 1 1 1 100 1 1 1 1 1 7 1 1 1 1 1 1 1 1 1 1 1 1 1 1 1 1 1 1 1 1 1 1 1 1 1 1 1 1 1 1 1 1 1 1 1 1 1 1 1 1 1 1 100 1 1 1 1 1 1 1 1 1 1 1 1 1 1 1 1 1 1 1 1 1 1 1 1 1 1 1 1 1 1 1 100 1 1 1 1 1 1 1 1 1 1 1 1 1 1 1 1 1 1 1 1 3 1 1 1 1 1 1 1 1 1 1 1 1 1 1 1 1 1 1 1 1 1 1 1 1 1 1 1 1 1 1 1 1 1 1 1 7 1 7 1 1 1 1 1 1 1 1 1 1 1 1 1 1 1 1 1 1 1 1 1 1 1 1 1 1 1 1 1 1 1 1 1 1 1 1 1 1 1 1 1 1 1 1 1 1 1 1 1 1 1 1 1 1 1 1 1 1 1 1 1 1 1 1 1 1 1 1 1 1 1 1 1 1 1 1 1 1 1 1 1 1 1 1 1 1 1 1 1 1 1 1 1 1 1 1 1 1 1 1 1 1 1 1 1 1 1 1 1 1 1 1 1 1 1 1 1 1 1 1 1 1 1 1 1 1 1 1 1 1 1 1 16 15 10 12 16 15 11 12 16 1 16 15 16 15 10 12 16 16 15 10 12 16 15 16 1 15 10 12 16 15 10 100 12 1 1 1 1 1 1 1 1 1 1 1 1 7 1 1 100 1 100 1 1 100 1 100 1 1 100 1 100 1 1
staticfield java/lang/Class EMPTY_CLASS_ARRAY [Ljava/lang/Class; 0 [Ljava/lang/Class;
staticfield java/lang/Class serialPersistentFields [Ljava/io/ObjectStreamField; 0 [Ljava/io/ObjectStreamField;
ciInstanceKlass java/lang/reflect/AnnotatedElement 1 1 164 11 7 12 1 1 1 11 12 1 1 7 1 10 100 12 1 1 1 10 12 1 1 10 12 1 1 10 12 1 10 100 12 1 1 1 11 12 1 1 11 7 12 1 1 10 7 12 1 1 1 10 12 1 10 100 12 1 1 1 18 12 1 1 11 100 12 1 1 18 12 1 18 12 1 1 10 100 12 1 1 1 11 100 12 1 1 1 7 1 10 100 12 1 1 1 1 1 1 1 1 1 1 1 1 1 1 1 1 1 1 1 1 1 1 1 1 1 100 1 1 1 1 1 1 1 1 1 1 1 16 15 16 1 16 1 15 11 12 16 16 1 15 10 100 12 1 1 1 16 1 15 10 100 12 1 1 1 1 100 1 100 1 1
ciInstanceKlass java/lang/invoke/TypeDescriptor 1 0 17 100 1 100 1 1 1 1 1 1 100 1 100 1 1 1 1
ciInstanceKlass java/lang/reflect/GenericDeclaration 1 0 30 7 1 7 1 7 1 1 1 1 1 1 1 1 100 1 8 1 1 12 10 1 1 1 8 1 1 1 8 1
ciInstanceKlass java/lang/reflect/Type 1 1 17 11 100 12 1 1 1 100 1 1 1 1 1 1 1 1 1
ciInstanceKlass java/lang/invoke/TypeDescriptor$OfField 1 0 21 100 1 100 1 100 1 1 1 1 1 1 1 1 1 1 1 1 1 1 1
ciInstanceKlass java/lang/StringBuilder 1 1 422 10 7 12 1 1 1 10 12 1 10 12 1 10 12 1 1 10 7 12 1 1 1 10 7 12 1 1 1 10 12 1 10 12 1 10 12 1 10 12 1 10 12 1 10 12 1 10 12 1 10 12 1 10 12 1 10 12 1 10 12 1 10 12 1 10 12 1 10 12 1 1 10 12 1 10 12 1 1 10 12 1 1 10 12 1 10 12 1 10 12 1 10 12 1 10 12 1 10 12 1 10 12 1 10 12 10 12 1 10 12 1 10 12 1 10 12 1 1 10 12 1 10 12 1 10 12 10 12 1 1 10 12 1 10 12 1 10 12 1 10 100 12 1 1 1 9 12 1 1 10 12 1 10 12 1 1 10 12 1 1 9 12 1 1 10 100 12 1 1 1 10 100 1 10 12 1 1 10 100 12 1 1 10 12 1 10 12 1 1 100 1 100 1 8 1 10 10 12 1 1 10 12 1 10 12 1 10 12 1 1 10 12 1 10 12 1 10 12 1 10 12 1 10 12 1 10 12 10 12 1 10 12 1 10 12 1 10 12 1 10 12 1 10 12 1 10 12 1 10 12 1 10 12 1 1 10 12 1 1 10 12 1 10 12 1 10 12 1 10 12 10 12 10 12 1 10 12 1 10 12 1 10 12 10 12 1 10 12 1 10 12 1 10 12 1 10 12 1 10 12 1 10 12 1 10 12 1 10 12 1 1 10 12 1 10 12 1 1 10 12 1 10 12 1 1 10 12 1 10 12 1 1 10 12 1 10 12 1 10 12 1 10 10 12 1 10 12 1 7 1 7 1 7 1 7 1 1 1 1 5 0 1 1 1 1 1 1 1 1 1 1 1 1 1 1 1 1 1 1 1 1 1 1 1 1 1 1 1 1 1 1 1 1 1 1 1 1 1 1 1 1 1 1 1 1 100 1 1 1 7 1 1 1 1 1 1 1 1 1 1 1
instanceKlass java/lang/StringBuilder
instanceKlass java/lang/StringBuffer
ciInstanceKlass java/lang/AbstractStringBuilder 1 1 605 7 1 10 7 12 1 1 1 9 7 12 1 1 1 9 12 1 9 12 1 1 9 12 1 1 10 100 12 1 1 1 10 12 1 1 7 1 3 3 10 12 1 10 12 1 1 11 7 1 100 1 7 1 10 8 1 10 12 1 10 12 1 10 12 1 1 10 12 1 10 12 1 9 12 1 10 12 1 9 12 1 1 10 12 1 1 10 7 12 1 1 1 10 10 12 1 10 12 1 10 12 1 1 10 12 1 1 10 7 12 1 1 1 10 7 12 1 1 1 7 1 8 1 10 10 12 1 1 100 1 10 12 10 12 1 1 10 10 12 1 1 10 12 1 1 10 12 1 1 10 12 1 1 10 10 7 12 1 1 1 10 12 1 100 1 10 10 7 12 1 1 1 9 12 1 1 9 12 1 10 12 1 1 10 10 12 1 1 10 12 10 12 1 10 12 1 1 10 12 1 1 10 12 1 1 10 12 1 10 12 1 1 10 12 1 1 10 12 1 10 12 1 1 8 1 10 12 1 1 10 12 1 10 12 1 10 12 1 10 12 1 10 12 1 10 12 1 10 7 12 1 1 10 12 1 10 12 1 10 100 12 1 1 1 100 1 100 1 10 12 1 10 100 12 1 1 10 12 1 10 12 1 10 12 1 10 12 1 1 10 12 1 10 12 1 1 10 12 1 1 10 10 7 12 1 1 1 10 12 1 10 12 1 10 12 1 1 10 12 1 10 12 1 10 12 1 10 12 1 10 12 1 10 12 1 10 12 1 10 12 1 10 12 1 1 10 12 1 10 12 1 10 12 10 12 1 1 18 12 1 1 100 1 10 100 12 1 1 1 18 10 12 1 1 10 12 1 10 12 1 1 11 12 1 1 10 12 1 10 12 10 12 1 10 10 10 12 1 10 5 0 10 10 12 1 1 100 1 8 1 10 10 12 1 1 10 100 12 1 1 1 10 12 1 10 12 1 1 100 1 10 12 100 1 10 100 1 10 7 1 1 1 1 1 1 1 1 1 1 1 100 1 1 1 1 1 1 1 1 1 1 1 1 1 1 1 1 1 1 1 1 1 1 1 1 1 1 1 1 1 1 1 1 1 1 1 1 1 1 1 1 1 1 1 1 1 1 1 1 1 1 1 1 1 1 1 1 1 1 1 1 1 1 1 1 1 1 1 1 1 1 1 1 1 1 1 1 1 1 1 1 1 1 1 1 1 1 1 1 1 1 1 1 1 1 1 1 1 1 1 1 100 1 1 1 1 1 1 1 1 1 1 1 1 1 1 1 1 1 100 1 1 1 1 1 1 7 1 1 16 1 15 10 12 16 15 10 12 15 10 100 12 1 1 1 1 1 1 1 100 1 100 1 1
staticfield java/lang/AbstractStringBuilder EMPTYVALUE [B 0
ciInstanceKlass java/lang/Appendable 1 0 14 100 1 100 1 1 1 1 100 1 1 1 1 1
ciInstanceKlass java/lang/CharSequence 1 1 131 11 7 12 1 1 1 18 12 1 1 100 1 10 100 12 1 1 1 18 10 100 12 1 1 1 11 12 1 1 11 7 1 11 12 1 1 10 100 12 1 1 1 11 12 1 1 100 1 10 12 1 1 10 100 12 1 1 1 100 1 10 10 12 1 1 7 1 1 1 1 1 1 1 1 1 1 1 1 1 1 1 1 1 1 1 1 1 1 1 1 1 1 1 1 1 1 1 1 1 16 1 15 11 12 16 15 11 12 15 10 100 12 1 1 1 1 1 100 1 100 1 1 100 1 1 100 1 100 1 1
ciInstanceKlass java/lang/AutoCloseable 1 0 12 100 1 100 1 1 1 1 100 1 1 1
ciInstanceKlass java/io/Closeable 1 0 14 100 1 100 1 100 1 1 1 1 100 1 1 1
instanceKlass java/security/GeneralSecurityException
instanceKlass java/lang/InterruptedException
instanceKlass com/android/tools/r8/shaking/g4
instanceKlass java/lang/CloneNotSupportedException
instanceKlass com/android/tools/r8/internal/Sf0
instanceKlass sun/nio/fs/WindowsException
instanceKlass com/android/tools/r8/ResourceException
instanceKlass com/android/tools/r8/CompilationFailedException
instanceKlass java/util/concurrent/ExecutionException
instanceKlass java/io/IOException
instanceKlass java/lang/ReflectiveOperationException
instanceKlass java/lang/RuntimeException
ciInstanceKlass java/lang/Exception 1 1 40 10 7 12 1 1 1 10 12 1 10 12 1 10 12 1 10 12 1 100 1 1 1 1 5 0 1 1 1 1 1 1 1 1 1 1 1 1 1 1
instanceKlass java/lang/Exception
instanceKlass java/lang/Error
ciInstanceKlass java/lang/Throwable 1 1 404 10 7 12 1 1 1 9 7 12 1 1 1 9 12 1 1 9 12 1 9 12 1 1 9 12 1 10 12 1 1 9 12 1 1 10 12 1 1 10 12 1 100 1 7 1 10 8 1 10 12 1 1 8 1 10 100 12 1 1 10 10 12 1 100 1 8 1 10 10 12 1 1 10 7 12 1 1 10 12 1 8 1 9 7 12 1 1 1 10 12 1 1 100 1 10 12 10 12 1 10 100 12 1 1 1 100 1 10 12 10 12 1 10 12 1 100 1 10 10 7 12 1 1 1 11 100 12 1 1 1 10 12 1 1 10 12 1 1 8 1 10 12 1 10 12 1 1 8 1 8 1 10 12 1 1 10 12 1 8 1 8 1 9 12 1 1 10 12 1 1 100 1 10 11 12 1 8 1 8 1 10 7 12 1 1 8 1 10 12 1 8 1 100 1 10 12 1 9 12 1 1 10 12 1 10 100 12 1 9 12 1 1 10 12 1 1 100 1 8 1 10 12 1 10 100 12 1 1 10 12 1 1 7 1 10 100 12 1 1 1 10 12 1 11 7 12 1 1 1 11 7 12 1 1 11 12 1 8 1 10 12 1 1 8 1 10 10 9 100 12 1 1 1 8 1 10 12 1 1 11 10 100 1 8 1 10 11 12 1 1 8 1 9 12 1 10 100 12 1 1 11 9 12 1 1 11 12 1 1 100 10 12 1 10 12 1 1 7 1 1 1 1 5 0 1 1 1 1 1 1 1 1 1 1 1 1 1 7 1 1 1 1 1 1 1 1 1 1 1 1 1 1 1 1 1 1 1 1 1 1 1 1 1 1 1 1 1 1 1 1 1 1 1 1 1 1 1 1 1 1 1 1 100 1 7 1 1 1 1 1 1 1 1 1 1 1 1 1 1 1 1 1 1
staticfield java/lang/Throwable UNASSIGNED_STACK [Ljava/lang/StackTraceElement; 0 [Ljava/lang/StackTraceElement;
staticfield java/lang/Throwable SUPPRESSED_SENTINEL Ljava/util/List; java/util/Collections$EmptyList
staticfield java/lang/Throwable EMPTY_THROWABLE_ARRAY [Ljava/lang/Throwable; 0 [Ljava/lang/Throwable;
staticfield java/lang/Throwable $assertionsDisabled Z 1
instanceKlass java/security/Provider
ciInstanceKlass java/util/Properties 1 1 690 10 7 12 1 1 1 100 1 10 7 12 1 1 7 1 10 12 1 9 12 1 1 9 12 1 1 9 12 1 1 10 7 12 1 1 1 10 12 1 1 8 1 10 7 12 1 1 1 7 1 10 12 1 10 12 1 1 8 1 10 12 1 7 1 10 12 10 12 1 1 9 12 1 1 10 12 1 1 7 1 10 12 1 10 12 1 10 12 1 1 100 1 8 1 10 12 1 10 12 1 10 12 1 1 10 12 1 7 1 3 10 10 100 12 1 1 1 10 12 1 10 12 1 1 8 1 10 12 1 10 12 1 1 8 1 10 100 12 1 1 10 12 1 1 10 12 1 10 12 1 1 100 1 10 12 1 10 12 1 1 100 1 9 100 12 1 1 1 10 12 1 10 12 1 1 10 12 1 1 10 12 1 1 100 1 9 12 1 1 7 1 7 1 10 12 1 7 1 11 7 12 1 1 1 11 12 1 1 11 7 12 1 1 1 11 7 12 1 1 1 11 12 1 1 11 12 1 11 12 1 10 12 1 1 8 1 10 12 1 10 100 12 1 1 10 12 1 100 1 10 10 12 1 10 12 1 100 1 10 10 12 1 1 10 7 12 1 1 9 100 12 1 1 10 12 1 1 10 100 12 1 1 1 100 1 100 1 100 1 10 8 1 8 1 10 12 1 10 12 1 10 12 1 1 10 10 12 1 1 10 12 1 1 7 1 10 10 12 1 11 7 12 1 1 10 7 12 1 1 1 8 1 10 100 12 1 1 11 11 7 1 8 1 10 100 1 11 10 12 1 10 10 12 1 10 12 1 1 10 12 1 1 10 12 1 1 10 12 1 10 12 1 10 10 12 1 10 12 1 10 12 1 10 10 12 1 1 10 12 1 1 10 10 12 1 10 12 1 10 12 1 10 12 1 10 12 1 1 10 12 1 1 10 12 1 10 12 1 10 12 1 1 10 12 10 12 1 1 10 12 1 1 10 12 1 10 12 1 1 10 12 1 1 10 12 10 11 12 1 4 11 10 12 1 1 10 100 12 1 1 11 12 1 10 12 1 1 10 100 12 1 1 10 12 1 100 1 8 1 10 12 1 10 10 100 12 1 1 1 100 1 6 0 10 12 1 1 11 100 12 1 1 1 10 12 1 10 12 1 1 1 1 1 5 0 1 1 1 1 1 1 1 1 1 1 1 1 1 1 1 1 1 1 1 1 1 1 1 1 1 1 1 1 1 1 1 1 1 1 1 1 1 1 1 100 1 1 1 1 1 1 1 1 1 1 1 1 1 1 1 1 1 1 1 1 100 1 1 1 1 1 1 1 1 1 1 1 1 7 1 7 1 1 1 1 1 100 1 1 1 1 1 1 1 1 1 1 1 1 1 1 1 1 1 1 1 1 1 1 1 1 1 1 1 1 1 1 1 1 1 1 1 1 1 1 1 1 1 1 1 1 1 1 1 1 1 1 1 1 1 1 1 1 1 1 1 1 1 1 1 1 1 1 1 1 1 1 1 1 1 1 1 1 1 7 1 1 1 1 1 1 1 1 1 1 1 100 1 1
staticfield java/util/Properties UNSAFE Ljdk/internal/misc/Unsafe; jdk/internal/misc/Unsafe
instanceKlass java/util/Hashtable
ciInstanceKlass java/util/Dictionary 1 1 36 10 7 12 1 1 1 100 1 1 1 1 1 1 1 1 1 1 1 1 1 1 1 1 1 1 1 1 1 1 1 1 1 1 1 1
instanceKlass java/util/Properties
ciInstanceKlass java/util/Hashtable 1 1 516 7 1 10 7 12 1 1 1 9 7 12 1 1 1 100 1 7 1 10 8 1 10 12 1 1 10 12 1 10 12 1 1 10 12 1 10 7 12 1 1 1 8 1 10 12 1 9 12 1 1 7 1 9 12 1 1 4 10 7 12 1 1 1 9 12 1 4 10 12 1 11 7 12 1 1 1 10 12 1 1 10 12 1 1 9 12 1 10 12 1 1 100 1 10 9 12 1 1 10 7 12 1 1 1 9 12 1 1 10 12 1 10 12 1 3 9 12 1 9 12 1 3 10 12 1 10 12 1 10 12 1 1 11 12 1 1 11 100 12 1 1 1 11 7 12 1 1 1 11 12 1 100 1 11 12 1 11 12 1 10 12 1 1 10 12 1 1 10 12 1 9 12 1 1 9 12 9 12 1 1 10 100 1 7 1 10 12 1 10 8 1 10 10 12 1 8 1 10 8 1 10 100 12 1 1 1 7 1 10 12 1 10 12 1 100 1 10 12 1 10 12 1 1 100 1 10 100 1 10 10 12 1 1 11 12 1 1 11 12 1 7 1 10 10 10 100 12 1 1 11 100 12 1 1 1 100 1 10 11 100 12 1 1 11 100 12 1 10 12 1 10 12 1 1 10 100 12 1 1 10 12 1 1 10 12 1 1 10 12 1 1 10 100 12 1 1 1 8 10 100 12 1 1 100 1 8 1 10 4 4 10 12 1 1 10 12 1 8 1 4 10 12 10 100 12 1 1 1 100 1 11 100 12 1 1 1 10 100 12 1 1 1 10 12 1 10 12 1 1 10 7 1 7 1 1 1 1 1 1 5 0 1 1 1 1 1 3 1 3 1 3 1 1 1 1 1 1 1 1 1 1 1 1 1 1 1 1 1 1 1 1 1 1 1 1 1 100 1 1 1 1 1 1 1 1 1 1 1 1 1 1 1 1 1 1 1 1 1 1 1 1 1 1 1 1 1 7 1 1 1 1 1 1 1 1 1 1 1 1 1 1 7 1 1 1 1 1 1 1 1 1 1 1 1 1 1 1 1 1 1 1 1 1 1 1 1 1 1 1 1 1 1 1 1 1 1 1 1 1 1 1 1 1 1 1 1 100 1 1 1 7 1 1 1 1 1 7 1 1 1 1 1 1 1 1 1 1 1 1 1 1 1 1 1 1
ciInstanceKlass java/lang/String 1 1 1443 10 7 12 1 1 1 8 1 9 7 12 1 1 1 9 12 1 1 9 12 1 1 9 12 1 1 10 12 1 10 12 1 1 10 12 1 1 9 12 1 10 7 12 1 1 1 10 7 1 10 7 12 1 1 1 10 12 1 1 10 12 1 1 10 12 1 10 12 1 1 10 12 1 10 7 12 1 1 1 7 1 9 7 12 1 1 1 10 7 12 1 1 1 10 7 12 1 1 1 10 12 1 1 10 12 1 1 10 12 1 1 10 12 1 1 9 7 12 1 1 10 12 9 7 12 1 1 10 12 1 1 3 10 12 1 1 7 1 11 12 1 1 11 12 1 11 12 1 1 10 100 12 1 1 1 10 12 1 1 9 100 12 1 1 1 10 12 1 1 10 12 1 11 12 1 1 10 12 1 1 10 12 10 12 1 1 10 7 12 1 1 1 10 12 1 1 10 12 1 1 100 1 7 1 10 12 1 10 12 1 10 12 1 1 100 1 10 12 1 1 100 1 10 12 1 1 10 12 1 1 10 12 1 10 10 12 1 100 1 100 1 100 1 10 12 1 10 12 1 1 10 12 1 1 10 12 1 10 12 1 1 10 12 1 1 10 100 12 1 1 100 1 11 10 7 12 1 1 11 12 1 11 12 1 10 12 1 1 10 12 1 10 12 10 12 1 1 10 10 100 12 1 1 1 10 100 12 1 1 10 12 1 1 10 100 12 1 1 10 12 1 10 12 1 1 10 12 1 1 10 12 1 10 12 1 10 12 1 1 100 1 10 12 1 1 10 12 10 12 1 10 12 1 1 10 12 1 1 10 7 12 1 1 1 10 12 1 10 12 1 1 10 12 1 10 12 1 3 3 10 12 1 1 10 12 1 10 12 1 1 10 12 1 1 10 12 1 1 10 12 1 10 12 1 1 10 12 1 1 10 12 1 10 12 1 10 12 1 10 12 1 1 10 12 1 10 12 1 10 12 1 10 12 1 10 12 1 10 12 1 10 7 1 10 8 1 10 12 1 1 10 12 1 8 1 10 12 1 1 10 12 10 12 1 8 1 10 10 12 1 1 10 12 1 1 10 12 1 1 10 7 1 10 10 12 1 10 12 1 10 12 1 10 10 12 1 10 12 1 10 12 1 10 12 1 10 12 1 10 12 1 10 12 1 1 10 12 1 1 10 12 1 1 10 10 12 1 1 10 10 12 1 100 1 10 10 12 1 1 10 12 1 1 10 7 1 10 12 1 10 12 1 10 7 12 1 1 1 10 12 1 10 12 1 1 10 12 1 11 7 1 11 12 10 12 1 10 12 1 1 10 12 1 1 10 10 12 1 10 12 1 9 12 1 1 11 7 12 1 1 1 10 12 10 10 12 1 10 12 1 1 10 10 12 1 10 12 1 10 12 1 1 10 12 1 1 10 10 12 1 1 10 12 1 10 10 12 1 10 12 10 10 12 10 10 12 1 10 12 1 10 10 12 10 7 12 1 1 1 10 12 10 10 12 10 12 1 10 12 10 12 10 10 12 1 10 12 1 1 10 12 1 1 10 10 12 1 10 7 12 1 1 1 10 12 1 1 10 10 100 12 1 1 1 11 10 12 1 10 12 1 1 10 12 1 1 10 100 12 1 1 1 10 12 1 10 12 1 10 12 1 10 12 1 10 12 1 10 12 1 100 1 7 1 8 1 10 10 10 12 1 10 12 1 1 8 1 10 12 1 3 3 10 12 1 10 12 1 1 10 12 7 1 10 10 12 1 1 10 12 1 10 12 1 10 12 1 1 10 12 1 1 11 7 12 1 1 1 7 1 10 12 1 10 12 1 1 8 1 10 12 1 1 10 12 1 11 7 12 1 1 1 11 7 12 1 1 11 12 1 10 12 1 10 12 1 1 10 10 100 12 1 1 1 10 12 1 10 12 1 10 10 12 10 12 1 1 10 10 12 1 10 10 12 1 10 10 12 1 10 10 12 1 10 12 1 1 10 10 12 1 8 1 10 12 1 1 18 12 1 1 11 100 12 1 1 1 7 1 3 18 12 1 18 12 1 8 1 10 100 12 1 1 1 11 12 1 1 10 12 10 10 12 1 10 11 12 1 1 10 12 1 1 11 12 1 18 3 11 10 12 1 11 11 10 12 1 10 12 1 1 8 1 10 12 1 10 12 1 10 12 1 1 10 10 12 1 11 100 12 1 100 1 100 1 10 12 100 1 10 10 100 12 1 1 1 100 1 10 100 1 10 10 12 1 10 10 12 1 8 1 10 10 12 1 8 1 8 1 10 12 1 10 12 1 10 10 12 10 7 12 1 1 10 7 12 1 1 10 7 12 1 1 8 1 10 12 1 10 12 1 10 9 12 1 10 12 9 7 12 1 1 1 10 12 1 10 12 1 10 12 1 10 12 1 10 12 1 8 1 10 100 12 1 1 1 10 12 10 12 1 1 10 12 10 10 12 10 12 7 1 9 12 1 1 7 1 10 7 1 7 1 7 1 7 1 1 1 1 1 1 5 0 1 1 1 1 1 3 1 3 1 1 1 1 1 1 1 1 1 1 1 1 1 1 1 100 1 1 1 1 1 1 1 1 1 1 1 1 1 1 1 1 1 1 1 1 1 1 1 1 1 1 1 1 1 1 1 100 1 1 1 1 1 1 1 1 1 1 7 1 1 1 1 1 1 1 1 1 1 1 1 1 1 1 1 1 1 1 1 1 1 1 1 1 1 1 1 1 1 1 1 1 1 1 1 1 1 1 1 1 1 1 1 1 1 1 1 1 1 1 1 1 1 1 1 1 1 1 1 1 1 1 1 1 1 1 1 1 1 1 1 1 1 1 1 1 1 1 1 1 1 1 1 1 1 1 1 1 1 1 1 1 1 1 1 1 1 1 1 1 1 1 1 1 1 1 1 1 1 1 1 1 1 1 1 1 1 1 1 1 1 1 1 1 1 1 1 1 1 1 1 1 1 1 1 1 1 1 1 1 1 1 1 1 1 1 1 1 1 1 1 1 1 1 1 1 1 1 1 1 1 1 1 1 1 1 1 1 1 1 1 1 1 1 100 1 1 1 1 1 1 1 1 1 1 1 1 1 1 1 1 1 1 1 1 1 1 1 100 1 1 1 1 1 1 1 1 1 1 1 1 1 1 1 7 1 1 1 1 1 1 1 1 1 1 1 1 1 1 1 16 15 10 12 16 15 10 12 15 10 12 15 10 12 15 10 100 12 1 1 1 1 1 1 1 100 1 100 1 1 1
staticfield java/lang/String COMPACT_STRINGS Z 1
staticfield java/lang/String serialPersistentFields [Ljava/io/ObjectStreamField; 0 [Ljava/io/ObjectStreamField;
staticfield java/lang/String CASE_INSENSITIVE_ORDER Ljava/util/Comparator; java/lang/String$CaseInsensitiveComparator
ciInstanceKlass java/lang/constant/ConstantDesc 1 0 37 100 1 100 1 1 1 1 100 1 1 1 1 100 1 100 1 100 1 100 1 100 1 100 1 100 1 100 1 100 1 1 100 1 100 1 1
ciInstanceKlass java/lang/InternalError 0 0 34 10 100 12 1 1 1 10 12 1 10 12 1 10 12 1 100 1 1 1 1 5 0 1 1 1 1 1 1 1 1 1 1 1
instanceKlass java/lang/AssertionError
instanceKlass java/lang/VirtualMachineError
instanceKlass java/lang/LinkageError
ciInstanceKlass java/lang/Error 1 1 40 10 7 12 1 1 1 10 12 1 10 12 1 10 12 1 10 12 1 100 1 1 1 1 5 0 1 1 1 1 1 1 1 1 1 1 1 1 1 1
instanceKlass java/lang/StackOverflowError
instanceKlass java/lang/OutOfMemoryError
instanceKlass java/lang/InternalError
ciInstanceKlass java/lang/VirtualMachineError 1 1 34 10 100 12 1 1 1 10 12 1 10 12 1 10 12 1 100 1 1 1 1 5 0 1 1 1 1 1 1 1 1 1 1 1
ciInstanceKlass java/util/Set 1 1 144 100 1 10 100 12 1 1 1 9 7 12 1 1 1 7 1 10 12 1 1 10 12 1 7 1 7 1 10 12 1 7 1 7 1 11 100 12 1 1 1 11 12 1 1 100 1 10 12 1 10 12 1 1 11 12 1 1 1 1 1 1 1 1 1 1 1 1 1 1 1 1 1 1 1 1 1 1 1 1 1 1 1 1 1 1 1 1 1 1 1 1 1 1 1 1 1 1 1 1 1 1 1 1 1 1 1 1 1 1 1 1 1 1 1 1 1 1 1 1 1 1 1 1 1 1 1 1 1 1 1 1 1 1 1 1 1 1 1 1 1 1 1 1
ciInstanceKlass java/util/Iterator 1 1 53 100 1 8 1 10 12 1 1 10 7 12 1 1 1 11 7 12 1 1 1 11 12 1 1 11 7 12 1 1 1 7 1 1 1 1 1 1 1 1 1 1 1 1 1 1 1 1 1 1 1 1 1
ciInstanceKlass java/util/Map$Entry 1 0 178 18 12 1 1 7 1 100 1 18 10 100 12 1 1 1 18 12 1 18 100 1 11 7 12 1 1 1 11 12 1 11 7 12 1 1 1 10 100 12 1 1 1 10 7 12 1 1 1 8 1 10 12 1 1 8 1 8 1 8 1 10 12 1 10 12 1 8 10 7 1 10 12 1 8 10 12 1 8 1 10 12 1 8 10 12 1 8 1 10 12 1 1 8 1 100 1 8 1 10 12 1 1 11 12 7 1 11 12 1 1 1 1 1 1 1 1 1 1 1 1 1 1 1 1 1 1 1 1 1 1 1 1 1 1 1 1 1 1 1 1 1 1 1 1 1 1 1 16 15 11 12 16 3 3 15 11 12 15 11 12 15 11 12 15 10 100 12 1 1 1 1 1 100 1 100 1 1
instanceKlass java/util/jar/JarVerifier$VerifierStream
instanceKlass java/util/zip/ZipFile$ZipFileInputStream
instanceKlass java/io/FilterInputStream
instanceKlass java/io/FileInputStream
instanceKlass java/io/ByteArrayInputStream
ciInstanceKlass java/io/InputStream 1 1 195 7 1 10 7 12 1 1 1 100 1 10 10 7 12 1 1 1 10 7 12 1 1 1 10 12 1 100 1 3 10 12 1 1 100 1 8 1 10 12 1 10 7 12 1 1 1 3 7 1 8 1 10 10 7 12 1 1 1 7 1 10 11 7 12 1 1 1 10 12 1 1 11 12 1 1 11 7 12 1 1 1 11 12 1 1 7 1 10 7 12 1 1 1 5 0 10 12 1 10 12 1 1 100 1 10 8 1 10 8 1 8 1 10 12 1 1 10 100 12 1 1 1 7 1 5 0 10 12 1 100 1 7 1 1 1 1 3 1 3 1 1 1 1 1 1 1 1 1 1 1 1 1 1 1 1 1 1 1 1 1 1 1 1 1 1 1 1 1 1 1 1 1 1 1 1 1 1 1 1 1 1 1 1 1 1 1 1 1 1 1 1 1 1 1
ciInstanceKlass jdk/internal/misc/Unsafe 1 1 1287 10 7 12 1 1 1 9 7 12 1 1 1 9 12 1 1 10 12 1 1 10 7 12 1 1 1 10 12 1 1 10 12 1 1 10 12 1 1 10 12 1 1 10 12 1 1 10 12 1 1 10 12 1 1 10 12 1 1 10 12 1 1 10 12 1 1 10 12 1 1 10 12 1 1 10 12 1 1 10 12 1 10 12 1 100 1 10 10 12 1 1 10 12 1 1 5 0 10 12 1 1 10 12 1 1 10 7 12 1 1 1 10 12 1 1 10 12 1 10 12 1 10 12 1 1 10 12 1 1 10 12 1 10 12 1 7 1 7 1 10 8 1 10 12 1 1 10 12 1 8 1 10 12 1 1 10 12 1 10 12 1 10 12 1 1 10 12 1 10 12 1 1 10 12 1 1 10 12 1 10 12 1 10 12 1 10 12 1 1 10 12 1 10 12 1 10 12 1 1 10 12 1 5 0 5 0 5 0 10 12 1 10 12 1 10 12 1 10 12 1 10 12 1 10 12 1 10 12 1 10 12 1 10 12 1 1 10 12 1 10 12 1 7 1 8 1 10 100 1 10 10 12 1 1 10 12 1 1 10 12 1 10 12 1 1 10 12 1 1 10 12 1 10 12 1 1 10 12 1 9 7 12 1 1 9 12 1 100 1 10 10 12 1 1 8 1 10 8 1 8 1 10 12 1 1 9 7 12 1 1 1 9 7 1 9 7 1 9 7 1 9 9 7 1 9 7 1 9 7 1 10 12 1 1 10 12 1 1 10 12 1 1 10 12 1 1 5 0 5 0 9 12 1 1 10 12 1 10 12 1 10 12 1 1 10 12 1 1 10 12 1 8 1 3 10 12 1 1 10 12 1 1 10 12 1 10 12 1 1 10 12 1 1 10 12 1 10 12 1 10 12 1 10 12 1 10 12 1 10 12 1 1 10 12 1 1 10 12 1 10 12 1 10 12 1 10 12 1 10 12 1 10 12 1 1 10 12 1 1 10 12 1 10 12 1 10 12 1 10 12 1 10 12 1 10 12 1 1 10 12 1 1 10 12 1 1 10 12 1 1 10 12 1 10 12 1 10 12 1 10 12 1 10 12 1 10 12 1 10 12 1 1 10 12 1 1 10 12 1 10 12 1 10 12 1 10 12 1 10 12 1 10 12 1 10 12 1 1 10 12 1 1 10 12 1 10 12 1 10 12 1 10 12 1 10 12 1 10 12 1 10 12 1 10 12 1 1 10 12 1 10 12 1 10 12 1 10 12 1 10 12 1 1 10 12 1 10 12 1 10 12 1 10 12 1 10 12 1 10 12 1 10 12 1 10 12 1 1 10 12 1 10 12 1 10 12 1 10 12 1 10 12 1 10 12 1 1 10 12 1 10 12 1 10 12 1 1 10 12 1 10 12 1 10 12 1 10 12 1 10 12 1 10 12 1 10 12 1 10 12 1 10 12 1 10 12 1 10 12 1 10 12 1 10 12 1 10 12 1 10 12 1 10 12 1 10 12 1 10 12 1 10 12 1 10 12 1 10 12 1 10 12 1 10 12 1 100 1 10 100 1 10 9 12 1 5 0 10 12 1 1 5 0 10 12 1 5 0 10 12 1 10 12 1 10 12 1 1 10 12 1 1 10 12 1 10 12 1 10 12 1 10 12 1 1 10 12 1 10 12 1 10 12 1 10 12 1 10 12 1 1 10 12 1 10 12 1 10 12 1 10 12 1 1 10 12 1 10 12 1 10 12 1 1 10 12 1 10 12 1 10 12 1 10 12 1 1 10 12 1 10 10 12 1 1 10 12 1 10 12 1 1 10 12 1 10 12 5 0 5 0 5 0 10 12 1 1 10 12 1 10 12 1 10 12 10 100 12 1 1 8 1 100 1 11 12 1 1 8 1 11 12 1 1 10 100 12 1 1 10 12 1 10 12 1 10 12 1 10 12 1 10 12 1 1 10 12 1 10 12 1 10 12 1 10 12 1 10 12 1 10 12 1 10 7 1 10 12 1 9 12 1 7 1 9 12 1 7 1 9 12 1 7 1 9 12 1 7 1 9 12 1 7 1 9 12 1 7 1 9 12 1 7 1 9 12 1 7 1 9 12 1 10 12 1 9 12 1 9 12 1 9 12 1 9 12 1 9 12 1 9 12 1 9 12 1 9 12 1 9 12 1 9 12 1 1 1 3 1 1 1 1 1 1 1 1 1 1 1 1 1 1 1 1 1 1 1 1 1 1 1 1 1 1 1 1 1 1 1 1 1 1 1 1 1 1 1 1 1 1 1 1 1 1 1 1 1 1 1 1 1 1 1 1 1 1 1 1 1 1 1 1 1 1 1 1 1 1 1 1 1 1 1 1 1 1 1 1 1 1 1 1 1 1 1 1 1 100 1 1 1 1 1 1 1 1 1 1 1 1 1 1 1 1 1 1 1 1 1 1 1 1 1 1 1 1 1 1 1 1 1 1 1 1 1 1 1 1 1 1 1 1 1 1 1 1 1 1 1 1 1 1 1 1 1 1 1 1 1 1 1 1 1 1 1 1 1 1 1 1 1 1 1 1 1 1 1 1 1 1 1 1 1 1 1 1 1 1 1 1 1 1 1 1 1 1 1 1 1 1 1 1 1 1 1 1 1 1 1 1 1 1 1 1 1 1 1 1 1 1 1 1 1 1 1 1 1 1 1 1 1 1 1 1 1 1 1 1 1 1 1 1 1 1 1 1 1 1 1 1 1 1 1 1 1 1 1 1 1 1 1 1 1 1 1 1 1 1 1 1 1 1 1 1 1 1 1 1 1 1 1 1 1 1 1 1 1 1 1 1 1 1 1 1 1 1 1 1 1 1 1 1 1 1 3 1 1 1 1 1 1 1 1 1 1 1 1 1 1 1 1 1 1 1 1 1
staticfield jdk/internal/misc/Unsafe theUnsafe Ljdk/internal/misc/Unsafe; jdk/internal/misc/Unsafe
staticfield jdk/internal/misc/Unsafe ARRAY_BOOLEAN_BASE_OFFSET I 16
staticfield jdk/internal/misc/Unsafe ARRAY_BYTE_BASE_OFFSET I 16
staticfield jdk/internal/misc/Unsafe ARRAY_SHORT_BASE_OFFSET I 16
staticfield jdk/internal/misc/Unsafe ARRAY_CHAR_BASE_OFFSET I 16
staticfield jdk/internal/misc/Unsafe ARRAY_INT_BASE_OFFSET I 16
staticfield jdk/internal/misc/Unsafe ARRAY_LONG_BASE_OFFSET I 16
staticfield jdk/internal/misc/Unsafe ARRAY_FLOAT_BASE_OFFSET I 16
staticfield jdk/internal/misc/Unsafe ARRAY_DOUBLE_BASE_OFFSET I 16
staticfield jdk/internal/misc/Unsafe ARRAY_OBJECT_BASE_OFFSET I 16
staticfield jdk/internal/misc/Unsafe ARRAY_BOOLEAN_INDEX_SCALE I 1
staticfield jdk/internal/misc/Unsafe ARRAY_BYTE_INDEX_SCALE I 1
staticfield jdk/internal/misc/Unsafe ARRAY_SHORT_INDEX_SCALE I 2
staticfield jdk/internal/misc/Unsafe ARRAY_CHAR_INDEX_SCALE I 2
staticfield jdk/internal/misc/Unsafe ARRAY_INT_INDEX_SCALE I 4
staticfield jdk/internal/misc/Unsafe ARRAY_LONG_INDEX_SCALE I 8
staticfield jdk/internal/misc/Unsafe ARRAY_FLOAT_INDEX_SCALE I 4
staticfield jdk/internal/misc/Unsafe ARRAY_DOUBLE_INDEX_SCALE I 8
staticfield jdk/internal/misc/Unsafe ARRAY_OBJECT_INDEX_SCALE I 4
staticfield jdk/internal/misc/Unsafe ADDRESS_SIZE I 8
instanceKlass jdk/internal/reflect/DelegatingClassLoader
instanceKlass java/security/SecureClassLoader
ciInstanceKlass java/lang/ClassLoader 1 1 1108 9 7 12 1 1 1 10 7 12 1 1 1 9 12 1 1 10 7 12 1 1 1 7 1 10 12 1 1 10 12 1 1 9 12 1 1 10 12 1 1 100 1 10 12 1 10 12 1 1 10 7 12 1 1 1 100 1 8 1 10 12 1 10 7 12 1 1 1 10 7 12 1 10 7 1 10 7 1 7 1 7 1 10 12 1 10 12 1 9 12 1 1 10 10 7 12 1 1 1 9 12 1 1 9 12 1 9 12 1 1 9 12 1 9 12 1 1 9 12 1 1 7 1 10 12 1 9 12 1 1 10 12 1 1 10 7 12 1 1 1 9 12 1 9 12 1 1 9 12 1 10 12 1 1 9 12 10 12 1 1 7 1 10 8 1 10 12 1 1 10 12 1 10 7 1 7 1 10 12 1 1 10 7 12 1 1 1 8 1 10 12 1 10 12 1 10 12 1 1 10 12 1 1 10 12 1 1 10 12 1 1 10 12 1 1 10 12 1 7 1 10 12 1 10 100 12 1 1 1 10 12 1 1 10 12 1 10 12 1 10 12 1 10 12 1 10 12 1 1 10 10 12 1 10 12 1 10 100 12 1 1 10 12 1 1 10 12 1 1 10 12 1 100 1 10 12 1 7 1 10 12 1 10 7 12 1 1 1 10 10 12 1 1 10 12 1 1 7 1 8 1 10 8 1 10 12 1 10 12 1 100 1 8 1 10 12 1 1 10 12 1 1 10 10 12 1 1 10 12 1 1 10 12 1 1 10 7 1 10 12 1 1 10 12 1 1 10 12 1 1 10 12 1 1 10 12 1 1 10 12 1 1 10 12 1 10 100 12 1 1 1 10 12 1 10 12 1 10 12 1 1 10 12 1 10 12 1 10 12 1 10 12 1 1 10 12 1 10 12 1 1 8 1 9 12 1 10 12 1 1 8 1 8 1 10 7 12 1 1 100 1 10 10 12 10 12 1 10 12 1 10 12 1 10 12 1 1 10 7 12 1 1 10 12 1 10 7 1 7 1 10 12 1 1 10 12 1 10 7 1 10 12 1 100 1 18 12 1 10 100 12 1 1 1 10 100 12 1 1 1 10 7 12 1 1 10 12 1 10 12 1 100 1 10 12 1 8 1 10 10 12 1 1 10 12 1 10 12 1 1 100 1 10 12 1 10 12 1 1 10 7 12 1 1 10 12 1 8 1 100 1 10 10 12 1 9 12 1 10 7 12 1 1 10 12 1 7 1 8 1 10 12 1 10 8 1 8 1 10 12 1 1 10 12 1 1 10 12 1 1 10 7 12 1 1 7 1 100 1 10 12 1 1 7 1 7 1 10 7 12 1 1 10 12 1 10 12 1 1 10 12 1 10 12 1 1 10 12 1 1 9 100 12 1 1 1 10 12 1 1 10 12 1 10 12 1 10 12 1 1 10 12 1 8 1 7 1 18 12 1 1 10 12 1 1 10 12 1 10 12 1 10 12 1 8 1 10 12 1 10 12 1 18 12 1 11 100 12 1 1 1 100 1 10 12 1 1 10 12 1 10 11 12 1 1 10 18 10 12 1 1 11 7 12 1 18 12 1 11 12 1 1 10 12 10 12 1 1 10 12 1 1 100 1 8 1 10 10 12 1 8 1 8 1 10 100 12 1 1 10 12 1 100 1 10 10 12 1 8 1 8 1 8 1 10 12 1 10 12 1 1 10 12 1 10 7 12 1 1 1 11 7 12 1 1 100 1 10 11 10 12 1 10 12 1 10 12 1 1 9 7 12 1 1 9 12 1 1 9 12 9 12 1 9 12 1 9 12 1 8 10 12 1 1 10 7 12 1 1 1 10 12 1 1 10 12 1 1 10 12 1 10 10 12 1 11 12 1 1 10 100 12 1 1 1 100 1 10 12 1 10 12 1 10 12 1 1 1 1 1 1 1 1 1 1 1 1 1 1 1 1 1 1 1 1 1 1 1 1 1 1 1 1 100 1 1 1 1 1 1 1 1 1 1 1 1 1 1 1 1 1 1 1 1 1 100 1 1 1 1 1 1 1 1 1 1 100 1 1 1 1 1 1 1 1 1 1 1 1 1 1 1 1 1 1 1 1 1 1 1 1 1 1 1 1 1 1 1 1 1 1 1 1 1 1 1 1 1 100 1 1 1 1 1 1 1 1 1 1 1 1 1 1 1 1 1 1 1 7 1 1 1 1 1 1 1 1 1 1 1 1 1 1 1 1 1 1 1 1 1 1 1 1 1 1 1 1 1 1 1 1 1 1 1 1 1 1 1 1 1 1 1 1 1 1 1 1 1 1 100 1 1 1 1 1 1 1 1 1 1 1 1 1 1 1 1 1 1 1 1 1 1 1 1 1 1 1 1 1 1 1 1 1 1 1 1 1 1 1 1 1 1 1 1 1 1 16 1 15 10 12 16 1 16 15 10 12 16 1 16 1 15 10 12 16 15 10 12 16 15 10 12 16 15 10 100 12 1 1 1 1 1 100 1 100 1 1
staticfield java/lang/ClassLoader nocerts [Ljava/security/cert/Certificate; 0 [Ljava/security/cert/Certificate;
staticfield java/lang/ClassLoader $assertionsDisabled Z 1
ciInstanceKlass java/lang/reflect/Constructor 1 1 439 10 100 12 1 1 1 10 100 12 1 1 9 7 12 1 1 1 10 12 1 1 10 12 1 1 10 100 12 1 1 9 12 1 1 10 7 12 1 1 1 9 12 1 1 9 12 1 1 9 12 1 9 12 1 1 9 12 1 9 12 1 1 9 12 1 1 9 12 1 100 1 8 1 10 12 1 10 12 1 9 12 1 1 10 7 12 1 1 10 7 12 1 1 1 10 12 1 1 10 12 1 1 10 12 1 7 1 100 1 8 1 10 10 12 1 10 12 1 10 12 1 1 10 12 1 1 9 100 12 1 1 1 10 7 12 1 1 10 12 1 1 10 12 1 10 12 1 1 10 7 12 1 1 1 10 100 12 1 1 10 12 1 1 10 12 1 10 7 12 1 1 1 8 1 10 10 12 1 100 1 8 1 10 12 1 10 12 1 1 10 12 1 1 10 12 1 10 12 1 10 12 1 1 10 12 1 1 9 12 1 1 10 12 1 1 10 12 1 1 10 12 1 1 11 7 12 1 1 1 10 12 1 1 10 12 1 10 12 1 10 12 1 8 1 9 12 1 1 10 7 12 1 1 1 10 7 12 1 1 10 12 1 1 10 12 1 1 10 12 1 1 10 12 1 1 10 12 1 9 7 12 1 1 10 12 1 10 12 1 10 12 1 100 1 8 1 10 10 12 1 1 10 12 1 10 10 12 1 1 10 12 1 1 10 100 12 1 1 1 11 100 12 1 1 1 10 12 1 1 9 100 12 1 1 1 10 100 12 1 1 1 10 12 1 1 1 1 1 1 1 1 1 1 1 1 1 1 1 1 1 1 1 1 1 1 1 1 1 1 1 1 1 1 1 1 1 1 1 1 1 1 1 1 1 1 1 1 1 1 1 1 1 1 1 1 100 1 100 1 100 1 100 1 1 1 1 1 1 1 1 1 1 1 1 1 1 1 1 1 1 1 1 1 1 1 1 1 1 1 1 1 1 1 1 1 100 1 1
instanceKlass java/lang/reflect/Executable
instanceKlass java/lang/reflect/Field
ciInstanceKlass java/lang/reflect/AccessibleObject 1 1 400 10 7 12 1 1 1 9 100 12 1 1 1 10 7 12 1 1 1 10 7 12 1 1 10 7 12 1 1 1 10 100 12 1 1 1 10 12 1 1 10 12 1 1 9 12 1 1 7 1 10 7 12 1 1 1 11 12 1 7 1 10 12 1 7 1 100 1 10 12 1 10 12 1 1 10 12 1 1 10 12 1 1 10 12 1 1 7 1 10 7 12 1 1 1 10 12 1 1 11 10 7 12 1 1 1 10 12 1 1 10 12 1 10 12 1 10 12 1 1 10 12 1 8 1 7 1 7 1 10 10 12 1 1 8 1 10 12 1 10 12 1 8 1 8 1 8 1 8 1 8 1 8 1 8 1 8 1 8 1 100 1 10 12 1 10 12 1 9 12 1 1 10 12 1 1 10 12 1 10 7 1 100 1 8 1 10 8 1 10 12 1 8 1 10 12 1 10 12 1 1 10 100 1 8 1 10 11 7 12 1 1 1 10 12 1 1 10 12 1 1 10 12 1 1 9 12 1 1 100 1 10 12 1 7 1 10 12 1 10 12 1 1 10 100 1 10 12 1 10 12 10 12 1 10 12 1 10 12 1 1 10 12 1 9 12 1 10 100 12 1 1 8 1 10 100 12 1 1 1 8 1 10 7 12 1 1 1 9 12 1 7 1 10 7 1 10 10 7 12 1 1 1 7 1 10 10 7 12 1 1 1 7 1 9 12 1 1 1 1 1 1 1 1 1 1 1 1 1 1 1 1 1 1 1 1 1 1 1 1 1 1 1 1 1 1 1 1 1 1 1 1 1 1 1 1 1 1 1 1 1 1 1 1 1 1 1 1 1 1 1 1 1 1 1 1 1 1 1 1 1 1 1 1 1 1 1 1 1 1 1 1 1 1 1 1 1 1 1 1
staticfield java/lang/reflect/AccessibleObject reflectionFactory Ljdk/internal/reflect/ReflectionFactory; jdk/internal/reflect/ReflectionFactory
instanceKlass java/lang/reflect/Constructor
instanceKlass java/lang/reflect/Method
ciInstanceKlass java/lang/reflect/Executable 1 1 581 10 7 12 1 1 1 10 7 12 1 1 1 10 7 12 1 1 1 11 7 12 1 1 1 10 7 12 1 1 1 10 12 1 1 10 100 12 1 1 1 10 7 12 1 1 1 10 12 1 8 1 10 10 12 1 1 10 12 1 1 10 100 12 1 1 1 18 12 1 1 11 100 12 1 1 1 8 1 8 1 8 1 10 100 12 1 1 1 11 12 1 1 7 1 8 1 8 1 10 12 1 7 1 8 1 10 12 1 8 1 11 100 12 1 1 1 7 1 11 7 12 1 1 1 11 12 1 8 1 18 8 1 10 12 1 10 12 1 1 18 8 1 10 12 1 100 1 10 12 1 10 12 1 11 12 1 10 12 1 1 8 1 8 1 10 12 1 1 10 12 1 1 10 10 12 1 9 100 12 1 1 1 10 100 12 1 1 1 10 12 1 10 12 1 1 10 100 12 1 1 10 12 1 10 12 1 10 12 1 10 7 12 1 1 7 1 10 100 12 1 1 1 10 12 1 1 10 7 12 1 1 10 12 1 10 12 1 1 9 100 12 1 1 1 10 100 10 12 1 8 1 10 12 1 10 12 1 3 100 1 8 1 10 12 1 10 12 1 10 10 12 1 10 12 1 1 8 1 8 1 8 1 9 12 1 1 9 12 1 10 12 1 100 1 8 1 10 12 1 10 12 1 10 12 1 1 10 12 1 1 10 12 1 10 12 10 12 1 100 1 10 12 1 10 12 1 1 100 1 10 7 12 1 1 1 7 1 10 7 12 1 1 1 10 12 1 1 11 7 12 1 1 10 12 1 10 100 12 1 1 1 10 12 1 1 9 12 1 10 12 1 1 10 12 1 10 12 1 1 9 100 12 1 1 1 10 100 12 1 1 1 10 12 1 10 12 1 1 9 12 1 10 10 10 10 100 12 1 1 1 10 12 1 9 12 1 10 12 1 1 9 12 1 7 1 7 1 1 1 1 1 1 1 1 1 1 1 1 1 1 1 1 1 1 1 1 1 1 1 1 1 1 1 1 1 1 1 1 1 1 1 1 100 1 1 1 1 1 1 1 1 1 1 1 1 1 1 1 1 1 1 1 100 1 1 1 1 1 1 1 1 1 1 1 1 1 1 1 1 1 1 1 1 1 1 1 1 1 1 1 1 1 1 1 1 1 1 1 1 1 1 1 1 1 1 1 7 1 1 1 1 1 1 1 1 1 1 1 1 1 1 1 1 1 1 1 1 1 1 7 1 1 16 15 16 1 16 1 15 10 12 16 15 10 100 12 1 1 1 1 1 1 100 1 1 100 1 100 1 1
ciInstanceKlass java/lang/reflect/Member 1 1 37 100 1 10 12 1 1 100 1 100 1 1 1 1 3 1 3 1 1 1 1 1 1 1 1 1 1 1 1 1 1 1 1 1 1 1 1
instanceKlass java/util/logging/LogManager$Cleaner
instanceKlass jdk/internal/misc/InnocuousThread
instanceKlass java/util/concurrent/ForkJoinWorkerThread
instanceKlass java/lang/ref/Finalizer$FinalizerThread
instanceKlass java/lang/ref/Reference$ReferenceHandler
instanceKlass java/lang/BaseVirtualThread
ciInstanceKlass java/lang/Thread 1 1 870 10 7 12 1 1 1 9 12 1 1 10 7 12 1 1 10 12 1 10 100 12 1 1 100 1 8 1 10 12 1 1 9 12 1 9 12 1 1 9 12 1 1 7 1 10 12 1 1 10 12 1 10 100 12 1 1 1 10 12 9 12 1 1 10 12 1 7 1 10 12 1 100 1 8 1 10 9 100 12 1 1 1 10 12 1 1 10 12 1 1 10 12 1 1 10 12 1 10 12 1 1 3 8 1 7 1 5 0 10 7 12 1 1 1 9 12 1 10 12 1 1 10 7 12 1 1 1 10 7 12 1 1 1 10 12 1 1 10 12 1 1 9 12 1 1 10 7 1 8 1 10 7 1 10 12 1 9 12 1 1 10 7 12 1 1 1 10 10 12 1 1 9 100 12 1 1 1 10 12 1 1 10 12 1 1 10 7 12 1 1 10 12 1 10 12 1 10 7 12 1 1 9 12 1 10 7 12 1 1 1 10 12 1 1 9 12 1 1 9 12 1 1 10 7 12 1 1 1 9 12 1 1 10 100 12 1 1 10 100 12 1 1 1 10 12 1 10 12 1 10 7 12 1 1 9 12 1 8 1 9 7 12 1 1 9 12 1 1 5 0 100 1 10 100 1 10 100 1 10 7 1 10 8 1 10 12 1 1 10 100 12 1 10 12 1 10 12 1 100 1 8 1 10 10 12 1 10 12 1 1 10 100 12 1 1 1 10 100 12 1 1 1 10 12 1 7 1 9 12 1 1 100 1 10 10 12 1 9 12 1 1 10 12 1 1 10 12 1 1 10 12 1 10 12 1 9 12 1 1 10 10 12 1 1 10 12 1 1 11 7 12 1 1 10 7 12 1 1 9 12 1 9 12 1 1 9 12 1 1 10 100 12 1 1 10 12 1 1 9 100 12 1 1 1 10 100 12 1 1 10 12 1 10 12 1 100 1 10 10 12 9 12 1 1 10 12 1 11 100 12 1 1 10 12 1 10 12 1 10 12 1 9 12 1 10 10 12 1 10 12 1 1 9 12 1 9 12 10 12 1 8 1 10 12 1 10 12 1 10 12 1 10 12 1 10 12 1 1 10 12 1 10 12 1 1 10 12 1 10 12 1 10 12 1 10 12 1 10 12 1 1 9 7 12 1 1 1 8 1 10 9 12 1 10 12 1 7 1 8 1 10 10 12 1 8 1 10 12 1 1 9 12 10 12 8 1 10 10 12 1 10 12 1 8 1 10 12 1 10 8 1 10 100 12 1 1 10 12 1 1 100 1 8 1 10 9 12 1 9 12 1 1 10 12 1 1 10 10 12 1 10 12 1 100 10 7 12 1 1 1 9 12 1 10 12 1 1 10 12 1 1 10 100 12 1 1 1 11 7 12 1 1 1 9 100 12 1 1 1 10 100 12 1 1 1 7 1 10 12 1 100 1 10 12 1 10 12 1 1 10 12 1 1 8 1 9 12 1 10 12 1 10 12 1 1 11 7 12 1 1 1 10 12 1 1 1 1 3 1 3 1 3 1 3 1 1 1 1 1 1 1 1 1 1 1 1 1 1 1 1 1 1 1 1 1 7 1 1 1 1 1 1 1 1 1 1 1 1 1 1 1 1 1 1 1 1 1 1 100 1 1 1 1 1 1 1 1 1 1 1 1 1 1 1 1 7 1 7 1 1 1 1 1 1 1 1 1 1 1 1 1 1 1 1 1 1 1 1 1 1 1 1 1 1 1 1 1 1 1 1 1 1 1 1 1 1 1 1 1 1 1 1 1 1 1 1 1 1 1 1 1 1 1 1 1 1 1 1 1 1 1 1 1 1 1 1 1 1 1 1 1 1 1 1 100 100 1 1 1 1 1 1 1 1 1 1 1 1 1 1 1 1 1 1 1 1 1 1 1 1 1 1 100 1 100 1 100 1 100 1 100 1 1 100 1 1 1 1 1 1 1 1 1 1 1 1 1 1 1
staticfield java/lang/Thread NEW_THREAD_BINDINGS Ljava/lang/Object; java/lang/Class
staticfield java/lang/Thread EMPTY_STACK_TRACE [Ljava/lang/StackTraceElement; 0 [Ljava/lang/StackTraceElement;
ciInstanceKlass java/lang/Runnable 1 0 11 100 1 100 1 1 1 1 1 1 1
ciInstanceKlass java/net/URL 1 1 771 10 7 12 1 1 1 10 12 1 10 7 12 1 1 9 12 1 1 9 12 1 10 7 12 1 1 1 10 12 1 1 10 12 1 1 9 12 1 1 10 7 12 1 1 1 8 1 10 12 1 1 7 1 10 10 12 1 1 8 1 10 12 1 1 9 12 1 100 1 8 1 10 12 1 10 12 1 8 1 9 12 1 10 12 1 1 9 12 1 10 12 1 10 12 1 9 12 1 9 12 1 8 1 9 12 1 10 12 1 1 8 1 9 12 1 1 10 12 1 1 10 7 12 1 1 1 8 1 10 12 1 7 1 10 12 1 10 12 1 10 12 1 10 12 1 1 10 12 1 1 8 1 10 12 1 1 10 12 1 8 1 9 12 1 8 1 10 12 1 10 7 12 1 1 1 7 1 10 12 1 10 12 1 1 10 100 12 1 1 1 100 1 8 1 10 10 12 1 8 1 10 12 1 1 10 12 1 10 12 1 10 12 1 10 12 1 10 12 1 10 12 1 8 1 10 12 1 8 1 10 10 100 1 10 10 12 1 8 1 10 7 12 1 1 1 10 12 1 9 100 12 1 1 1 10 7 12 1 1 1 9 12 1 1 10 12 1 10 100 12 1 1 1 100 1 100 1 10 12 1 10 12 1 10 12 1 10 12 1 10 12 1 10 12 10 10 12 1 10 12 1 10 12 1 1 8 1 9 100 12 1 1 1 10 100 12 1 1 1 10 12 1 1 9 100 12 1 1 1 10 12 1 1 100 1 10 12 1 10 12 1 10 10 12 1 1 10 12 1 1 10 12 1 10 12 1 10 12 1 10 7 12 1 1 1 10 12 1 1 10 12 1 9 12 1 1 9 12 1 1 7 1 8 1 10 10 12 1 9 12 1 1 10 7 12 1 1 8 1 10 100 12 1 1 8 1 10 12 1 1 10 12 1 8 1 8 1 10 7 12 1 1 1 7 1 10 7 12 1 1 1 10 12 1 10 12 1 100 1 10 9 100 12 1 1 1 10 100 12 1 1 10 12 1 1 10 12 1 8 1 100 1 10 10 7 12 1 1 1 10 12 1 8 9 100 12 1 1 1 10 12 1 1 10 12 1 10 12 1 1 10 100 12 1 1 11 7 12 1 1 10 12 1 10 12 1 9 12 1 10 12 1 1 10 100 12 1 1 10 100 12 1 1 1 8 10 100 12 1 1 100 1 10 8 8 10 12 1 8 8 8 100 1 10 12 1 9 12 1 1 10 12 1 10 12 1 1 10 12 1 10 12 10 12 1 1 10 12 1 1 10 10 10 12 1 10 12 1 10 12 1 10 12 1 10 12 1 10 10 12 1 100 1 8 1 10 10 10 12 1 1 10 12 1 10 12 1 1 8 1 7 1 10 10 7 1 10 12 1 9 7 12 1 1 1 9 12 1 1 7 1 10 10 7 12 1 1 1 7 1 1 1 1 1 5 0 1 1 1 1 1 1 1 1 1 1 1 1 1 1 1 1 1 1 1 1 1 1 1 1 1 1 1 1 1 1 1 1 1 1 1 1 1 1 1 1 1 1 1 1 1 1 1 1 7 1 1 1 1 1 1 1 1 1 1 1 1 1 1 1 1 1 1 1 1 1 1 1 1 1 1 1 1 1 1 1 1 1 1 1 1 1 100 1 1 1 1 1 1 1 1 1 1 1 1 1 1 1 1 1 100 1 1 1 1 1 1 1 1 1 1 1 1 1 1 1 1 1 1 1
staticfield java/net/URL defaultFactory Ljava/net/URLStreamHandlerFactory; java/net/URL$DefaultFactory
staticfield java/net/URL streamHandlerLock Ljava/lang/Object; java/lang/Object
staticfield java/net/URL serialPersistentFields [Ljava/io/ObjectStreamField; 7 [Ljava/io/ObjectStreamField;
ciInstanceKlass java/lang/Module 1 1 1070 10 7 12 1 1 1 9 7 12 1 1 1 10 7 12 1 1 1 9 12 1 9 12 1 1 9 12 1 1 10 12 1 1 10 12 1 10 12 1 1 10 7 12 1 1 1 7 1 10 7 12 1 1 1 10 12 1 1 11 7 12 1 1 1 10 12 1 1 10 7 12 1 1 1 10 12 1 1 10 7 12 1 1 1 9 100 12 1 1 1 10 7 12 1 1 1 10 12 1 8 1 10 7 12 1 1 1 10 7 12 1 1 1 10 7 12 1 1 1 10 12 1 10 12 1 9 12 1 1 10 100 12 1 1 100 1 7 1 10 8 1 10 12 1 1 10 12 1 10 12 10 12 1 10 7 12 1 1 8 1 8 1 10 8 1 8 1 9 12 1 1 8 1 10 100 12 1 1 1 10 12 1 9 12 1 1 11 12 1 9 100 12 1 1 10 100 12 1 1 1 10 100 12 1 1 1 10 12 1 1 8 1 10 12 1 1 10 12 1 10 12 1 1 9 7 12 1 1 1 10 12 1 1 10 12 1 1 9 12 1 10 12 1 10 12 1 9 12 1 1 11 7 12 1 1 10 12 1 1 9 12 1 9 12 1 10 12 1 10 12 1 100 1 8 1 10 10 12 1 1 10 12 1 8 1 10 12 1 1 8 1 8 1 10 12 1 1 10 12 1 10 12 1 1 18 12 1 1 10 12 1 1 11 12 1 9 12 1 11 12 10 100 12 1 1 100 1 8 1 10 11 12 1 1 10 7 12 1 1 1 10 12 1 10 12 1 1 11 12 1 1 11 7 12 1 1 11 12 1 1 9 12 1 11 12 1 10 12 1 1 10 12 1 1 9 12 1 10 12 10 7 12 1 1 10 7 1 18 12 1 1 11 100 12 1 1 1 18 12 1 11 12 1 1 10 100 12 1 1 1 11 12 1 1 10 7 12 1 1 7 1 11 12 1 7 1 7 1 10 12 1 10 7 12 1 1 1 10 11 7 12 1 8 1 10 10 12 1 1 10 7 12 1 1 10 12 1 10 12 1 7 1 10 12 1 10 11 12 1 1 10 12 10 12 1 1 9 12 1 1 100 1 10 10 12 1 1 11 7 1 10 12 1 1 11 12 1 10 10 12 1 11 10 12 1 1 10 12 1 1 10 12 1 1 10 7 12 1 1 10 12 1 10 12 1 1 10 10 12 1 1 10 12 1 18 12 1 11 12 1 18 12 1 10 12 1 10 12 1 10 12 7 1 10 12 1 10 12 1 10 12 1 9 12 1 7 1 10 10 10 10 12 1 10 12 1 10 12 1 10 12 1 1 10 12 1 1 10 12 1 9 12 1 18 12 1 1 10 7 12 1 1 1 100 1 8 1 10 12 1 1 10 12 1 1 10 7 12 1 1 7 1 10 12 1 1 7 1 8 1 10 12 1 1 100 1 11 12 1 1 10 100 12 1 1 1 18 12 1 1 11 100 12 1 1 1 100 1 10 12 1 10 12 1 1 7 1 7 1 10 12 8 1 10 12 1 1 10 12 1 1 10 100 12 1 1 10 12 1 1 10 12 1 10 12 10 12 1 1 7 1 10 10 12 1 1 10 7 12 1 1 1 100 1 10 12 1 1 10 7 12 1 1 8 1 18 12 1 1 100 1 100 1 9 12 1 1 9 12 1 9 12 1 11 100 12 1 1 1 100 1 11 12 1 1 100 1 10 12 1 8 1 10 12 1 10 12 10 12 1 8 1 10 10 100 12 1 1 7 1 10 10 12 1 10 7 12 1 1 9 12 1 9 12 1 9 12 1 9 12 1 10 12 11 12 1 10 12 1 7 1 1 1 1 1 1 1 1 1 1 1 1 1 1 1 1 1 1 1 100 1 1 1 1 1 1 1 1 1 1 1 1 1 1 1 1 1 1 1 1 1 1 1 1 1 1 1 1 1 1 1 1 1 1 1 1 1 1 1 1 1 1 1 1 1 1 1 1 1 1 1 1 1 1 1 1 1 1 1 1 1 1 1 1 1 1 1 1 1 1 1 1 1 1 1 1 1 1 1 1 1 1 1 1 1 1 1 1 1 1 1 1 1 1 1 100 100 1 1 1 1 1 1 1 1 1 1 1 1 1 1 1 1 1 1 1 1 1 1 1 1 1 1 1 100 1 100 1 1 1 1 1 1 1 1 1 1 1 1 1 1 1 1 1 1 1 1 100 1 1 1 1 1 1 1 1 1 1 1 1 1 1 1 1 1 1 1 1 1 1 1 16 15 10 12 16 16 15 10 12 16 16 15 10 16 1 15 10 12 16 1 15 10 12 16 1 16 15 10 12 16 16 1 15 10 12 16 15 10 100 12 1 1 1 15 10 100 12 1 1 1 1 1 1 1 1 1 1 1 100 1 100 1 1 100 1 100 1 1
staticfield java/lang/Module ALL_UNNAMED_MODULE Ljava/lang/Module; java/lang/Module
staticfield java/lang/Module ALL_UNNAMED_MODULE_SET Ljava/util/Set; java/util/ImmutableCollections$Set12
staticfield java/lang/Module EVERYONE_MODULE Ljava/lang/Module; java/lang/Module
staticfield java/lang/Module EVERYONE_SET Ljava/util/Set; java/util/ImmutableCollections$Set12
staticfield java/lang/Module $assertionsDisabled Z 1
ciInstanceKlass java/lang/Character 1 1 604 7 1 7 1 100 1 9 12 1 1 8 1 9 12 1 1 7 1 9 12 1 1 10 7 12 1 1 1 10 100 12 1 1 1 10 100 12 1 1 1 10 7 12 1 1 1 9 7 12 1 1 1 10 12 1 10 12 1 1 10 12 1 1 10 7 12 1 1 10 12 1 1 3 3 3 3 3 10 12 1 1 10 12 1 3 11 7 12 1 1 1 11 12 1 1 10 12 1 1 10 12 1 1 100 1 10 10 12 1 3 10 12 1 1 10 12 1 10 12 1 1 100 1 8 1 10 12 1 1 10 12 1 10 12 1 10 12 1 10 100 12 1 1 1 10 12 1 10 12 1 10 12 1 1 10 12 1 10 7 12 1 1 10 10 12 1 10 10 12 1 10 12 1 1 10 12 1 10 10 12 1 10 12 1 10 12 1 10 12 1 10 12 1 10 12 1 10 12 1 10 12 10 10 12 10 10 12 1 10 10 12 1 10 10 12 1 10 10 12 1 10 12 1 10 12 1 10 12 1 10 12 1 10 12 1 10 12 1 10 10 12 1 10 10 12 1 10 10 12 1 1 10 10 12 1 10 5 0 10 12 1 10 12 1 10 10 12 1 10 10 12 1 1 10 10 12 1 10 10 12 1 9 12 1 1 100 1 10 10 12 1 10 12 1 1 3 10 100 12 1 1 1 10 12 1 10 100 12 1 1 7 1 10 10 12 1 1 10 12 1 1 10 12 1 1 8 1 10 12 1 9 100 12 1 1 1 10 12 1 10 10 12 1 10 12 1 1 10 12 1 10 10 12 1 1 10 10 12 1 1 7 1 8 1 10 12 1 1 10 7 12 1 1 1 8 1 10 12 1 1 9 12 1 1 7 1 7 1 7 1 1 1 1 3 1 3 1 3 1 3 1 1 1 1 1 3 1 1 3 1 3 1 3 1 3 1 3 1 3 1 3 1 3 1 3 1 3 1 3 1 3 1 3 1 3 1 3 1 3 1 3 1 3 1 3 1 3 1 3 1 3 1 3 1 3 1 3 1 3 1 3 1 3 1 1 1 1 1 1 1 1 1 1 1 1 1 1 1 1 1 1 1 3 1 1 1 1 1 1 1 3 1 1 3 1 1 1 1 1 3 1 1 5 0 1 1 1 1 1 1 1 1 1 1 1 1 1 1 1 1 1 1 1 1 1 1 1 1 1 1 1 1 1 1 1 1 1 1 1 1 1 1 1 1 1 1 1 1 1 1 1 1 1 1 1 1 1 1 1 1 1 1 1 1 1 1 1 1 1 1 1 1 1 1 1 1 1 1 1 1 1 1 1 1 1 1 1 1 1 1 1 1 1 1 100 1 100 1 1 1 1 1 1
staticfield java/lang/Character TYPE Ljava/lang/Class; java/lang/Class
staticfield java/lang/Character $assertionsDisabled Z 1
ciInstanceKlass java/util/Arrays 1 1 1029 10 7 12 1 1 1 10 100 12 1 1 1 10 7 12 1 1 1 10 12 1 10 12 1 10 12 1 10 12 1 10 12 1 10 12 1 10 100 12 1 1 1 100 1 7 1 10 8 1 10 12 1 1 10 12 1 8 1 8 1 10 12 1 1 10 12 1 100 1 10 12 1 9 100 12 1 1 1 10 7 12 1 1 100 1 10 12 1 1 10 7 12 1 1 10 7 12 1 1 1 100 1 10 12 1 10 12 1 1 7 1 9 7 12 1 1 1 10 12 1 1 10 7 12 1 1 10 12 1 10 12 1 1 10 12 1 10 12 1 1 7 1 11 12 1 1 10 12 1 10 7 12 1 1 1 10 12 10 12 1 10 12 1 10 12 10 12 1 11 100 12 1 1 1 10 7 12 1 1 1 100 1 10 12 1 10 100 1 10 12 1 10 100 1 10 12 1 10 100 1 10 12 1 10 10 12 1 1 10 12 1 10 12 1 10 12 1 10 12 1 10 12 1 10 7 12 1 1 1 10 12 1 10 7 12 1 1 1 10 12 1 10 12 1 10 7 12 1 1 1 10 12 1 10 12 1 10 12 1 10 12 1 10 12 1 10 12 1 10 12 1 10 12 1 10 12 1 10 12 1 10 12 1 10 12 1 10 12 1 10 12 1 10 12 1 10 12 1 1 10 12 1 1 10 7 12 1 1 1 10 7 1 10 100 1 10 7 1 10 100 1 10 100 1 10 100 1 10 100 1 10 100 1 10 12 1 8 1 10 12 1 1 10 12 1 1 10 12 1 1 10 12 1 1 10 12 1 1 10 12 1 1 10 12 1 1 10 12 1 1 10 12 1 1 7 1 10 12 10 12 1 1 10 12 1 10 12 1 1 10 12 1 1 9 7 12 1 1 1 10 12 1 9 7 1 10 12 1 9 7 1 10 12 1 9 7 1 10 12 1 9 7 1 10 12 1 9 7 1 10 12 1 9 10 12 1 10 12 1 10 12 1 9 12 1 100 1 10 10 12 1 1 10 12 1 10 12 1 10 12 1 10 12 1 10 12 1 10 12 1 10 12 1 10 12 1 10 12 1 8 1 8 1 10 12 1 10 12 1 8 1 10 12 1 10 12 1 10 12 1 10 7 12 1 1 1 3 10 100 1 10 10 12 1 1 11 100 12 1 1 10 12 1 1 10 12 1 10 12 1 10 12 1 10 12 1 10 12 1 10 12 1 10 12 1 10 12 1 11 12 1 8 1 10 11 12 1 11 100 12 1 1 1 11 100 12 1 1 1 11 12 1 1 18 12 1 1 11 12 1 1 11 100 12 1 1 1 18 12 1 11 100 12 1 1 1 18 12 1 11 100 12 1 1 1 18 12 1 100 1 10 100 12 1 1 1 10 12 1 10 12 1 10 12 1 10 12 1 10 12 1 10 12 1 10 12 1 10 12 1 1 10 12 1 10 100 12 1 1 10 12 1 10 12 1 10 12 1 1 10 12 1 10 12 1 10 12 1 1 10 12 1 10 12 1 10 12 1 1 10 12 1 10 12 1 10 12 1 10 12 1 10 12 10 12 1 10 12 10 12 10 12 1 10 12 10 12 1 10 12 1 10 12 1 1 1 1 3 1 3 1 1 1 1 1 1 1 1 1 1 1 1 1 1 1 1 1 1 1 1 1 1 1 1 1 1 1 1 1 1 1 1 1 1 1 1 1 1 1 1 1 1 1 1 1 1 1 1 1 1 1 1 1 1 1 1 1 1 1 1 1 1 1 1 1 1 1 1 1 1 1 1 1 1 1 1 1 1 1 1 1 1 1 1 1 1 1 1 1 1 1 1 1 1 1 1 1 1 1 1 1 1 1 1 1 1 1 1 1 1 1 1 1 1 1 1 1 1 1 1 1 1 1 1 1 1 1 1 1 1 1 1 1 1 1 1 1 1 1 1 1 1 1 1 1 1 1 1 1 1 1 1 1 1 1 1 1 1 1 1 1 1 1 1 1 1 1 1 1 1 1 1 1 1 1 1 1 1 1 1 1 1 1 1 1 1 1 1 1 1 1 1 1 1 1 1 1 1 1 1 1 1 1 1 1 1 1 1 1 1 1 1 1 1 1 1 1 1 1 1 1 1 1 1 1 1 1 1 1 1 1 1 1 1 1 1 1 1 1 1 1 1 1 1 1 1 1 1 1 1 1 1 1 1 100 1 1 16 15 10 12 15 10 12 15 10 12 15 10 12 15 10 100 12 1 1 1 1 1 100 1 100 1 1 1 1 100 1 1 1 1 1 1 100 1 1 100 1 1 100 1 1 1 100 1 100 1 1
staticfield java/util/Arrays $assertionsDisabled Z 1
ciInstanceKlass java/lang/OutOfMemoryError 1 1 26 10 100 12 1 1 1 10 12 1 100 1 1 1 1 5 0 1 1 1 1 1 1 1 1 1
ciInstanceKlass java/lang/Integer 1 1 453 7 1 7 1 7 1 7 1 10 12 1 1 9 12 1 1 9 12 1 1 10 100 12 1 1 1 10 12 1 1 10 100 12 1 1 1 10 10 12 1 1 10 7 12 1 1 1 10 12 1 10 12 1 1 10 7 12 1 1 1 10 12 1 1 10 12 1 1 10 12 1 10 12 1 10 12 1 1 10 10 12 1 9 12 1 1 9 12 1 100 1 8 1 10 12 1 7 1 10 12 1 8 1 10 12 1 1 10 12 1 8 1 10 12 1 8 1 10 12 1 1 3 10 12 1 1 3 10 12 1 1 10 12 1 1 10 7 12 1 1 1 11 7 1 10 12 1 1 11 10 12 1 1 8 1 10 12 1 1 8 1 7 1 10 12 1 1 10 12 1 1 5 0 8 1 10 12 1 10 12 1 10 12 1 10 12 1 1 7 1 9 12 1 1 9 12 1 1 10 12 1 10 7 1 9 12 1 10 12 1 10 12 1 10 12 1 1 10 7 12 1 1 1 100 1 100 1 10 12 1 1 10 12 1 1 8 1 8 1 10 12 1 1 8 1 8 1 8 1 8 1 8 1 8 1 10 12 1 10 12 1 5 0 3 3 3 3 10 12 1 10 12 1 3 10 12 1 10 100 12 1 1 1 10 12 1 1 10 12 1 1 8 1 10 7 12 1 1 1 9 12 1 1 7 1 7 1 7 1 1 1 1 3 1 1 1 3 1 3 1 1 5 0 1 1 1 1 1 1 1 1 1 100 1 1 1 1 1 1 1 1 1 1 1 1 1 1 1 1 1 1 1 1 1 1 1 1 1 1 1 1 1 1 1 1 1 1 1 1 1 1 1 1 3 1 1 1 1 1 1 1 1 1 1 1 1 1 1 1 1 7 1 1 1 1 1 1 1 1 1 1 1 1 1 1 1 1 1 1 1 1 1 1 1 1 1 1 1 1 1 1 1 1 1 1 1 1 1 1 1 1 1 1 1 1 1 1 7 1 1 1 1 1 1 1 1 1 100 1 100 1 1
staticfield java/lang/Integer TYPE Ljava/lang/Class; java/lang/Class
staticfield java/lang/Integer digits [C 36
staticfield java/lang/Integer DigitTens [B 100
staticfield java/lang/Integer DigitOnes [B 100
instanceKlass java/math/BigInteger
instanceKlass java/util/concurrent/atomic/AtomicLong
instanceKlass java/util/concurrent/atomic/AtomicInteger
instanceKlass java/lang/Long
instanceKlass java/lang/Integer
instanceKlass java/lang/Short
instanceKlass java/lang/Byte
instanceKlass java/lang/Double
instanceKlass java/lang/Float
ciInstanceKlass java/lang/Number 1 1 37 10 7 12 1 1 1 10 100 12 1 1 1 100 1 1 1 1 5 0 1 1 1 1 1 1 1 1 1 1 1 1 1 1 1 1 1
ciInstanceKlass java/lang/Thread$FieldHolder 1 1 48 10 7 12 1 1 1 9 7 12 1 1 1 9 12 1 1 9 12 1 1 9 12 1 1 9 12 1 1 1 1 1 1 1 1 1 1 100 1 100 1 1 1 1 100 1 1 1
ciInstanceKlass java/lang/Thread$Constants 0 0 59 7 1 10 7 12 1 1 1 100 1 10 10 7 12 1 1 1 7 1 8 1 10 12 1 9 7 12 1 1 1 7 1 7 1 10 12 1 10 12 1 9 12 1 1 1 1 1 1 1 1 1 1 1 1 1 1 1 1
ciInstanceKlass java/lang/ThreadGroup 1 1 411 10 7 12 1 1 1 9 7 12 1 1 1 8 1 9 12 1 1 7 1 9 12 1 1 9 12 1 1 10 7 12 1 1 1 10 12 1 1 10 12 1 10 12 1 10 12 1 10 12 1 1 10 12 1 1 10 12 1 10 12 1 1 10 12 1 10 12 1 10 100 12 1 1 1 10 12 1 1 18 12 1 1 11 7 12 1 1 1 10 7 12 1 1 1 10 7 12 1 10 12 1 1 10 12 1 1 10 12 1 1 10 100 12 1 1 1 10 12 1 11 12 1 1 11 7 12 1 1 11 12 1 1 10 12 1 1 10 12 1 10 12 1 11 12 1 11 12 1 1 100 1 10 10 12 1 100 1 10 18 12 1 1 11 7 12 1 1 1 11 12 1 1 9 12 1 1 10 12 1 1 8 1 10 7 12 1 1 1 10 100 12 1 1 1 10 12 1 1 11 12 10 12 1 1 10 12 1 1 11 7 1 9 12 1 7 1 10 8 1 10 12 1 1 10 12 1 1 8 1 10 12 1 10 7 12 1 1 1 10 12 1 1 10 7 1 8 1 10 8 1 10 12 1 10 12 1 8 1 9 12 1 1 9 12 1 10 100 12 1 1 1 100 9 12 1 1 7 1 9 12 1 10 12 10 12 1 1 100 10 12 9 12 1 10 12 1 100 1 10 11 12 1 1 7 1 10 10 12 1 10 12 1 1 1 1 1 1 1 1 1 1 1 1 1 1 1 1 1 1 3 1 1 1 1 1 1 1 1 1 1 1 1 100 1 1 1 1 1 1 1 1 1 1 1 1 1 1 1 1 1 1 1 1 1 1 1 1 1 1 1 1 1 1 1 1 1 1 1 1 1 1 1 1 1 1 1 16 15 10 12 16 16 15 10 12 16 15 10 100 12 1 1 1 1 1 100 1 100 1 1
staticfield java/lang/ThreadGroup $assertionsDisabled Z 1
ciInstanceKlass java/lang/Thread$UncaughtExceptionHandler 1 0 16 100 1 100 1 1 1 1 1 1 1 1 100 1 1 1
ciInstanceKlass java/security/AccessControlContext 1 1 374 9 7 12 1 1 1 9 12 1 1 10 100 12 1 1 1 8 1 10 100 12 1 1 1 10 7 12 1 1 1 9 12 1 9 12 1 1 9 12 1 1 10 7 12 1 1 7 1 10 12 1 11 7 12 1 1 1 11 12 1 11 12 1 11 12 1 1 7 1 11 12 1 1 10 12 1 10 7 12 1 1 1 9 100 12 1 1 1 10 7 12 1 1 1 11 100 12 1 1 1 10 7 1 100 1 8 1 10 12 1 10 12 1 1 7 1 10 7 12 1 1 1 9 12 1 9 12 1 9 12 1 9 12 1 1 9 12 1 1 9 12 1 9 12 1 10 7 12 1 1 1 9 12 1 10 12 1 1 10 12 1 1 8 1 10 12 1 1 10 12 1 1 10 7 12 1 1 1 7 1 10 10 12 1 1 10 7 12 1 1 1 10 8 1 10 7 12 1 1 8 1 10 7 12 1 1 8 1 8 1 10 12 1 8 1 10 12 1 8 1 10 12 1 10 12 1 10 12 1 1 8 1 8 1 100 1 10 12 1 10 12 1 1 100 1 10 12 1 8 1 10 12 1 10 12 1 10 8 1 10 12 1 1 10 12 1 1 10 12 1 1 10 12 1 1 10 12 1 10 12 1 11 10 12 1 10 12 1 1 10 10 10 12 1 1 1 1 1 1 1 1 1 1 1 1 1 1 1 1 1 1 1 1 1 1 1 1 100 1 1 1 1 1 1 1 1 1 1 1 1 1 1 1 1 1 1 1 1 1 1 1 1 1 1 1 1 1 1 1 1 1 1 1 1 1 1 1 1 1 1 1 1 1 1 1 1 1 1 1 1 3 1 1
instanceKlass java/lang/ThreadBuilders$BoundVirtualThread
instanceKlass java/lang/VirtualThread
ciInstanceKlass java/lang/BaseVirtualThread 0 0 36 10 100 12 1 1 1 100 1 1 1 1 1 1 1 1 1 1 1 1 1 1 1 1 1 1 1 1 100 1 100 1 1 100 1 1
ciInstanceKlass java/lang/VirtualThread 0 0 907 9 7 12 1 1 1 10 7 12 1 1 1 10 100 12 1 1 1 10 7 12 1 1 1 9 12 1 1 9 12 1 1 100 1 10 12 1 9 12 1 1 18 12 1 1 9 12 1 1 10 12 1 1 100 1 10 12 1 10 12 1 1 10 12 1 1 10 12 1 1 10 12 1 10 7 12 1 10 12 1 10 12 1 10 12 1 10 12 1 11 100 12 1 1 1 100 1 10 12 1 1 10 100 12 1 1 1 10 100 12 1 1 1 10 12 1 100 1 10 10 12 1 10 12 1 1 9 12 1 1 10 12 1 1 9 12 1 1 10 12 1 9 12 1 1 9 12 1 100 1 10 10 12 1 10 100 12 1 1 10 9 10 10 12 1 1 10 12 1 1 10 100 12 1 1 10 100 1 10 9 10 10 12 1 7 1 10 12 1 1 10 12 1 10 12 1 10 12 1 1 9 12 1 10 12 1 10 12 1 9 12 1 1 10 12 1 10 12 1 9 12 1 1 10 12 1 10 12 1 10 12 1 11 100 12 1 1 10 12 1 1 10 12 1 1 10 12 1 1 9 12 1 10 100 1 10 12 1 1 10 12 1 1 10 12 1 10 12 1 10 12 1 10 12 9 12 1 1 10 100 12 1 1 10 12 1 10 12 1 1 10 100 12 1 1 10 12 1 100 1 8 1 10 12 1 10 12 1 1 10 12 1 10 12 1 10 100 12 1 1 10 12 1 10 12 1 1 10 12 1 10 12 1 1 10 7 12 1 1 10 12 1 1 10 12 1 1 100 1 10 10 12 1 7 1 9 12 1 1 10 7 12 1 1 10 9 12 1 1 18 9 100 12 1 1 1 11 100 12 1 1 1 11 100 1 11 12 10 12 1 10 12 1 1 10 12 1 100 1 10 10 12 1 10 12 1 1 10 12 1 1 10 12 1 10 12 1 10 12 1 9 12 1 1 11 100 12 1 1 10 12 9 100 12 1 1 1 9 12 1 10 12 1 1 9 12 1 9 12 1 9 12 1 7 1 10 10 12 1 1 10 12 1 10 12 7 1 7 1 10 8 1 10 12 1 1 10 12 1 10 12 1 10 10 12 1 8 1 10 10 12 1 10 12 1 10 7 12 1 1 8 1 8 1 10 9 100 12 1 1 1 10 12 1 1 10 12 1 10 10 10 12 9 12 1 10 12 1 1 9 12 1 10 12 1 1 9 12 1 10 12 1 1 18 12 1 1 18 12 1 10 7 12 1 1 1 8 1 10 100 12 1 1 1 10 7 12 1 1 1 18 12 1 10 100 12 1 1 1 100 1 10 12 1 8 1 10 12 1 8 1 10 12 1 1 8 1 8 1 10 100 12 1 1 8 1 10 12 1 8 1 8 1 10 100 12 1 1 1 10 12 1 10 12 1 1 10 12 1 18 12 1 1 18 12 1 1 5 0 9 12 1 10 12 1 18 12 1 100 1 10 12 10 7 12 1 1 10 12 1 1 7 1 8 1 10 10 12 1 10 12 1 1 10 12 1 9 12 1 8 10 12 1 1 8 8 9 12 1 8 10 12 1 1 3 1 3 1 3 1 3 1 3 1 3 1 3 1 3 1 3 1 3 1 3 1 3 3 1 3 1 1 1 1 1 1 1 1 1 1 1 1 1 1 7 1 1 1 1 1 1 1 1 1 1 1 1 1 1 7 1 1 1 1 1 1 1 1 1 1 1 7 1 1 1 1 1 1 1 1 1 1 1 1 1 1 1 1 1 1 1 1 1 1 1 1 1 1 1 1 1 1 1 1 1 1 1 1 1 1 1 100 1 1 1 1 1 1 1 1 1 1 1 1 1 1 1 1 1 1 1 1 1 1 1 1 1 1 1 1 1 1 1 1 1 1 1 100 1 1 1 1 1 1 1 1 1 1 1 1 1 1 100 1 1 16 15 10 12 15 16 15 10 12 16 15 10 12 16 16 15 10 12 16 15 10 12 16 15 10 12 16 15 10 12 16 1 15 10 100 12 1 1 1 1 1 1 1 7 1 1 100 1 100 1 1
ciInstanceKlass java/lang/ThreadBuilders$BoundVirtualThread 0 0 132 10 7 12 1 1 1 9 7 12 1 1 1 10 7 12 1 1 1 9 12 1 1 10 12 1 1 10 12 1 1 9 12 1 1 10 7 12 1 1 1 10 12 1 1 7 1 8 1 10 12 1 10 12 1 1 10 12 1 1 10 12 1 1 10 7 12 1 1 1 8 1 10 12 1 8 1 10 12 1 1 10 100 12 1 1 9 100 12 1 1 1 10 12 1 1 10 10 12 1 1 1 1 1 1 1 1 1 1 1 1 1 1 1 1 1 1 1 1 1 1 1 1 1 1 1 1 100 1 1 1 1
ciInstanceKlass jdk/internal/vm/ContinuationScope 0 0 50 10 100 12 1 1 1 10 100 12 1 1 1 100 1 9 100 12 1 1 1 10 12 1 1 10 100 12 1 1 1 10 12 1 1 10 12 1 1 1 1 1 1 1 1 1 1 1 1 1
ciInstanceKlass jdk/internal/vm/StackChunk 0 0 32 10 100 12 1 1 1 9 100 12 1 1 1 9 12 1 1 9 12 1 1 1 1 1 1 1 1 1 1 1 1 1
ciInstanceKlass java/lang/Float 1 1 279 7 1 7 1 10 100 12 1 1 1 10 100 12 1 1 1 4 7 1 10 12 1 1 10 12 1 1 8 1 8 1 10 7 12 1 1 1 10 12 1 1 10 12 1 1 10 100 1 4 10 7 12 1 1 9 12 1 1 10 12 1 1 10 12 1 10 10 12 1 1 10 12 1 10 12 1 3 3 100 1 4 4 4 3 10 12 1 1 9 12 1 1 100 1 10 3 3 4 4 10 12 1 3 3 3 10 12 1 1 10 12 1 1 10 12 1 10 100 12 1 1 1 10 12 1 1 10 12 1 1 10 7 12 1 1 1 8 1 10 12 1 1 9 12 1 1 7 1 7 1 7 1 1 1 1 4 1 4 1 1 1 4 1 1 3 1 3 1 3 1 3 1 3 1 1 1 1 5 0 1 1 1 1 1 1 1 1 1 1 100 1 1 1 1 1 1 1 1 1 1 1 1 1 3 1 1 1 1 1 1 1 1 1 1 1 1 1 1 1 1 1 1 1 1 1 1 1 1 1 1 1 1 1 1 1 1 1 1 1 1 1 1 1 1 1 1 1 1 1 1 1 1 1 1 1 1 1 1 1 1 1 1 1 1 1 7 1 1 1 1 1 1 1 100 1 100 1 1
staticfield java/lang/Float TYPE Ljava/lang/Class; java/lang/Class
staticfield java/lang/Float $assertionsDisabled Z 1
ciInstanceKlass java/lang/Double 1 1 290 7 1 7 1 10 100 12 1 1 1 10 12 1 1 10 7 1 10 12 1 1 10 100 12 1 1 1 6 0 8 1 10 12 1 1 8 1 10 12 1 1 8 1 6 0 10 12 1 1 100 1 5 0 5 0 8 1 8 1 10 7 12 1 1 1 10 7 12 1 1 1 8 1 10 12 1 1 8 1 8 1 8 1 10 12 1 1 10 12 1 10 12 1 1 10 12 1 10 12 1 10 12 1 1 10 12 1 10 7 1 6 0 10 7 12 1 1 9 12 1 1 10 12 1 10 12 1 10 12 1 10 12 1 10 12 1 5 0 10 12 1 1 10 12 1 10 12 1 10 100 12 1 1 1 10 12 1 1 10 12 1 1 8 1 10 7 12 1 1 1 9 12 1 1 7 1 7 1 7 1 1 1 6 0 1 6 0 1 6 0 1 1 1 6 0 1 1 3 1 3 1 3 1 3 1 3 1 1 1 1 5 0 1 1 1 1 1 1 1 1 1 1 1 1 1 1 1 1 100 1 1 1 1 1 1 1 1 1 1 1 1 3 1 1 1 1 1 1 1 1 1 1 1 1 1 1 1 1 1 1 1 1 1 1 1 1 1 1 1 1 1 1 1 1 1 1 7 1 1 1 1 1 1 1 100 1 100 1 1
staticfield java/lang/Double TYPE Ljava/lang/Class; java/lang/Class
ciInstanceKlass java/lang/Byte 1 1 213 7 1 100 1 10 7 12 1 1 1 9 12 1 1 8 1 9 12 1 1 7 1 10 12 1 1 10 12 1 1 10 100 12 1 1 1 10 100 12 1 1 1 9 7 12 1 1 1 10 12 1 1 100 1 7 1 10 12 1 1 8 1 10 12 1 1 8 1 10 12 1 10 12 1 10 12 1 10 12 1 1 10 12 1 10 12 1 10 12 1 1 10 8 1 8 1 10 7 1 9 12 1 1 10 12 1 1 10 12 1 1 10 12 1 1 10 12 1 5 0 10 12 1 1 8 1 10 7 12 1 1 1 9 12 1 1 7 1 7 1 1 1 3 1 3 1 1 1 1 3 1 3 1 1 5 0 1 1 1 1 1 1 1 1 1 1 1 1 1 1 1 1 1 1 1 1 1 1 1 1 1 1 1 1 1 1 1 1 1 1 1 1 1 1 1 1 1 1 1 1 1 1 1 1 1 1 1 1 1 1 1 1
staticfield java/lang/Byte TYPE Ljava/lang/Class; java/lang/Class
ciInstanceKlass java/lang/Short 1 1 222 7 1 7 1 100 1 10 7 12 1 1 1 10 12 1 1 100 1 7 1 10 12 1 1 8 1 10 12 1 1 8 1 10 12 1 10 12 1 10 12 1 10 12 1 1 10 12 1 1 10 12 1 9 12 1 1 8 1 9 12 1 1 7 1 10 12 1 1 10 12 1 10 100 12 1 1 1 10 100 12 1 1 1 9 100 12 1 1 1 10 12 1 10 12 1 1 10 8 1 8 1 10 7 1 9 12 1 1 10 12 1 1 10 12 1 1 10 12 1 1 10 12 1 3 3 5 0 10 12 1 1 8 1 10 7 12 1 1 1 9 12 1 1 7 1 7 1 1 1 3 1 3 1 1 1 1 3 1 3 1 1 5 0 1 1 1 1 1 1 1 1 1 1 1 1 1 1 1 1 1 1 1 1 1 1 1 1 1 1 1 3 1 1 1 1 1 1 1 1 1 1 1 1 1 1 1 1 1 1 1 1 1 1 1 1 1 1 1 1 1 1
staticfield java/lang/Short TYPE Ljava/lang/Class; java/lang/Class
ciInstanceKlass java/lang/Long 1 1 524 7 1 7 1 7 1 7 1 10 12 1 1 9 12 1 1 9 7 12 1 1 1 10 100 12 1 1 1 10 12 1 1 10 100 12 1 1 1 10 10 12 10 12 1 10 12 1 10 12 1 5 0 5 0 7 1 10 12 1 1 10 12 1 1 10 12 1 10 12 1 10 12 1 10 12 1 1 10 100 12 1 1 10 12 1 10 12 1 1 10 12 1 1 10 12 1 1 10 12 1 1 10 100 12 1 1 1 10 12 1 1 10 12 1 10 12 1 10 12 1 10 12 1 1 10 10 12 1 5 0 5 0 9 12 1 1 9 12 1 5 0 100 1 8 1 10 12 1 8 1 10 12 1 8 1 8 1 10 12 1 1 5 0 10 12 1 1 5 0 10 12 1 1 10 12 1 1 10 100 12 1 1 1 11 7 1 10 12 1 1 11 10 12 1 1 8 1 10 12 1 1 8 1 7 1 10 12 1 1 10 12 1 8 1 8 1 11 12 1 1 10 12 1 10 12 1 10 12 1 5 0 5 0 9 7 12 1 1 1 10 12 1 10 12 1 1 8 1 8 1 10 12 1 1 8 1 8 1 8 1 8 1 8 1 8 1 10 12 1 10 7 1 9 12 1 1 10 12 1 10 12 1 1 10 12 1 1 10 7 12 1 1 1 100 1 100 1 10 12 1 1 10 12 1 1 5 0 10 12 1 10 12 1 5 0 5 0 5 0 10 12 1 1 10 12 1 5 0 5 0 10 12 1 10 12 1 10 100 12 1 1 1 10 12 1 1 10 12 1 1 8 1 10 7 12 1 1 1 9 12 1 1 7 1 7 1 7 1 1 1 1 5 0 1 1 1 1 3 1 3 1 5 0 1 1 1 1 1 1 1 1 1 100 1 1 1 1 1 1 1 1 1 1 1 1 1 1 1 1 1 1 1 1 1 1 1 1 1 1 1 1 1 1 1 1 1 1 1 1 1 1 1 1 1 1 1 1 1 1 1 1 1 1 1 1 1 1 1 3 1 1 1 1 1 1 1 1 1 1 1 1 1 1 1 7 1 1 1 1 1 1 1 1 1 1 1 1 1 1 1 1 1 1 1 1 1 1 1 1 1 1 1 1 1 1 1 1 1 1 1 1 1 1 1 1 1 1 1 7 1 1 1 1 1 1 1 1 1 100 1 100 1 1
staticfield java/lang/Long TYPE Ljava/lang/Class; java/lang/Class
ciInstanceKlass jdk/internal/vm/vector/VectorSupport 0 0 573 100 1 10 100 12 1 1 1 9 12 1 1 10 12 1 1 100 1 10 12 1 11 100 12 1 1 1 11 100 12 1 1 1 11 100 12 1 1 11 100 12 1 1 11 100 12 1 1 1 11 100 12 1 1 11 100 12 1 1 11 100 12 1 1 11 100 12 1 1 11 100 12 1 1 11 100 12 1 1 11 100 12 1 1 1 11 100 12 1 1 11 100 12 1 1 1 11 100 12 1 1 1 11 100 12 1 1 11 100 12 1 1 1 11 100 12 1 1 100 1 10 12 1 1 11 100 12 1 1 11 100 12 1 1 11 100 12 1 1 11 100 12 1 1 11 100 12 1 1 11 100 12 1 1 9 12 1 1 10 100 12 1 1 11 100 12 1 1 10 12 1 1 10 100 12 1 1 1 10 12 1 10 12 1 1 10 12 1 1 1 1 1 3 1 3 1 3 1 3 1 3 1 3 1 3 1 3 1 3 1 3 1 3 1 3 1 3 1 3 1 3 1 3 1 3 1 3 1 3 1 3 1 3 1 3 1 3 1 3 1 3 1 3 1 3 1 3 1 3 1 3 1 3 1 3 1 3 1 3 1 3 1 3 1 3 1 3 1 3 1 3 1 3 1 3 1 3 1 3 1 3 1 3 1 3 1 3 1 3 1 3 1 3 1 3 1 3 1 1 1 1 1 1 1 1 1 1 1 1 1 1 1 1 1 1 1 1 1 1 1 1 1 1 1 1 1 1 1 1 1 1 1 1 1 1 1 1 1 1 1 1 1 1 1 1 1 1 1 1 1 1 1 1 1 1 1 1 1 1 1 1 1 1 1 1 1 1 1 1 1 1 1 1 1 1 1 1 1 1 1 1 1 1 1 1 1 1 1 1 1 1 1 1 1 1 1 1 1 1 1 1 1 1 1 1 1 1 1 1 1 1 1 1 1 1 1 1 1 1 1 1 1 1 1 1 1 1 1 1 1 1 1 1 1 1 1 1 1 1 1 1 1 1 1 1 1 1 1 1 1 1 1 1 1 1 1 1 1 1 1 1 1 1 1 1 1 1 1 1 1 1 1 1 1 1 1 1 1 1 1 1 1 1 1 1 1 1 1 1 1 1 1 1 1 1 1 1 1 1 1 1 1 1 1 1 1 1 1 1 1 1 1 1 1 1 1 1 1 1 1 1 1 1 1 1 1 1 1 1 1 1 1 100 1 100 1 100 1 100 1 100 1 1 1 1 1 1 1 1 1 1 1 1 1 1 1 1 1 1 1 1 1 1 1 1 1 1 1 1 1 1 1
instanceKlass jdk/internal/vm/vector/VectorSupport$VectorShuffle
instanceKlass jdk/internal/vm/vector/VectorSupport$VectorMask
instanceKlass jdk/internal/vm/vector/VectorSupport$Vector
ciInstanceKlass jdk/internal/vm/vector/VectorSupport$VectorPayload 0 0 32 10 100 12 1 1 1 9 100 12 1 1 1 10 100 12 1 1 1 1 1 1 1 1 1 1 1 1 1 1 1 1
ciInstanceKlass jdk/internal/vm/vector/VectorSupport$Vector 0 0 28 10 100 12 1 1 1 100 1 1 1 1 1 1 1 1 1 1 1 1 1 1 1 100 1 1 1 1
ciInstanceKlass jdk/internal/vm/vector/VectorSupport$VectorMask 0 0 28 10 100 12 1 1 1 100 1 1 1 1 1 1 1 1 1 1 1 1 1 1 1 100 1 1 1 1
ciInstanceKlass jdk/internal/vm/vector/VectorSupport$VectorShuffle 0 0 28 10 100 12 1 1 1 100 1 1 1 1 1 1 1 1 1 1 1 1 1 1 1 100 1 1 1 1
ciInstanceKlass jdk/internal/vm/FillerObject 0 0 16 10 100 12 1 1 1 100 1 1 1 1 1 1 1 1
instanceKlass java/lang/ref/PhantomReference
instanceKlass java/lang/ref/FinalReference
instanceKlass java/lang/ref/WeakReference
instanceKlass java/lang/ref/SoftReference
ciInstanceKlass java/lang/ref/Reference 1 1 190 9 7 12 1 1 1 9 7 12 1 1 10 12 1 1 10 12 1 1 9 12 1 1 10 12 1 1 9 12 1 1 9 12 1 1 7 1 10 12 1 10 7 12 1 1 10 12 1 10 12 1 1 10 12 1 7 1 8 1 10 12 1 1 7 1 10 12 1 1 10 12 1 1 10 12 1 9 12 1 10 12 1 1 10 12 1 10 12 1 9 12 1 7 1 100 1 10 12 9 12 1 9 12 1 100 1 10 10 12 1 10 10 7 12 1 1 7 1 10 10 7 12 1 1 1 1 1 1 1 1 1 1 1 1 1 1 1 1 1 1 1 7 1 1 1 100 1 1 1 1 1 1 1 1 1 1 1 1 1 1 1 1 1 1 1 1 1 1 1 1 1 1 1 1 1 1 1 1 1 1 1 7 1 7 1 7 1 1 1
staticfield java/lang/ref/Reference processPendingLock Ljava/lang/Object; java/lang/Object
staticfield java/lang/ref/Reference $assertionsDisabled Z 1
instanceKlass sun/security/util/MemoryCache$SoftCacheEntry
instanceKlass java/lang/invoke/LambdaFormEditor$Transform
instanceKlass sun/util/locale/LocaleObjectCache$CacheEntry
ciInstanceKlass java/lang/ref/SoftReference 1 1 47 10 7 12 1 1 1 9 7 12 1 1 1 9 12 1 10 12 1 10 12 1 1 1 1 1 1 1 1 1 1 1 1 1 1 1 1 1 1 1 1 100 1 1 1 1 1
instanceKlass java/util/logging/LogManager$LoggerWeakRef
instanceKlass java/util/logging/Level$KnownLevel
instanceKlass jdk/internal/util/WeakReferenceKey
instanceKlass java/lang/ThreadLocal$ThreadLocalMap$Entry
instanceKlass java/util/WeakHashMap$Entry
ciInstanceKlass java/lang/ref/WeakReference 1 1 31 10 7 12 1 1 1 10 12 1 100 1 1 1 1 1 1 1 1 1 1 1 1 1 1 1 1 1 1 1 1
instanceKlass java/lang/ref/Finalizer
ciInstanceKlass java/lang/ref/FinalReference 1 1 50 10 7 12 1 1 1 10 7 12 1 1 1 10 12 1 1 7 1 8 1 10 12 1 1 1 1 1 1 1 1 1 1 1 1 1 1 1 1 1 1 1 1 1 1 1 1 1 7 1
instanceKlass jdk/internal/ref/PhantomCleanable
instanceKlass jdk/internal/ref/Cleaner
ciInstanceKlass java/lang/ref/PhantomReference 1 1 39 10 100 12 1 1 1 10 7 12 1 1 1 1 1 1 1 1 1 1 1 1 1 1 1 1 1 1 1 1 1 1 1 1 1 1 1 1 1
ciInstanceKlass java/lang/ref/Finalizer 1 1 155 9 7 12 1 1 1 10 7 12 1 1 1 9 12 1 1 9 12 1 1 9 12 1 9 12 1 9 12 1 1 10 12 1 7 1 8 1 10 12 1 10 12 1 1 9 12 1 100 1 10 12 1 7 1 11 100 12 1 1 10 12 1 7 1 10 12 1 100 1 10 12 1 10 7 12 1 1 1 10 100 12 1 1 1 100 1 10 10 12 1 7 1 10 12 1 7 1 10 12 1 1 10 12 1 1 10 12 1 10 7 12 1 1 1 7 1 10 7 1 10 10 12 1 1 1 1 1 1 1 1 1 1 1 1 1 1 1 1 1 1 1 1 1 1 1 1 1 1 1 1 1 1 1 1
staticfield java/lang/ref/Finalizer lock Ljava/lang/Object; java/lang/Object
staticfield java/lang/ref/Finalizer ENABLED Z 1
staticfield java/lang/ref/Finalizer $assertionsDisabled Z 1
instanceKlass java/util/stream/MatchOps$MatchKind
instanceKlass com/android/tools/r8/internal/If0
instanceKlass com/android/tools/r8/internal/SS
instanceKlass com/android/tools/r8/internal/Gx0
instanceKlass com/android/tools/r8/internal/vw
instanceKlass com/android/tools/r8/internal/U60$a
instanceKlass com/android/tools/r8/internal/W5
instanceKlass com/android/tools/r8/internal/XJ
instanceKlass com/android/tools/r8/internal/tX
instanceKlass com/android/tools/r8/internal/oy
instanceKlass com/android/tools/r8/internal/PK
instanceKlass com/android/tools/r8/internal/H6
instanceKlass com/android/tools/r8/graph/V2
instanceKlass com/android/tools/r8/internal/LY
instanceKlass com/android/tools/r8/internal/ze$a
instanceKlass com/android/tools/r8/internal/sa
instanceKlass com/android/tools/r8/internal/Ox0
instanceKlass com/android/tools/r8/internal/Eb$a
instanceKlass com/android/tools/r8/internal/W8$a
instanceKlass com/android/tools/r8/internal/nb$a
instanceKlass com/android/tools/r8/internal/aC
instanceKlass com/android/tools/r8/internal/MW
instanceKlass com/android/tools/r8/internal/I20
instanceKlass com/android/tools/r8/internal/Mx0
instanceKlass com/android/tools/r8/internal/Fs0$a
instanceKlass com/android/tools/r8/graph/k1
instanceKlass com/android/tools/r8/ir/optimize/N$a
instanceKlass com/android/tools/r8/graph/G3$k
instanceKlass com/android/tools/r8/internal/Ac0
instanceKlass com/android/tools/r8/ProgramResource$Kind
instanceKlass com/android/tools/r8/graph/C2
instanceKlass com/android/tools/r8/dex/W$b
instanceKlass com/android/tools/r8/AssertionsConfiguration$a
instanceKlass com/android/tools/r8/internal/QJ$i
instanceKlass com/android/tools/r8/internal/S70
instanceKlass sun/util/logging/PlatformLogger$Level
instanceKlass jdk/internal/logger/BootstrapLogger$LoggingBackend
instanceKlass com/android/tools/r8/internal/O40
instanceKlass com/android/tools/r8/internal/Vs
instanceKlass com/android/tools/r8/dex/W$a
instanceKlass java/util/stream/Collector$Characteristics
instanceKlass java/util/stream/StreamShape
instanceKlass java/util/stream/StreamOpFlag$Type
instanceKlass java/util/stream/StreamOpFlag
instanceKlass com/android/tools/r8/internal/B2
instanceKlass com/android/tools/r8/internal/ZV
instanceKlass java/nio/file/AccessMode
instanceKlass com/android/tools/r8/CompilationMode
instanceKlass com/android/tools/r8/internal/QJ$f
instanceKlass com/android/tools/r8/OutputMode
instanceKlass com/android/tools/r8/DiagnosticsLevel
instanceKlass java/math/RoundingMode
instanceKlass com/android/tools/r8/l
instanceKlass jdk/internal/icu/util/CodePointTrie$ValueWidth
instanceKlass jdk/internal/icu/util/CodePointTrie$Type
instanceKlass java/text/Normalizer$Form
instanceKlass java/time/temporal/ChronoUnit
instanceKlass java/time/temporal/ChronoField
instanceKlass java/util/regex/Pattern$Qtype
instanceKlass sun/security/util/DisabledAlgorithmConstraints$Constraint$Operator
instanceKlass java/lang/System$Logger$Level
instanceKlass sun/security/rsa/RSAUtil$KeyType
instanceKlass sun/security/util/KnownOIDs
instanceKlass java/lang/invoke/MethodHandles$Lookup$ClassOption
instanceKlass java/lang/invoke/VarHandle$AccessType
instanceKlass java/lang/invoke/VarHandle$AccessMode
instanceKlass java/lang/invoke/MethodHandleImpl$Intrinsic
instanceKlass java/lang/invoke/LambdaForm$BasicType
instanceKlass java/lang/invoke/LambdaForm$Kind
instanceKlass sun/invoke/util/Wrapper
instanceKlass java/util/zip/ZipCoder$Comparison
instanceKlass java/nio/file/LinkOption
instanceKlass java/util/concurrent/TimeUnit
instanceKlass sun/nio/fs/WindowsPathType
instanceKlass java/nio/file/StandardOpenOption
instanceKlass java/io/File$PathStatus
instanceKlass java/lang/module/ModuleDescriptor$Requires$Modifier
instanceKlass java/lang/reflect/AccessFlag$Location
instanceKlass java/lang/reflect/AccessFlag
instanceKlass java/lang/module/ModuleDescriptor$Modifier
instanceKlass java/lang/reflect/ClassFileFormatVersion
instanceKlass java/lang/Thread$State
ciInstanceKlass java/lang/Enum 1 1 204 9 7 12 1 1 1 9 12 1 1 10 7 12 1 1 1 9 12 1 10 7 12 1 1 1 100 1 10 10 12 1 1 10 12 1 7 1 10 10 7 12 1 1 10 12 1 1 18 12 1 1 10 100 12 1 1 1 10 12 1 1 11 7 12 1 1 1 100 1 8 1 10 12 1 100 1 7 1 10 8 1 10 12 1 1 10 12 1 1 8 1 10 12 1 10 100 1 8 1 10 10 12 1 1 10 100 12 1 1 1 7 1 7 1 7 1 1 1 1 1 1 1 1 1 1 1 1 1 1 1 1 1 1 1 1 1 1 1 1 1 1 1 1 1 1 1 1 1 1 1 1 1 1 1 1 1 1 1 1 1 1 1 3 1 1 1 1 100 1 7 1 1 100 1 1 1 1 1 1 1 1 1 1 1 16 15 10 12 16 15 10 100 12 1 1 1 1 1 100 1 100 1 1
ciInstanceKlass java/lang/reflect/Method 1 1 472 9 7 12 1 1 1 10 100 12 1 1 1 10 100 12 1 1 9 12 1 1 10 12 1 1 10 12 1 1 10 100 12 1 1 10 7 12 1 1 1 9 12 1 1 9 12 1 9 12 1 1 9 12 1 9 12 1 9 12 1 1 9 12 1 9 12 1 1 9 12 1 9 12 1 9 12 1 1 100 1 8 1 10 12 1 10 12 1 9 12 1 1 8 1 10 7 12 1 1 10 7 12 1 1 1 10 12 1 1 10 12 1 1 10 12 1 10 12 1 1 10 12 1 1 9 100 12 1 1 1 10 12 1 1 10 12 10 7 12 1 1 10 12 1 1 10 12 1 10 12 1 10 12 1 10 7 12 1 1 1 10 12 1 1 10 7 1 10 7 12 1 1 1 10 100 12 1 1 10 12 1 1 10 12 1 1 10 12 1 10 7 12 1 1 1 10 12 1 10 8 1 10 12 1 10 12 1 100 1 8 1 8 1 8 1 10 12 1 10 12 1 1 10 12 1 1 10 10 12 1 1 10 12 1 11 7 1 10 12 1 9 12 1 1 10 12 1 1 10 12 1 10 12 1 1 10 12 1 1 11 7 12 1 1 1 11 12 1 9 12 1 1 10 12 1 10 12 1 10 12 1 10 12 1 10 12 1 10 12 1 9 12 1 1 10 7 12 1 1 1 10 7 12 1 1 10 12 1 1 10 100 12 1 1 1 10 100 12 1 1 1 10 100 12 1 1 1 11 100 12 1 1 1 10 100 12 1 1 1 100 1 100 1 100 1 10 12 1 10 12 1 1 10 12 1 100 1 8 1 10 12 1 10 10 12 1 1 10 12 1 1 10 12 1 1 10 12 1 1 8 1 10 12 1 1 1 1 1 1 1 1 1 1 1 1 1 1 1 1 1 1 1 1 1 1 1 1 1 1 1 1 1 1 1 1 1 1 1 1 1 1 1 1 1 1 1 1 1 1 1 1 1 1 1 1 1 100 1 100 1 100 1 1 1 1 1 1 1 1 1 1 1 1 1 1 1 1 1 1 1 1 1 1 1 1 1 1 1 1 1 1
ciInstanceKlass java/lang/reflect/Field 1 1 457 9 7 12 1 1 1 10 12 1 1 10 100 12 1 1 1 10 100 12 1 1 9 12 1 1 10 12 1 1 10 12 1 1 10 100 12 1 1 10 7 12 1 1 1 9 12 1 1 9 12 1 9 12 1 9 12 1 1 9 12 1 1 9 12 1 9 12 1 1 9 12 1 1 100 1 8 1 10 12 1 10 12 1 9 12 1 1 9 12 1 10 12 1 10 7 12 1 1 10 12 1 1 10 12 1 1 10 12 1 10 12 1 1 9 100 12 1 1 1 10 100 12 1 1 1 100 1 10 12 1 1 10 12 1 1 10 12 1 1 10 12 1 10 12 1 10 7 1 10 7 12 1 1 7 1 10 8 1 10 12 1 1 10 12 1 1 8 1 10 12 10 12 1 8 1 8 1 10 11 7 1 9 12 1 10 12 1 1 10 12 1 1 11 7 12 1 1 1 10 12 1 11 12 1 1 11 12 1 1 11 12 1 1 11 12 1 1 11 12 1 1 11 12 1 1 11 12 1 1 11 12 1 1 11 12 1 1 11 12 1 1 11 12 1 1 11 12 1 1 11 12 1 1 11 12 1 1 11 12 1 1 11 12 1 1 11 12 1 1 10 12 1 10 7 12 1 1 10 12 1 10 12 1 10 12 1 9 12 1 1 10 100 12 1 1 1 10 12 1 1 10 12 1 10 100 12 1 1 10 12 1 1 11 7 1 10 12 1 7 1 10 100 12 1 1 1 10 100 12 1 1 1 9 12 1 10 100 12 1 1 1 11 100 12 1 1 1 10 12 1 1 10 12 1 1 9 100 12 1 1 10 100 12 1 1 1 10 12 1 1 7 1 1 1 1 1 1 1 1 1 1 1 1 1 1 1 1 1 1 1 1 1 1 1 1 1 1 1 1 1 1 1 1 1 1 1 1 1 1 1 100 1 1 1 1 1 1 1 1 1 1 1 1 1 1 1 1 1 1 1 1 1 1 1 1 1 1 1 1 1 1 1 1 7 1 1 1 1 1 1 1 1 1 100 1 1
ciInstanceKlass java/lang/reflect/Parameter 0 0 243 10 7 12 1 1 1 9 7 12 1 1 1 9 12 1 1 9 12 1 1 9 12 1 10 12 1 1 10 12 1 1 10 7 12 1 1 1 7 1 10 10 12 1 1 11 7 12 1 1 1 10 12 1 10 100 12 1 1 1 10 12 1 1 10 12 1 10 12 1 8 1 8 1 10 7 12 1 1 1 10 12 1 10 12 9 100 12 1 1 1 10 100 12 1 1 1 10 12 1 8 1 10 12 1 9 12 1 1 10 12 1 1 9 12 1 1 10 12 1 1 10 12 1 1 10 12 1 1 10 12 1 10 10 12 1 10 100 12 1 1 1 10 12 1 1 11 7 12 1 1 10 7 12 1 1 7 1 10 100 12 1 1 1 10 12 1 1 10 12 1 1 10 12 1 1 10 12 1 1 9 12 1 100 1 10 11 12 1 1 11 12 1 1 7 1 1 1 1 1 1 1 1 1 1 1 1 1 1 1 1 1 1 1 1 1 1 1 1 1 1 1 1 1 1 1 1 1 1 1 1 1 1 1 1 1 100 1 1 1 1 1 1
ciInstanceKlass java/lang/reflect/RecordComponent 0 0 196 10 7 12 1 1 1 9 7 12 1 1 1 9 12 1 1 9 12 1 10 12 1 1 10 12 1 1 10 100 12 1 1 1 10 12 1 1 9 12 1 1 10 12 1 1 10 12 1 1 10 12 1 10 100 12 1 1 10 100 12 1 1 9 12 1 1 10 100 12 1 1 1 11 100 12 1 1 1 10 9 100 12 1 1 1 10 100 12 1 1 1 9 12 1 1 10 100 12 1 1 1 10 12 1 1 11 7 12 1 1 10 7 12 1 1 7 1 9 12 1 9 12 1 1 9 12 1 10 100 12 1 1 1 10 12 1 1 10 12 1 1 7 1 10 10 12 1 10 12 1 1 8 1 10 12 1 10 12 1 9 12 1 7 1 1 1 1 1 1 1 1 1 1 1 1 1 1 1 1 1 1 1 1 1 1 7 1 1 1 1 1 1 100 1 1
ciInstanceKlass java/lang/StringBuffer 0 0 483 10 7 12 1 1 1 10 12 1 10 12 1 10 12 1 1 9 7 12 1 1 1 10 12 1 1 10 12 1 10 12 1 1 9 12 1 1 10 12 1 10 12 1 1 10 12 1 1 10 12 1 10 12 1 1 10 12 1 10 12 1 1 10 12 1 1 10 7 12 1 1 1 10 12 1 1 10 12 1 10 12 1 10 12 1 10 12 1 10 12 1 10 12 1 10 12 1 10 12 1 10 12 1 10 12 1 10 12 1 10 12 1 10 12 1 10 12 1 1 10 12 1 10 12 1 1 10 12 1 1 10 10 12 1 1 10 12 1 10 12 1 10 12 1 10 12 1 10 12 1 10 12 1 10 12 10 12 1 10 12 1 10 12 1 10 12 1 1 10 12 1 10 12 1 10 10 12 1 1 10 12 1 10 12 1 10 12 1 10 10 100 12 1 1 1 10 10 12 1 1 9 12 1 1 10 100 12 1 1 10 100 1 8 10 100 12 1 1 1 8 10 12 1 8 1 10 12 1 10 12 1 10 100 12 1 1 1 10 100 12 1 1 1 100 1 10 12 100 1 8 1 10 10 12 1 1 10 12 1 1 10 12 1 10 12 1 10 12 1 1 10 12 1 10 12 1 10 12 1 10 12 1 10 12 1 10 12 10 12 1 10 12 1 10 12 1 10 12 1 10 12 1 10 12 1 10 12 1 10 12 1 10 12 1 10 12 1 10 12 10 12 10 12 1 10 12 1 10 12 1 10 12 10 12 1 10 12 1 10 12 1 10 12 1 10 12 1 10 12 1 10 12 1 10 12 1 10 12 1 10 12 1 10 12 1 100 1 10 12 1 9 7 12 1 1 1 9 7 1 9 12 1 1 7 1 7 1 7 1 7 1 1 1 1 5 0 1 1 1 1 1 1 1 1 1 1 1 1 1 1 1 1 1 1 1 1 1 1 1 1 1 1 1 1 1 1 1 1 1 1 1 1 1 1 1 1 1 1 1 1 1 1 1 1 1 1 1 1 1 1 1 1 1 1 1 1 1 100 1 1 1 1 1 7 1 1 1 1 1 1 1 1 1 1 1 1 1 1 1 1 1 1
instanceKlass jdk/internal/loader/BuiltinClassLoader
instanceKlass java/net/URLClassLoader
ciInstanceKlass java/security/SecureClassLoader 1 1 102 10 7 12 1 1 1 7 1 10 12 1 9 7 12 1 1 1 10 12 1 10 12 1 10 12 1 1 10 12 1 1 10 12 1 7 1 10 7 1 10 12 1 7 1 10 12 1 11 7 12 1 1 1 7 1 11 12 1 10 12 1 1 1 1 1 1 1 1 1 1 1 1 1 1 1 1 1 1 1 1 1 1 1 1 1 1 1 1 1 1 1 1 1 1 1 1 100 1 1 1 1
ciInstanceKlass java/net/URLClassLoader 0 0 600 10 7 12 1 1 1 100 1 10 12 1 9 7 12 1 1 1 10 7 12 1 1 1 9 12 1 1 100 1 10 12 1 9 12 1 1 10 12 1 10 10 12 1 10 100 12 1 1 1 10 12 1 1 10 7 12 1 1 1 10 100 12 1 1 1 100 1 10 12 1 1 10 12 1 1 10 12 1 1 100 1 100 1 10 7 12 1 1 1 100 1 8 1 10 12 1 10 7 12 1 1 1 10 12 1 1 10 12 1 1 11 100 12 1 1 1 11 7 12 1 1 1 11 12 1 1 7 1 11 12 1 11 7 12 1 1 10 12 1 11 12 1 11 12 1 1 11 10 12 1 1 10 12 1 1 10 12 1 1 100 1 10 12 1 10 12 1 1 7 1 100 1 10 12 1 1 7 1 10 10 12 1 1 10 100 12 1 1 10 12 1 100 1 7 1 10 8 1 10 12 1 1 8 1 10 12 1 1 10 10 12 1 8 1 8 1 10 12 1 1 10 7 12 1 1 1 10 100 12 1 1 1 10 12 1 1 10 12 1 1 10 12 1 1 10 12 1 10 12 1 100 1 100 1 8 1 10 12 1 10 12 1 1 10 12 1 1 7 1 10 12 1 10 100 12 1 1 1 10 12 1 1 10 12 1 1 10 12 1 1 10 12 1 10 100 12 1 1 1 10 12 1 1 8 1 10 12 1 1 11 100 12 1 1 1 9 100 12 1 1 1 10 100 12 1 1 1 9 12 1 9 12 1 9 12 1 9 12 1 9 12 1 9 12 1 10 7 12 1 1 1 8 1 10 12 1 1 100 1 10 10 12 1 10 12 1 1 10 12 1 1 100 1 10 12 1 10 12 1 1 10 12 1 10 12 1 1 100 1 10 100 12 1 1 9 100 12 1 1 1 10 12 1 8 1 100 1 8 1 10 12 1 10 12 1 8 1 10 12 1 10 12 1 9 12 1 1 10 100 12 1 1 10 12 1 10 12 1 10 100 1 8 1 10 100 1 10 12 1 10 100 12 1 100 1 10 12 1 10 12 1 100 1 10 10 7 12 1 1 1 1 1 1 1 1 1 1 1 1 1 1 1 1 1 1 1 1 1 1 1 1 1 1 1 1 1 1 1 1 1 1 1 1 1 7 1 100 1 7 1 7 1 1 1 1 1 1 1 1 1 1 1 1 1 1 1 1 1 1 1 1 1 1 1 1 1 1 1 1 1 1 1 1 1 1 1 1 1 1 1 1 1 1 1 1 1 1 100 1 1 1 1 1 1 1 1 1 1 1 1 1 1 1 1 1 1 1 1 1 1 1 1 1 1 1 1 1 1 1 1 1 1 1 1 1 100 1 1 1
ciInstanceKlass java/util/jar/Manifest 1 1 339 10 7 12 1 1 1 7 1 10 9 7 12 1 1 1 7 1 10 9 12 1 1 9 12 1 1 10 12 1 10 12 1 1 10 12 1 1 10 12 1 1 10 12 1 1 11 7 1 11 12 1 1 10 12 1 1 10 100 12 1 1 1 100 1 7 1 10 8 1 10 12 1 1 10 12 1 1 10 12 1 10 12 1 11 100 1 10 12 1 10 12 1 1 11 12 1 1 10 12 1 11 12 1 1 11 100 12 1 1 1 11 7 12 1 1 11 12 1 1 100 1 10 12 1 8 1 11 12 1 7 1 10 12 1 1 11 12 1 10 12 1 10 12 1 10 7 12 1 1 1 8 1 10 12 1 1 10 9 7 12 1 1 1 10 12 1 1 10 100 12 1 10 12 1 10 12 1 9 100 12 1 1 1 8 1 10 12 1 8 1 8 1 7 1 10 12 1 10 12 1 10 12 1 1 100 1 8 1 10 12 1 1 8 1 10 10 12 1 1 8 1 10 12 1 1 10 7 12 1 1 1 10 12 1 10 11 12 1 1 10 12 1 10 7 12 1 1 1 10 12 1 1 10 12 1 10 12 1 1 11 10 12 1 11 10 12 1 7 1 1 1 1 1 1 1 1 1 1 1 1 1 1 1 1 1 1 1 1 1 1 1 1 1 1 1 1 1 1 1 1 1 1 1 1 1 1 1 1 1 1 1 100 1 1 1 1 1 1 1 1 1 1 1 1 1 1 7 1 1 1 1 1 1 1 1 1 1 1
ciInstanceKlass java/io/ByteArrayInputStream 1 1 117 10 7 12 1 1 1 9 7 12 1 1 1 9 12 1 1 9 12 1 9 12 1 10 100 12 1 1 1 10 7 12 1 1 1 10 7 12 1 1 1 10 100 12 1 1 1 10 12 1 1 3 10 100 1 10 100 12 1 1 1 9 12 1 1 100 1 10 10 7 12 1 1 1 1 1 1 1 1 1 1 1 1 1 1 1 1 1 1 1 1 1 1 1 1 1 1 1 1 1 1 1 100 1 1 1 1 1 1 1 1 1 1 1 1 1 1
staticfield java/io/ByteArrayInputStream $assertionsDisabled Z 1
instanceKlass java/nio/IntBuffer
instanceKlass java/nio/LongBuffer
instanceKlass java/nio/CharBuffer
instanceKlass java/nio/ByteBuffer
ciInstanceKlass java/nio/Buffer 1 1 256 100 1 10 7 12 1 1 1 9 7 12 1 1 1 9 12 1 9 12 1 1 9 12 1 9 12 1 1 10 12 1 1 10 12 1 1 10 12 100 1 7 1 10 8 1 10 12 1 1 10 12 1 8 1 8 1 10 12 1 1 10 12 1 8 1 9 12 1 1 100 1 8 1 10 12 1 8 1 8 1 9 12 10 12 1 8 1 8 1 8 1 10 12 1 8 1 8 1 8 1 100 1 10 100 1 10 100 1 10 9 12 1 1 10 7 12 1 1 1 100 1 10 12 1 1 10 12 1 10 100 12 1 1 10 7 12 1 1 1 10 7 12 1 1 1 9 12 1 1 10 7 12 1 1 1 9 12 1 1 7 1 10 10 12 1 1 7 1 10 10 7 12 1 1 1 1 1 3 1 1 1 1 1 1 1 1 1 1 1 1 1 1 100 1 1 1 1 1 1 1 7 1 1 1 1 1 1 1 1 1 1 1 1 1 1 1 1 1 1 1 1 1 1 1 1 1 1 1 1 1 1 1 1 1 1 1 1 1 1 1 100 1 100 1 100 1 100 1 100 1 100 1 100 1 1
staticfield java/nio/Buffer UNSAFE Ljdk/internal/misc/Unsafe; jdk/internal/misc/Unsafe
staticfield java/nio/Buffer SCOPED_MEMORY_ACCESS Ljdk/internal/misc/ScopedMemoryAccess; jdk/internal/misc/ScopedMemoryAccess
staticfield java/nio/Buffer IOOBE_FORMATTER Ljava/util/function/BiFunction; jdk/internal/util/Preconditions$4
staticfield java/nio/Buffer $assertionsDisabled Z 1
ciInstanceKlass java/util/Objects 1 1 184 10 7 12 1 1 1 100 1 8 1 10 12 1 10 12 1 1 10 7 12 1 1 1 10 12 1 1 10 12 1 10 7 12 1 1 1 10 12 1 1 10 7 12 1 1 1 7 1 10 10 12 1 1 10 7 12 1 1 10 12 1 1 8 1 10 7 12 1 1 1 10 7 12 1 1 1 10 11 100 12 1 1 1 100 1 10 10 12 1 8 1 10 12 1 8 1 100 1 11 12 1 1 8 1 10 7 12 1 1 1 10 12 1 1 10 12 1 10 12 1 10 12 1 10 12 1 1 1 1 1 1 1 1 1 1 1 1 1 1 1 1 1 1 1 1 1 1 1 1 1 1 1 1 1 1 1 1 1 1 1 1 1 1 1 1 1 1 1 1 1 1 1 1 1 1 1 1 1 1 1 1 1 1
ciMethod java/util/Objects hash ([Ljava/lang/Object;)I 1024 0 129673 0 336
ciMethod java/util/Objects requireNonNull (Ljava/lang/Object;)Ljava/lang/Object; 1024 0 2213776 0 -1
instanceKlass java/util/Collections$CopiesList
instanceKlass java/util/AbstractSequentialList
instanceKlass java/util/Collections$SingletonList
instanceKlass java/util/ArrayList$SubList
instanceKlass java/util/Vector
instanceKlass sun/security/jca/ProviderList$ServiceList
instanceKlass java/util/Arrays$ArrayList
instanceKlass sun/security/jca/ProviderList$3
instanceKlass java/util/Collections$EmptyList
instanceKlass java/util/ArrayList
ciInstanceKlass java/util/AbstractList 1 1 218 10 7 12 1 1 1 9 7 12 1 1 1 10 12 1 1 10 12 1 1 100 1 10 10 12 1 1 11 100 12 1 1 1 11 12 1 1 11 12 1 10 7 12 1 1 1 10 12 1 11 12 1 11 12 1 11 12 1 10 12 1 1 10 12 1 1 11 7 12 1 1 1 11 7 1 11 100 1 10 12 1 100 1 10 12 1 10 12 1 1 7 1 100 1 10 12 1 100 1 10 100 1 7 1 10 8 1 10 12 1 1 10 12 1 10 12 1 1 10 12 1 8 1 100 1 8 1 8 1 8 1 10 7 1 11 10 10 12 1 11 12 1 10 12 1 1 8 1 8 1 1 1 1 1 1 1 1 1 1 1 1 1 1 1 1 1 1 1 1 1 1 1 1 1 1 1 1 1 1 1 1 1 1 1 1 1 1 1 1 1 1 1 1 1 1 1 1 1 1 1 1 1 1 1 1 1 1 100 1 100 1 1 1 1 1 1 1
ciInstanceKlass java/util/List 1 1 251 10 100 12 1 1 1 11 100 12 1 1 1 11 100 12 1 1 1 11 12 1 1 11 100 12 1 1 11 12 1 1 11 12 1 1 10 100 12 1 1 1 100 1 100 1 10 12 1 1 100 1 10 100 12 1 1 1 11 12 1 1 11 12 1 11 12 1 100 1 10 12 1 11 12 1 1 11 12 1 1 11 12 1 10 100 12 1 1 1 9 7 12 1 1 1 7 1 10 12 10 12 1 7 1 10 12 1 1 10 12 1 10 12 1 1 11 12 1 1 100 1 1 1 1 1 1 1 1 1 1 1 1 1 1 1 1 1 1 1 1 1 1 1 1 1 1 1 1 1 1 1 1 1 1 1 1 1 1 1 1 1 1 1 1 100 1 100 1 1 1 1 1 1 1 1 1 1 1 1 1 1 1 1 1 1 1 1 1 1 1 1 1 1 1 1 1 1 1 1 1 1 1 1 1 1 1 1 1 1 1 1 1 1 1 1 1 1 1 1 1 1 1 1 1 1 1 1 1 1 1 1 1 1 1 1 1 1 1 1 1 1 1 1 100 1 1 100 1 1 1
ciInstanceKlass java/util/SequencedCollection 1 1 109 100 1 10 12 1 1 11 7 12 1 1 1 11 7 12 1 1 1 11 12 1 1 11 12 1 7 1 7 1 1 1 1 1 1 1 1 1 1 1 1 1 1 1 1 1 1 1 1 1 1 1 1 1 1 1 1 1 100 1 8 1 1 12 10 1 1 1 8 1 1 1 8 1 1 1 8 1 1 1 8 1 1 8 1 1 1 8 1 1 8 1 1 1 8 1 1 8 1 1 1 8 1 1 8 1 1 8 1
ciInstanceKlass java/util/Collection 1 1 115 11 100 12 1 1 1 100 1 11 7 12 1 1 1 10 7 12 1 1 1 11 12 1 1 11 7 12 1 1 1 11 12 1 1 11 7 12 1 1 1 11 12 1 1 10 100 12 1 1 1 11 12 1 10 7 12 1 1 1 100 1 100 1 1 1 1 1 1 1 1 1 1 1 1 1 1 1 1 1 1 1 1 1 1 1 1 1 1 1 1 1 1 1 1 1 1 1 1 1 1 1 1 1 1 1 1 1 1 1 1 1 1 1 1
ciInstanceKlass java/lang/Iterable 1 1 62 10 7 12 1 1 1 11 7 12 1 1 1 11 7 12 1 1 1 11 12 1 1 11 7 12 1 1 1 10 100 12 1 1 1 100 1 1 1 1 1 1 1 1 1 1 1 1 1 1 1 1 1 1 1 1 1 1 1 1 1 1
ciMethod java/lang/Iterable forEach (Ljava/util/function/Consumer;)V 1024 1944 63169 0 256
instanceKlass com/android/tools/r8/internal/x0
instanceKlass com/android/tools/r8/internal/V0
instanceKlass java/util/IdentityHashMap$Values
instanceKlass com/android/tools/r8/internal/W
instanceKlass com/android/tools/r8/internal/y1
instanceKlass com/android/tools/r8/internal/b1
instanceKlass java/util/AbstractQueue
instanceKlass java/util/HashMap$Values
instanceKlass com/android/tools/r8/internal/kC
instanceKlass java/util/LinkedHashMap$LinkedValues
instanceKlass java/util/ArrayDeque
instanceKlass java/util/AbstractSet
instanceKlass java/util/ImmutableCollections$AbstractImmutableCollection
instanceKlass java/util/AbstractList
ciInstanceKlass java/util/AbstractCollection 1 1 160 10 7 12 1 1 1 10 7 12 1 1 1 10 12 1 1 11 7 12 1 1 1 11 12 1 1 10 12 1 1 10 100 12 1 1 1 10 12 1 1 10 12 1 1 10 7 12 1 1 10 7 12 1 1 1 7 1 10 7 12 1 1 1 10 100 12 1 1 1 100 1 10 11 12 1 11 7 1 10 12 1 10 12 1 10 7 12 1 1 1 11 8 1 7 1 10 10 12 1 1 8 1 10 12 1 10 12 1 1 1 1 1 1 1 1 1 1 1 1 1 1 1 1 1 1 1 1 1 1 1 1 1 1 1 1 1 1 1 1 1 1 1 1 1 1 1 1 1 1 1 1 1 1 1 1 1 1 1 1
ciMethod java/util/AbstractCollection iterator ()Ljava/util/Iterator; 0 0 1 0 -1
ciMethod java/util/AbstractCollection <init> ()V 1024 0 4971985 0 80
ciMethod java/util/AbstractList listIterator ()Ljava/util/ListIterator; 5084 0 708161 0 512
ciMethod java/util/AbstractList listIterator (I)Ljava/util/ListIterator; 0 0 1 0 -1
ciInstanceKlass java/lang/AssertionStatusDirectives 0 0 24 10 100 12 1 1 1 100 1 1 1 1 1 1 1 1 1 1 1 1 1 1 1 1
instanceKlass com/android/tools/r8/internal/cw0
instanceKlass com/android/tools/r8/graph/v4
instanceKlass com/android/tools/r8/internal/hw0
instanceKlass com/android/tools/r8/internal/ML
instanceKlass com/android/tools/r8/internal/Wv0
instanceKlass com/android/tools/r8/internal/lK
instanceKlass java/util/ConcurrentModificationException
instanceKlass java/util/NoSuchElementException
instanceKlass java/lang/IndexOutOfBoundsException
instanceKlass com/android/tools/r8/internal/mK
instanceKlass com/android/tools/r8/internal/Qf
instanceKlass com/android/tools/r8/internal/g
instanceKlass java/lang/UnsupportedOperationException
instanceKlass java/io/UncheckedIOException
instanceKlass java/lang/IllegalStateException
instanceKlass com/android/tools/r8/internal/zv
instanceKlass com/android/tools/r8/internal/J8
instanceKlass java/lang/IllegalArgumentException
instanceKlass java/lang/ArithmeticException
instanceKlass java/lang/NullPointerException
instanceKlass java/lang/IllegalMonitorStateException
instanceKlass java/lang/ArrayStoreException
instanceKlass java/lang/ClassCastException
ciInstanceKlass java/lang/RuntimeException 1 1 40 10 7 12 1 1 1 10 12 1 10 12 1 10 12 1 10 12 1 100 1 1 1 1 5 0 1 1 1 1 1 1 1 1 1 1 1 1 1 1
instanceKlass java/util/stream/Collectors$CollectorImpl
instanceKlass java/security/SecureClassLoader$CodeSourceKey
instanceKlass sun/security/pkcs/SignerInfo$AlgorithmInfo
instanceKlass jdk/internal/misc/ThreadTracker$ThreadRef
instanceKlass jdk/internal/reflect/ReflectionFactory$Config
instanceKlass jdk/internal/foreign/abi/UpcallLinker$CallRegs
instanceKlass jdk/internal/foreign/abi/VMStorage
ciInstanceKlass java/lang/Record 1 1 22 10 7 12 1 1 1 100 1 1 1 1 1 1 1 1 1 1 1 1 1 1
ciInstanceKlass java/lang/invoke/MethodType 1 1 780 7 1 10 7 12 1 1 1 9 12 1 1 9 12 1 1 9 12 1 1 10 7 12 1 1 1 9 7 12 1 1 8 1 10 100 12 1 1 1 9 7 1 9 7 1 10 12 1 1 7 1 10 8 1 10 12 1 1 10 12 1 10 12 1 1 7 1 8 1 10 12 1 100 1 10 10 12 1 10 12 1 1 10 12 1 1 11 7 12 1 1 1 9 12 1 11 12 1 1 7 10 12 1 1 10 12 1 1 7 1 7 1 10 7 12 1 1 1 10 12 1 10 12 1 9 12 1 1 10 7 12 1 1 10 12 1 1 10 7 12 1 1 1 10 7 12 1 1 1 10 12 1 9 12 1 1 10 12 1 1 10 12 1 1 10 12 1 1 10 12 1 1 10 12 1 1 10 12 1 10 12 1 10 12 1 1 10 12 1 8 1 8 1 10 12 1 1 9 12 1 1 100 1 10 10 12 1 1 10 12 1 10 12 1 1 10 12 1 1 10 12 1 10 12 1 10 12 1 8 1 10 12 1 1 10 100 12 1 1 1 10 12 1 10 12 1 1 10 12 1 10 12 1 10 12 1 1 10 12 1 10 12 1 9 12 1 10 12 1 10 10 12 1 1 10 12 1 9 12 1 1 10 12 1 1 11 12 1 1 10 12 1 1 10 12 1 10 12 1 100 1 8 1 8 1 8 1 10 12 1 10 12 1 10 12 1 1 10 10 12 1 11 12 1 1 11 12 1 10 100 12 1 1 1 9 12 1 10 12 1 10 12 1 1 10 12 1 1 10 12 1 10 12 1 10 100 12 1 1 1 10 12 1 1 10 12 1 10 12 1 10 12 1 10 9 12 1 1 7 1 10 12 1 10 12 1 1 9 100 12 1 1 1 10 7 12 1 1 1 10 7 12 1 1 1 10 12 1 1 10 7 12 1 1 1 10 12 1 1 8 1 10 7 12 1 1 1 11 12 1 1 9 12 1 1 10 12 1 1 10 12 1 10 12 1 1 10 12 1 1 10 100 12 1 1 100 1 10 12 1 1 11 100 12 1 1 18 12 1 1 11 12 1 1 18 12 1 11 12 1 100 1 11 100 12 1 1 10 12 1 100 1 10 12 1 10 100 12 1 1 10 12 1 1 9 12 1 1 9 100 12 1 1 1 10 7 12 1 1 1 9 12 1 10 100 12 1 1 10 12 1 100 10 12 1 1 10 12 1 7 1 10 10 12 1 1 7 1 7 1 9 12 1 1 7 1 7 1 7 1 1 1 5 0 1 1 1 1 1 1 1 3 1 3 1 3 1 1 1 1 1 1 1 1 1 1 1 1 1 1 1 1 1 1 1 1 1 1 1 1 1 1 1 1 1 1 1 1 1 1 1 1 1 1 1 1 1 1 1 1 1 1 1 1 1 1 1 1 1 1 1 1 1 1 1 1 1 1 1 1 1 1 1 1 1 1 1 1 1 1 1 1 1 1 1 1 1 1 1 1 1 1 1 1 1 1 1 1 1 1 1 1 1 1 1 1 1 1 1 1 1 1 1 1 1 1 1 1 1 1 1 1 1 1 1 1 1 1 1 1 1 1 1 1 1 1 100 1 100 1 1 1 1 1 1 1 1 1 1 1 1 1 100 1 1 1 7 1 1 1 1 1 1 1 1 1 1 1 1 1 1 1 1 1 1 1 1 1 1 16 15 10 12 16 16 15 10 12 16 15 10 100 12 1 1 1 1 1 7 1 1 7 1 1 100 1 100 1 1
staticfield java/lang/invoke/MethodType internTable Ljdk/internal/util/ReferencedKeySet; jdk/internal/util/ReferencedKeySet
staticfield java/lang/invoke/MethodType NO_PTYPES [Ljava/lang/Class; 0 [Ljava/lang/Class;
staticfield java/lang/invoke/MethodType objectOnlyTypes [Ljava/lang/invoke/MethodType; 20 [Ljava/lang/invoke/MethodType;
staticfield java/lang/invoke/MethodType METHOD_HANDLE_ARRAY [Ljava/lang/Class; 1 [Ljava/lang/Class;
staticfield java/lang/invoke/MethodType serialPersistentFields [Ljava/io/ObjectStreamField; 0 [Ljava/io/ObjectStreamField;
staticfield java/lang/invoke/MethodType $assertionsDisabled Z 1
ciInstanceKlass java/lang/invoke/TypeDescriptor$OfMethod 1 0 43 100 1 100 1 100 1 1 1 1 1 1 1 1 1 1 1 1 1 1 1 1 1 1 1 1 1 1 1 1 1 1 1 1 1 1 1 1 1 1 100 1 1
instanceKlass java/lang/NoSuchFieldException
instanceKlass java/lang/NoSuchMethodException
instanceKlass java/lang/ClassNotFoundException
ciInstanceKlass java/lang/ReflectiveOperationException 0 0 34 10 100 12 1 1 1 10 12 1 10 12 1 10 12 1 100 1 1 1 1 5 0 1 1 1 1 1 1 1 1 1 1 1
instanceKlass java/lang/invoke/DelegatingMethodHandle
instanceKlass java/lang/invoke/BoundMethodHandle
instanceKlass java/lang/invoke/DirectMethodHandle
ciInstanceKlass java/lang/invoke/MethodHandle 1 1 733 100 1 9 7 12 1 1 1 10 7 12 1 1 1 10 7 12 1 1 1 7 1 7 1 10 12 1 1 9 12 1 1 10 12 1 10 12 1 1 10 12 1 1 10 100 12 1 1 1 10 12 1 1 10 12 1 1 11 7 12 1 1 1 10 12 1 1 10 12 1 10 12 1 10 12 1 1 9 12 1 1 9 12 1 1 10 7 12 1 1 1 10 12 1 1 10 12 1 10 12 1 100 1 7 1 10 8 1 10 12 1 1 10 12 1 8 1 10 12 1 1 10 12 1 10 7 12 1 1 1 10 12 1 1 10 12 1 1 10 12 1 1 10 7 12 1 1 1 10 12 1 1 10 12 1 1 10 12 1 10 12 1 1 10 7 12 1 1 10 7 12 1 1 10 12 1 10 12 1 10 12 1 1 10 12 1 1 10 12 1 1 10 12 1 1 10 7 12 1 1 1 10 100 12 1 1 1 10 12 1 1 10 12 1 1 10 12 1 1 8 1 10 7 12 1 1 1 8 1 10 12 1 10 12 1 1 10 12 1 1 10 12 1 8 1 10 12 1 1 8 1 10 12 1 8 1 10 7 12 1 1 1 9 12 1 1 100 1 10 9 7 12 1 1 1 9 7 1 8 1 10 12 1 1 10 12 1 10 12 1 1 10 12 1 10 12 1 1 10 12 1 10 12 1 1 10 12 1 10 12 1 1 10 12 1 1 8 1 10 12 1 1 8 1 10 12 1 10 12 1 1 10 12 1 10 12 1 10 12 1 1 9 100 12 1 1 1 10 12 1 1 11 12 1 10 12 1 10 12 1 1 10 100 12 1 1 100 1 11 12 1 10 100 1 11 12 1 7 1 10 12 1 11 12 1 9 100 12 1 1 1 11 12 1 1 11 100 12 1 1 1 10 12 1 1 9 12 1 11 12 1 9 12 1 9 12 1 9 12 1 11 12 1 1 9 12 1 9 12 1 9 12 1 9 12 1 9 12 1 9 12 1 9 12 1 8 1 10 12 1 10 12 1 8 1 10 12 1 10 12 1 10 12 1 1 10 10 10 7 12 1 1 10 12 1 1 100 1 100 1 8 1 8 1 10 10 12 1 1 10 12 1 10 12 1 7 1 10 100 12 1 1 1 10 9 7 12 1 1 1 10 12 1 1 10 12 1 1 8 1 8 1 10 7 12 1 1 9 12 1 9 12 1 1 9 12 1 1 10 12 1 7 1 10 12 1 10 12 1 1 9 12 1 1 9 12 1 1 10 7 12 1 1 1 11 7 12 1 1 9 12 1 10 12 1 1 9 12 1 10 12 1 8 10 12 1 1 8 1 1 1 1 1 1 1 1 7 1 1 1 1 1 1 1 1 1 1 1 1 1 1 1 1 1 1 1 1 1 1 1 1 1 1 1 1 1 1 100 1 1 1 1 1 1 1 1 1 1 1 1 1 1 1 1 1 1 1 1 1 1 1 1 1 1 1 1 1 1 1 1 1 1 1 1 1 1 1 1 1 1 1 1 1 1 1 1 1 1 1 1 1 1 1 1 1 1 1 1 1 1 1 1 1 1 1 1 1 1 1 1 1 1 1 1 1 1 1 1 1 1 1 1 1 1 100 1 1 100 1 7 1 100 1 1 100 1 1 100 1 1 1 1
staticfield java/lang/invoke/MethodHandle FORM_OFFSET J 20
staticfield java/lang/invoke/MethodHandle UPDATE_OFFSET J 13
staticfield java/lang/invoke/MethodHandle $assertionsDisabled Z 1
ciInstanceKlass java/util/concurrent/ConcurrentHashMap 1 1 1210 7 1 7 1 3 10 12 1 1 3 7 1 10 7 12 1 1 1 7 1 10 7 12 1 1 1 7 1 11 12 1 1 11 12 1 11 12 1 1 9 12 1 1 9 12 1 1 9 12 1 10 7 12 1 1 1 7 1 10 12 1 1 10 12 1 1 10 7 12 1 1 1 4 10 12 1 9 12 1 10 12 1 1 100 1 10 5 0 10 12 1 10 12 1 1 5 0 10 12 1 1 10 12 1 9 12 1 1 10 12 1 1 9 12 1 9 12 1 1 10 12 1 1 9 12 1 10 12 1 1 9 12 1 1 10 12 1 1 100 1 10 7 1 10 12 1 10 12 1 1 10 12 1 1 10 12 1 1 10 12 1 10 12 1 1 10 12 1 1 7 1 10 12 1 1 7 1 100 1 8 1 10 12 1 10 12 1 1 10 12 1 1 11 7 12 1 1 10 12 1 1 11 12 1 1 11 7 12 1 1 1 11 7 12 1 1 1 11 12 1 7 1 11 12 1 11 12 1 10 12 1 1 10 12 1 1 9 12 1 1 10 7 12 1 1 1 9 10 12 1 1 9 12 1 10 12 1 1 5 0 9 12 1 1 7 1 10 12 1 9 12 1 1 7 1 10 12 1 9 12 1 7 1 10 7 1 10 10 12 1 1 8 1 10 12 1 10 12 1 1 11 100 1 10 12 1 10 100 12 1 1 1 8 1 10 100 12 1 1 1 8 1 10 12 1 8 1 10 12 1 10 12 1 1 10 100 12 1 1 10 12 1 10 12 1 10 12 1 9 12 1 9 10 12 1 9 12 1 1 11 7 12 1 1 1 11 7 12 1 1 1 100 1 10 12 11 100 12 1 1 10 11 7 12 1 10 12 1 100 1 10 12 1 100 1 10 10 9 7 12 1 1 1 10 12 3 10 7 12 1 1 9 12 1 10 12 1 1 9 12 1 1 9 12 1 10 12 1 1 10 7 12 1 1 9 12 1 9 7 12 1 1 10 12 1 1 10 12 1 3 9 12 1 9 12 1 10 12 1 1 7 1 9 3 9 12 1 7 1 10 12 1 9 12 1 10 12 1 9 12 1 10 12 1 9 12 1 10 100 12 1 1 1 100 10 12 1 7 1 5 0 10 100 12 1 1 100 1 10 12 1 1 10 12 1 10 12 1 100 1 10 12 1 10 100 1 100 1 10 10 12 1 10 100 1 10 12 1 10 100 1 10 12 1 10 7 1 10 12 1 1 100 1 10 12 1 10 10 12 1 100 1 10 12 1 10 10 12 1 100 1 10 12 1 10 100 1 10 12 1 10 100 1 10 12 1 10 100 1 10 12 1 10 100 1 10 12 1 10 100 1 10 12 1 10 100 1 10 12 1 10 100 1 10 12 1 10 100 1 10 10 100 1 10 10 100 1 10 10 100 1 10 12 1 10 100 1 10 12 1 10 100 1 10 12 1 10 100 1 10 12 1 10 100 1 10 12 1 10 100 1 10 10 100 1 10 10 100 1 10 10 100 1 10 12 1 10 100 1 10 12 1 10 100 1 10 12 1 10 100 1 10 12 1 10 100 1 10 12 1 10 10 12 1 10 7 12 1 1 1 10 12 1 7 1 7 1 10 12 1 9 12 1 1 9 12 1 1 10 12 1 1 8 10 12 1 1 8 8 8 8 7 10 12 1 1 10 12 1 100 1 8 1 10 7 1 7 1 7 1 1 1 5 0 1 1 3 1 3 1 1 1 1 3 1 3 1 3 1 1 1 1 1 3 1 3 1 3 1 1 1 1 1 1 1 1 1 1 1 1 1 1 1 1 1 1 1 1 1 1 1 1 1 100 1 1 1 1 1 1 1 1 1 1 1 1 1 1 1 1 1 1 1 1 1 1 1 1 1 1 1 1 1 1 1 1 1 1 1 1 1 1 1 1 1 1 1 1 1 1 1 1 1 1 1 1 1 1 1 1 1 1 1 1 1 1 1 1 1 1 1 1 1 1 1 1 1 1 1 1 1 1 1 1 1 1 1 1 100 1 1 1 1 1 1 1 1 1 1 1 7 1 1 1 1 1 1 1 1 1 1 1 1 1 1 1 1 1 1 1 1 1 1 1 1 1 1 1 1 1 1 1 1 1 1 1 1 1 1 1 1 1 1 1 1 1 1 1 1 1 1 1 1 1 1 1 1 1 1 1 1 1 1 1 1 1 1 1 1 1 1 1 1 1 1 1 1 1 1 1 1 1 1 1 1 1 1 1 1 1 1 1 1 1 1 1 1 1 1 1 1 1 1 1 1 1 1 1 1 1 1 1 1 1 1 1 1 1 1 1 1 1 1 1 1 1 1 1 1 1 1 1 1 1 1 1 1 1 1 1 1 1 1 1 1 1 1 1 1 1 1 1 1 1 1 1 1 1 1 1 1 1 1 1 1 1 1 1 1 1 1 1 1 1 1 1 1 1 1 1 1 1 1 1 1 1 1 1 1 1 1 1 1 1 1 1 1 1 1 1 1 1 1 1 1 1 1 1 1 1 1 1 1 1 1 1 1 1 1 1 1 1 1 1 100 1 100 1 100 1 100 1 100 1 100 1 100 1 100 1 100 1 1 1 1 1 1 1 1 1 1 1 1 1 1 1 1 1 1 1 1 1 1 1 1 1 1 1 1 1 1 1 1 1 1 1 1 1 1 1 1 1 1 1 1 1 1 1 1 1 1 1 1 1 1 1 1 1 1
staticfield java/util/concurrent/ConcurrentHashMap NCPU I 12
staticfield java/util/concurrent/ConcurrentHashMap serialPersistentFields [Ljava/io/ObjectStreamField; 3 [Ljava/io/ObjectStreamField;
staticfield java/util/concurrent/ConcurrentHashMap U Ljdk/internal/misc/Unsafe; jdk/internal/misc/Unsafe
staticfield java/util/concurrent/ConcurrentHashMap SIZECTL J 20
staticfield java/util/concurrent/ConcurrentHashMap TRANSFERINDEX J 32
staticfield java/util/concurrent/ConcurrentHashMap BASECOUNT J 24
staticfield java/util/concurrent/ConcurrentHashMap CELLSBUSY J 36
staticfield java/util/concurrent/ConcurrentHashMap CELLVALUE J 144
staticfield java/util/concurrent/ConcurrentHashMap ABASE I 16
staticfield java/util/concurrent/ConcurrentHashMap ASHIFT I 2
instanceKlass java/util/EnumMap
instanceKlass com/android/tools/r8/internal/cW
instanceKlass java/util/TreeMap
instanceKlass java/util/IdentityHashMap
instanceKlass java/util/WeakHashMap
instanceKlass java/util/Collections$EmptyMap
instanceKlass sun/util/PreHashedMap
instanceKlass java/util/HashMap
instanceKlass java/util/ImmutableCollections$AbstractImmutableMap
instanceKlass java/util/concurrent/ConcurrentHashMap
ciInstanceKlass java/util/AbstractMap 1 1 196 10 7 12 1 1 1 10 7 12 1 1 1 11 7 12 1 1 1 10 11 12 1 1 11 7 12 1 1 1 11 12 1 1 7 1 11 12 1 10 12 1 1 11 12 1 100 1 10 11 12 1 11 7 1 10 12 1 1 11 12 1 9 12 1 1 7 1 10 12 1 9 12 1 1 100 1 10 11 11 12 1 1 11 12 1 7 1 100 1 11 12 1 8 1 7 1 10 10 12 1 1 8 1 10 12 1 10 12 1 1 10 12 1 1 1 1 1 1 1 1 1 1 1 1 1 1 1 1 1 1 1 1 1 1 1 1 1 1 1 1 1 1 1 1 1 1 1 1 1 1 1 1 7 1 1 1 1 1 1 1 7 1 1 1 1 1 1 1 1 1 100 1 1 1 1 1 1 1 1 1 100 1 100 1 100 1 100 1 100 1 1 1 1 1 1
ciMethod java/util/concurrent/ConcurrentHashMap get (Ljava/lang/Object;)Ljava/lang/Object; 514 2 115377 0 0
ciInstanceKlass java/util/concurrent/ConcurrentMap 1 1 208 11 7 12 1 1 1 10 100 12 1 1 11 12 1 1 11 100 12 1 1 1 11 7 12 1 1 1 11 12 1 1 100 1 11 12 1 11 12 1 100 1 11 100 12 1 1 1 18 12 1 11 12 1 1 11 100 12 1 1 11 12 1 1 11 100 12 1 11 12 1 1 11 12 1 1 7 1 7 1 1 1 1 1 1 1 1 1 1 1 1 1 1 1 1 1 1 1 1 1 1 1 1 1 1 1 1 1 1 1 1 1 1 1 1 1 1 1 1 1 1 1 1 1 1 1 1 1 1 1 1 1 1 1 1 1 1 1 1 16 15 11 12 15 10 100 12 1 1 1 1 1 100 1 100 1 1 1 100 1 8 1 1 12 10 1 1 1 8 1 1 1 8 1 1 8 1 1 1 8 1 1 1 8 1 1 1 8 1 1 1 8 1 1 1 8 1 1 1 8 1 1 1 8 1 1 8 1
ciInstanceKlass jdk/internal/loader/ClassLoaders 1 1 183 10 7 12 1 1 1 10 7 12 1 1 1 10 12 1 1 10 100 12 1 1 1 9 7 12 1 1 1 9 12 1 1 9 12 1 1 7 1 11 100 12 1 1 1 100 1 11 12 1 1 11 12 1 1 10 100 12 1 1 1 10 100 12 1 1 1 100 1 100 1 10 7 12 1 1 1 9 12 1 1 10 12 1 1 7 1 10 12 1 1 10 12 1 7 1 8 1 10 7 12 1 1 1 10 12 1 1 7 1 10 12 1 10 12 1 10 12 1 8 1 10 7 12 1 1 8 1 8 1 10 12 1 7 1 10 12 1 10 12 1 10 12 1 1 1 1 1 1 1 1 1 1 1 1 1 1 1 1 1 1 1 1 7 1 1 1 1 1 1 1 1 1 1 1 1 1 1 1 1 1 1 1
staticfield jdk/internal/loader/ClassLoaders JLA Ljdk/internal/access/JavaLangAccess; java/lang/System$2
staticfield jdk/internal/loader/ClassLoaders BOOT_LOADER Ljdk/internal/loader/ClassLoaders$BootClassLoader; jdk/internal/loader/ClassLoaders$BootClassLoader
staticfield jdk/internal/loader/ClassLoaders PLATFORM_LOADER Ljdk/internal/loader/ClassLoaders$PlatformClassLoader; jdk/internal/loader/ClassLoaders$PlatformClassLoader
staticfield jdk/internal/loader/ClassLoaders APP_LOADER Ljdk/internal/loader/ClassLoaders$AppClassLoader; jdk/internal/loader/ClassLoaders$AppClassLoader
instanceKlass jdk/internal/loader/ClassLoaders$BootClassLoader
instanceKlass jdk/internal/loader/ClassLoaders$PlatformClassLoader
instanceKlass jdk/internal/loader/ClassLoaders$AppClassLoader
ciInstanceKlass jdk/internal/loader/BuiltinClassLoader 1 1 737 9 7 12 1 1 1 10 7 12 1 1 1 10 7 12 1 1 1 9 12 1 1 9 12 1 1 7 1 10 12 1 9 12 1 10 12 1 9 12 1 10 7 12 1 1 1 10 7 12 1 1 1 10 7 12 1 1 1 11 7 12 1 1 1 7 1 7 1 10 10 12 1 1 8 1 10 12 1 10 12 7 1 10 12 1 10 12 1 1 11 7 12 1 1 1 11 7 12 1 1 1 11 12 1 1 7 1 8 1 8 1 10 9 12 1 1 10 7 12 1 1 11 12 1 1 10 12 1 1 10 12 1 1 10 12 1 1 10 7 12 1 1 1 10 12 1 10 7 12 1 1 1 10 12 1 1 11 7 12 1 1 1 10 7 12 1 1 7 1 10 7 12 1 1 1 10 12 1 100 1 8 1 10 12 1 1 10 8 1 10 12 1 1 10 12 1 1 10 12 1 1 11 7 12 1 1 11 12 1 7 1 10 11 12 1 1 11 10 12 1 1 7 1 10 12 1 10 7 12 1 10 12 1 7 1 10 12 1 10 7 12 1 1 1 100 1 10 12 1 1 11 12 1 100 1 100 1 10 12 1 10 12 1 1 100 1 100 1 10 12 1 10 12 1 18 12 1 1 10 12 1 10 12 1 1 18 100 1 10 7 12 1 1 1 7 1 10 10 12 1 1 10 12 1 1 10 12 1 1 10 12 1 9 12 1 1 100 1 10 10 12 1 1 10 12 1 1 10 12 1 10 12 10 12 1 1 10 12 1 1 10 12 1 1 10 12 1 10 12 1 1 18 12 1 7 1 10 12 1 1 10 12 1 10 12 1 1 10 12 1 100 1 10 12 1 100 1 10 12 1 10 7 12 1 1 1 10 12 1 11 12 1 100 1 10 12 1 7 1 100 1 10 12 1 10 12 1 11 12 1 1 10 12 1 1 10 12 1 1 10 12 1 1 10 12 1 1 10 12 1 10 12 1 10 12 1 10 12 1 8 1 10 12 1 1 10 7 12 1 1 10 12 1 100 1 8 1 8 1 10 10 12 1 8 1 8 1 10 7 12 1 1 1 11 7 12 1 1 1 9 7 12 1 1 1 10 7 12 1 1 1 9 12 1 9 12 1 9 12 1 9 12 1 9 12 1 9 12 1 10 7 12 1 1 1 8 1 10 12 1 7 1 10 12 1 1 10 12 1 7 1 10 11 12 1 1 10 12 10 12 1 10 12 1 100 1 10 12 1 10 12 1 10 10 12 1 10 7 12 1 1 8 1 10 7 12 1 1 10 12 1 1 1 1 1 1 1 1 1 1 1 1 1 1 1 1 1 1 1 1 1 1 1 1 1 1 1 1 1 1 1 1 1 1 1 1 1 1 1 1 1 1 1 1 1 1 1 1 1 1 1 1 1 1 1 1 7 1 1 1 1 1 1 1 1 1 1 1 1 1 1 1 1 1 1 7 1 7 1 1 1 1 1 1 1 1 1 1 1 1 1 1 1 1 1 1 1 1 1 1 1 1 1 1 1 1 1 1 1 1 1 1 1 1 1 1 1 1 1 1 1 1 1 1 1 1 1 1 1 100 1 1 16 15 10 12 16 15 10 12 16 15 10 12 16 1 15 10 100 12 1 1 1 1 1 100 1 1 1 1 1 100 1 100 1 1
staticfield jdk/internal/loader/BuiltinClassLoader packageToModule Ljava/util/Map; java/util/concurrent/ConcurrentHashMap
staticfield jdk/internal/loader/BuiltinClassLoader $assertionsDisabled Z 1
ciInstanceKlass jdk/internal/loader/ClassLoaders$AppClassLoader 1 1 119 8 1 10 7 12 1 1 1 10 7 12 1 1 1 10 7 12 1 1 1 10 12 1 1 10 7 12 1 1 1 10 12 1 1 10 12 1 1 7 1 8 1 10 12 10 7 12 1 1 1 10 7 12 1 1 10 12 1 1 10 12 1 1 10 7 12 1 1 1 7 1 10 12 1 1 1 1 1 1 1 1 1 1 1 1 1 1 1 1 1 1 1 1 1 7 1 1 1 1 1 1 1 1 1 1 1 1 1 1 1 1 1 1 1 7 1 1 1
ciInstanceKlass jdk/internal/loader/ClassLoaders$PlatformClassLoader 1 1 42 8 1 10 7 12 1 1 1 10 7 12 1 1 1 7 1 10 12 1 7 1 1 1 1 1 1 1 1 1 1 1 1 1 1 7 1 1 1 100 1 1
ciInstanceKlass java/lang/ArithmeticException 1 1 26 10 100 12 1 1 1 10 12 1 100 1 1 1 1 5 0 1 1 1 1 1 1 1 1 1
ciInstanceKlass java/lang/ArrayStoreException 1 1 26 10 100 12 1 1 1 10 12 1 100 1 1 1 1 5 0 1 1 1 1 1 1 1 1 1
ciInstanceKlass java/lang/ClassCastException 1 1 26 10 100 12 1 1 1 10 12 1 100 1 1 1 1 5 0 1 1 1 1 1 1 1 1 1
ciInstanceKlass java/lang/ClassNotFoundException 0 0 96 7 1 10 7 12 1 1 1 10 12 1 10 12 1 1 10 100 12 1 1 1 8 1 10 100 12 1 1 1 10 7 12 1 1 10 100 12 1 1 1 10 100 12 1 1 1 10 12 1 1 100 1 10 12 1 9 12 1 1 1 1 1 5 0 1 1 1 1 1 1 1 1 1 1 1 1 1 1 1 1 1 1 100 1 1 1 1 1 1 1 1 1 1 1 1
instanceKlass java/lang/NumberFormatException
ciInstanceKlass java/lang/IllegalArgumentException 1 1 35 10 7 12 1 1 1 10 12 1 10 12 1 10 12 1 100 1 1 1 1 5 0 1 1 1 1 1 1 1 1 1 1 1 1
ciInstanceKlass java/lang/IllegalMonitorStateException 1 1 26 10 100 12 1 1 1 10 12 1 100 1 1 1 1 5 0 1 1 1 1 1 1 1 1 1
ciInstanceKlass java/lang/BootstrapMethodError 0 0 45 10 100 12 1 1 1 10 12 1 10 12 1 10 100 12 1 1 1 10 100 12 1 1 1 1 1 1 5 0 1 1 1 1 1 1 1 1 1 1 1 100 1 1 1
instanceKlass java/lang/ClassFormatError
instanceKlass java/lang/IncompatibleClassChangeError
instanceKlass java/lang/BootstrapMethodError
instanceKlass java/lang/NoClassDefFoundError
ciInstanceKlass java/lang/LinkageError 1 1 31 10 7 12 1 1 1 10 12 1 10 12 1 100 1 1 1 1 5 0 1 1 1 1 1 1 1 1 1 1 1
ciInstanceKlass java/lang/NullPointerException 1 1 52 10 100 12 1 1 1 10 12 1 9 100 12 1 1 1 10 12 1 1 9 12 1 1 10 12 1 1 10 12 1 1 1 1 5 0 1 1 1 1 1 1 1 1 100 1 100 1 100 1 1 1
ciInstanceKlass java/lang/NoClassDefFoundError 0 0 26 10 100 12 1 1 1 10 12 1 100 1 1 1 1 5 0 1 1 1 1 1 1 1 1 1
ciInstanceKlass java/lang/StackOverflowError 1 1 26 10 100 12 1 1 1 10 12 1 100 1 1 1 1 5 0 1 1 1 1 1 1 1 1 1
ciInstanceKlass java/lang/StackTraceElement 0 0 235 10 7 12 1 1 1 10 7 12 1 1 9 12 1 1 9 12 1 1 9 12 1 9 12 1 8 1 10 100 12 1 1 1 7 1 9 12 1 8 1 9 12 1 9 12 1 9 12 1 1 10 12 1 1 10 12 1 8 1 10 100 12 1 1 1 7 1 10 12 1 10 12 1 1 10 12 1 10 12 1 1 10 12 1 10 12 1 10 10 12 1 8 1 10 12 1 10 12 1 1 10 12 1 1 10 12 1 10 12 1 10 12 1 9 12 1 1 10 7 12 1 1 1 10 12 1 1 7 1 10 12 1 1 10 100 12 1 1 10 100 12 1 1 1 10 7 12 1 1 10 100 12 1 1 10 10 12 1 1 10 12 1 1 10 12 1 1 10 12 1 7 1 1 1 1 1 1 1 3 1 3 1 1 5 0 1 1 1 1 1 1 1 1 1 1 1 1 1 1 1 1 1 1 1 1 1 1 1 1 1 1 1 1 1 7 1 7 1 1 1 1 1 1 1 100 1 1 1 1 1 1 1 1 1
instanceKlass java/util/concurrent/locks/AbstractQueuedSynchronizer
ciInstanceKlass java/util/concurrent/locks/AbstractOwnableSynchronizer 1 1 32 10 7 12 1 1 1 9 7 12 1 1 1 100 1 1 1 1 5 0 1 1 1 1 1 1 1 1 1 1 1 1
ciInstanceKlass jdk/internal/vm/Continuation 0 0 549 9 100 12 1 1 1 9 12 1 9 12 1 100 1 7 1 10 12 1 1 8 1 10 12 1 1 10 12 1 10 12 1 1 10 12 1 9 7 12 1 1 1 11 100 12 1 1 1 10 7 1 9 12 1 1 9 12 1 1 10 8 1 10 12 1 9 12 1 1 10 11 12 1 1 100 1 10 100 12 1 1 1 10 12 1 1 10 12 1 10 12 1 1 11 12 1 1 9 12 1 1 10 12 1 1 18 12 1 1 10 7 12 1 1 1 100 1 10 12 1 11 100 12 1 1 1 10 12 1 9 12 1 10 12 1 1 100 1 8 1 10 12 1 10 12 1 1 9 12 1 1 11 12 1 1 9 12 1 1 8 1 10 11 12 1 1 11 12 1 1 10 12 1 1 10 12 1 1 9 12 1 10 12 1 10 10 12 1 8 1 10 12 1 8 1 8 1 10 7 12 1 1 1 10 7 12 1 1 1 10 12 1 9 12 1 11 12 1 7 1 10 12 1 10 12 1 1 9 12 1 1 7 1 10 12 1 1 9 12 1 1 10 12 1 10 12 1 11 7 12 1 1 10 7 1 10 12 1 8 1 9 12 1 10 12 1 1 9 12 1 1 10 7 12 1 1 8 1 8 1 8 1 8 1 10 12 1 1 10 12 1 10 12 1 10 12 1 10 12 1 1 10 12 1 1 8 1 10 12 1 1 9 12 1 1 10 12 1 1 9 12 1 8 1 10 7 12 1 1 1 10 12 1 8 1 100 1 8 1 10 9 12 1 1 8 1 10 7 12 1 1 10 100 12 1 1 8 1 8 1 10 12 10 100 12 1 1 1 10 7 1 10 7 12 1 1 1 18 11 100 12 1 1 1 18 12 1 11 12 1 1 7 1 10 7 12 1 1 10 12 1 1 8 10 12 1 1 10 100 12 1 1 1 10 100 12 1 1 10 12 1 8 1 10 12 1 7 1 7 1 10 12 1 1 1 1 1 1 1 1 1 1 1 1 1 1 1 1 1 1 1 1 1 1 1 1 1 1 1 1 1 1 1 1 1 1 1 1 1 1 1 1 1 1 1 1 1 1 1 1 1 1 1 1 1 1 1 1 1 1 1 1 1 1 1 1 1 1 1 1 1 1 1 1 1 1 1 100 1 1 16 1 15 10 12 16 15 11 7 12 1 1 1 16 1 16 1 15 10 12 16 15 10 100 12 1 1 1 1 1 1 1 1 100 1 100 1 1
ciInstanceKlass jdk/internal/misc/UnsafeConstants 1 1 34 10 100 12 1 1 1 9 7 12 1 1 1 9 12 1 9 12 1 1 9 12 1 9 12 1 1 1 1 1 1 1 1 1
staticfield jdk/internal/misc/UnsafeConstants ADDRESS_SIZE0 I 8
staticfield jdk/internal/misc/UnsafeConstants PAGE_SIZE I 4096
staticfield jdk/internal/misc/UnsafeConstants BIG_ENDIAN Z 0
staticfield jdk/internal/misc/UnsafeConstants UNALIGNED_ACCESS Z 1
staticfield jdk/internal/misc/UnsafeConstants DATA_CACHE_LINE_FLUSH_SIZE I 0
ciInstanceKlass java/lang/invoke/MethodHandleStatics 1 1 320 10 7 12 1 1 1 9 7 12 1 1 1 9 12 1 1 10 7 12 1 1 1 9 12 1 9 12 1 9 12 1 9 12 1 9 7 12 1 1 1 7 1 10 8 1 10 12 1 1 10 7 12 1 1 1 8 1 10 7 12 1 1 1 10 12 1 1 8 1 8 1 10 12 1 10 100 12 1 1 1 10 7 12 1 1 8 1 10 12 1 1 8 1 8 1 8 1 8 1 10 12 1 1 7 1 10 12 10 12 1 10 12 1 100 1 10 10 12 1 1 100 1 10 10 12 1 7 1 7 1 8 1 8 1 10 12 1 8 1 10 7 12 1 1 1 9 12 1 1 10 7 12 1 1 1 10 12 1 1 9 12 1 1 10 7 12 1 1 1 8 1 10 7 12 1 1 10 7 12 1 1 1 8 1 8 1 8 1 8 1 8 1 10 12 1 10 7 12 1 1 1 9 12 1 8 1 8 1 8 1 8 1 9 12 1 8 1 9 12 1 8 1 8 1 9 12 1 8 1 8 1 9 12 1 8 1 9 12 1 8 1 9 12 1 8 1 8 1 9 12 1 8 1 8 1 10 12 1 1 8 1 10 12 1 1 1 1 1 1 1 1 1 1 1 1 1 1 1 1 1 1 1 1 1 1 1 7 1 7 1 7 1 1 1 1 1 1 1 1 1 1 1 1 1 1 1 1 1 1 1 1 1 1 1 1 1 1 1 1
staticfield java/lang/invoke/MethodHandleStatics UNSAFE Ljdk/internal/misc/Unsafe; jdk/internal/misc/Unsafe
staticfield java/lang/invoke/MethodHandleStatics CLASSFILE_VERSION I 65
staticfield java/lang/invoke/MethodHandleStatics DEBUG_METHOD_HANDLE_NAMES Z 0
staticfield java/lang/invoke/MethodHandleStatics TRACE_INTERPRETER Z 0
staticfield java/lang/invoke/MethodHandleStatics TRACE_METHOD_LINKAGE Z 0
staticfield java/lang/invoke/MethodHandleStatics TRACE_RESOLVE Z 0
staticfield java/lang/invoke/MethodHandleStatics COMPILE_THRESHOLD I 0
staticfield java/lang/invoke/MethodHandleStatics LOG_LF_COMPILATION_FAILURE Z 0
staticfield java/lang/invoke/MethodHandleStatics DONT_INLINE_THRESHOLD I 30
staticfield java/lang/invoke/MethodHandleStatics PROFILE_LEVEL I 0
staticfield java/lang/invoke/MethodHandleStatics PROFILE_GWT Z 1
staticfield java/lang/invoke/MethodHandleStatics CUSTOMIZE_THRESHOLD I 127
staticfield java/lang/invoke/MethodHandleStatics VAR_HANDLE_GUARDS Z 1
staticfield java/lang/invoke/MethodHandleStatics MAX_ARITY I 255
staticfield java/lang/invoke/MethodHandleStatics VAR_HANDLE_IDENTITY_ADAPT Z 0
staticfield java/lang/invoke/MethodHandleStatics DUMP_CLASS_FILES Ljdk/internal/util/ClassFileDumper; jdk/internal/util/ClassFileDumper
ciInstanceKlass java/lang/invoke/LambdaForm 1 1 1059 7 1 100 1 10 7 12 1 1 1 9 12 1 1 9 12 1 9 12 1 9 12 1 1 9 12 1 1 9 12 1 1 9 12 1 1 9 12 1 1 9 12 1 10 7 12 1 1 9 12 1 10 12 1 1 100 1 10 10 12 1 1 10 12 1 10 12 1 10 12 1 1 10 12 1 9 12 1 9 12 1 10 12 1 1 10 7 12 1 1 1 10 12 1 1 9 100 12 1 1 1 10 12 1 1 9 7 12 1 1 10 12 1 10 12 1 1 10 12 1 1 10 12 1 1 7 1 10 7 12 1 1 1 10 12 1 1 10 12 1 10 12 1 1 9 12 1 1 9 12 1 9 12 1 1 10 12 1 9 12 1 10 100 12 1 1 1 10 12 1 1 7 1 10 12 1 9 12 1 1 10 7 12 1 1 1 10 12 1 10 12 1 7 1 10 12 1 10 12 1 10 12 1 1 10 12 1 1 10 12 1 10 12 1 10 12 1 10 12 1 1 8 1 10 12 1 10 12 1 10 10 12 1 8 1 8 1 9 12 1 9 12 1 1 10 12 1 1 10 12 1 9 12 1 10 12 1 1 10 7 12 1 1 1 10 12 1 1 10 12 1 10 12 1 10 100 12 1 1 1 9 12 1 10 12 1 8 1 8 1 8 1 8 1 8 1 8 1 8 1 8 1 10 12 1 9 12 1 7 1 10 12 1 1 9 12 1 10 12 1 10 12 1 1 10 12 10 12 1 10 12 1 1 10 12 1 1 10 10 12 1 1 10 12 1 1 7 1 8 1 10 12 1 1 10 12 1 10 12 1 1 10 8 1 10 12 1 1 8 1 8 1 8 1 10 12 1 10 12 1 10 12 1 1 100 1 10 12 1 1 10 12 1 1 10 7 12 1 1 1 10 12 1 1 9 12 1 1 8 1 10 100 12 1 1 1 10 7 12 1 1 10 12 10 12 1 1 10 12 1 1 9 12 1 8 10 12 1 1 100 1 10 12 1 1 10 12 1 9 7 12 1 1 9 7 12 1 1 1 8 1 10 100 12 1 1 10 12 1 1 7 1 7 1 10 10 12 1 1 10 12 1 1 8 1 8 1 7 1 8 1 10 12 10 12 1 10 12 1 10 12 1 1 8 1 8 1 10 12 1 10 12 1 1 8 1 8 1 8 1 7 1 8 1 7 1 8 1 7 1 8 1 10 12 1 8 1 9 10 7 12 1 1 1 10 12 1 9 12 1 1 10 12 1 10 10 12 1 10 12 1 10 12 1 10 12 1 1 10 12 1 10 12 1 1 10 12 1 1 10 12 1 1 10 12 1 1 8 1 100 10 12 1 10 12 1 9 12 1 1 10 7 12 1 1 8 1 8 1 7 1 8 1 8 1 8 1 8 1 8 1 8 1 8 1 8 1 10 12 1 1 10 12 1 1 10 12 1 10 12 1 10 12 1 10 12 1 8 1 8 1 8 1 10 12 1 8 1 10 12 1 8 1 8 1 8 1 8 1 8 1 10 12 1 10 12 1 10 12 1 1 10 7 12 1 1 1 10 12 1 10 12 1 10 12 1 10 12 1 10 12 1 10 12 1 10 12 1 9 12 1 1 8 1 10 12 1 1 9 12 1 1 10 12 1 1 9 12 1 9 12 1 1 9 12 1 9 12 1 1 7 1 10 7 12 1 1 1 9 12 1 10 12 1 10 12 1 8 1 10 12 1 9 12 1 1 7 1 10 7 12 1 1 1 8 1 100 1 10 12 1 9 12 1 9 12 1 10 12 1 10 12 1 10 7 12 1 1 1 10 12 1 9 7 12 1 1 10 12 1 1 10 12 1 10 12 1 10 12 1 9 12 10 12 1 10 10 12 1 9 12 1 9 9 12 1 7 9 12 1 1 10 12 1 1 9 12 1 10 12 1 10 7 1 9 1 1 1 1 3 1 3 1 1 3 1 3 1 1 1 1 1 1 1 1 1 1 1 1 1 1 1 1 1 1 1 1 1 1 1 1 1 1 1 1 1 1 1 1 1 1 1 1 1 1 1 1 1 1 1 1 1 1 1 1 1 1 1 100 1 1 1 1 1 1 1 1 1 1 1 1 1 1 1 1 1 1 1 1 1 1 1 1 1 1 1 1 1 1 1 1 1 1 1 1 1 1 1 1 1 1 1 1 1 1 1 1 1 1 1 1 1 1 1 1 1 1 1 1 1 1 100 1 1 1 1 1 1 1 1 1 1 1 1 1 1 1 1 1 1 1 1 1 1 1 1 1 1 1 1 1 1 1 1 1 1 7 1 1 1 1 1 1 1 1 1 1 1 1 1 1 1 1 1 1 1 1 1 1 100 1 1 1 100 1 1 7 1 1 1 1 1 1 1 1 1 1 1
staticfield java/lang/invoke/LambdaForm DEFAULT_CUSTOMIZED Ljava/lang/invoke/MethodHandle; 
staticfield java/lang/invoke/LambdaForm DEFAULT_KIND Ljava/lang/invoke/LambdaForm$Kind; java/lang/invoke/LambdaForm$Kind
staticfield java/lang/invoke/LambdaForm COMPILE_THRESHOLD I 0
staticfield java/lang/invoke/LambdaForm INTERNED_ARGUMENTS [[Ljava/lang/invoke/LambdaForm$Name; 5 [[Ljava/lang/invoke/LambdaForm$Name;
staticfield java/lang/invoke/LambdaForm IMPL_NAMES Ljava/lang/invoke/MemberName$Factory; java/lang/invoke/MemberName$Factory
staticfield java/lang/invoke/LambdaForm LF_identity [Ljava/lang/invoke/LambdaForm; 6 [Ljava/lang/invoke/LambdaForm;
staticfield java/lang/invoke/LambdaForm LF_zero [Ljava/lang/invoke/LambdaForm; 6 [Ljava/lang/invoke/LambdaForm;
staticfield java/lang/invoke/LambdaForm NF_identity [Ljava/lang/invoke/LambdaForm$NamedFunction; 6 [Ljava/lang/invoke/LambdaForm$NamedFunction;
staticfield java/lang/invoke/LambdaForm NF_zero [Ljava/lang/invoke/LambdaForm$NamedFunction; 6 [Ljava/lang/invoke/LambdaForm$NamedFunction;
staticfield java/lang/invoke/LambdaForm createFormsLock Ljava/lang/Object; java/lang/Object
staticfield java/lang/invoke/LambdaForm DEBUG_NAME_COUNTERS Ljava/util/HashMap; 
staticfield java/lang/invoke/LambdaForm DEBUG_NAMES Ljava/util/HashMap; 
staticfield java/lang/invoke/LambdaForm TRACE_INTERPRETER Z 0
staticfield java/lang/invoke/LambdaForm $assertionsDisabled Z 1
ciInstanceKlass java/lang/invoke/MemberName 1 1 724 7 1 7 1 100 1 9 12 1 1 10 7 12 1 1 1 9 12 1 1 10 12 1 1 10 12 1 1 10 12 1 1 10 12 1 10 12 1 1 10 7 12 1 1 1 10 12 1 9 7 12 1 1 10 12 1 7 1 7 1 10 12 1 8 1 10 12 1 1 10 12 1 10 12 1 1 10 12 1 9 12 1 1 8 1 10 100 12 1 1 1 7 1 10 10 12 1 1 7 1 7 1 10 12 1 9 12 1 1 100 1 8 1 10 12 1 10 12 1 10 12 1 10 12 1 10 12 1 1 10 12 1 10 12 1 10 12 1 1 8 1 8 1 10 12 1 8 1 9 12 1 1 3 10 12 1 10 12 1 10 12 1 10 10 7 12 1 1 1 10 12 1 10 12 1 10 12 1 10 12 1 7 1 8 10 12 1 1 10 12 1 1 8 1 9 7 1 8 9 7 1 10 12 1 1 10 12 1 10 12 1 8 1 10 12 1 1 10 12 1 10 12 1 10 12 1 10 12 1 1 7 1 10 12 1 1 10 12 1 8 1 10 12 1 10 12 1 8 1 10 12 1 1 10 12 1 1 7 1 10 12 1 1 10 12 8 1 8 1 7 1 10 12 1 10 100 12 1 1 1 100 1 10 12 10 12 1 10 12 1 10 12 1 10 12 1 10 10 12 1 10 12 1 10 12 1 3 10 12 1 3 10 12 1 3 3 3 3 3 3 10 12 1 3 9 12 1 10 12 1 1 3 10 12 1 10 10 7 12 1 1 1 10 12 1 1 10 7 12 1 1 10 10 12 1 10 12 1 1 10 12 1 10 10 12 1 1 10 12 1 10 12 1 10 12 1 7 1 10 10 10 12 100 1 10 10 10 12 1 1 10 12 1 1 10 10 12 1 8 10 7 1 10 12 1 10 7 1 10 12 1 10 12 1 10 12 1 10 10 12 1 10 12 1 1 10 12 1 1 10 12 1 10 12 1 10 12 1 100 1 10 12 1 1 100 1 8 1 10 7 1 10 12 1 10 12 10 12 1 1 10 12 1 10 12 1 8 1 8 1 8 1 8 1 10 12 1 10 12 1 10 7 12 1 1 1 8 1 8 1 10 12 1 8 1 10 10 10 12 1 10 12 1 8 1 8 1 10 10 12 1 8 1 10 100 12 1 1 1 8 1 100 1 10 12 1 10 12 1 1 10 12 1 8 1 8 1 8 1 8 1 100 1 10 8 1 8 1 8 1 8 1 10 12 1 100 1 100 1 100 1 10 100 1 10 7 1 10 7 12 1 1 1 9 7 12 1 1 1 7 1 7 1 1 1 1 1 1 1 3 1 3 1 3 1 3 1 3 1 3 1 1 1 1 1 1 1 1 3 1 3 1 1 1 1 1 1 1 1 1 1 1 1 1 1 1 1 1 1 1 1 1 1 1 1 1 1 1 1 1 1 1 1 1 1 1 1 1 1 1 1 1 1 1 1 1 1 1 1 1 1 1 1 1 1 1 1 1 1 1 1 1 1 1 1 1 1 1 1 1 1 1 1 1 1 1 1 1 1 1 1 1 1 1 1 1 1 1 1 1 1 1 1 1 1 1 1 7 1 1 1 1 1 1 1 1 1 1 1 1 1 1 1
staticfield java/lang/invoke/MemberName $assertionsDisabled Z 1
instanceKlass java/lang/invoke/VarHandleByteArrayAsDoubles$ByteArrayViewVarHandle
instanceKlass java/lang/invoke/VarHandleByteArrayAsFloats$ByteArrayViewVarHandle
instanceKlass java/lang/invoke/VarHandleByteArrayAsChars$ByteArrayViewVarHandle
instanceKlass java/lang/invoke/VarHandleByteArrayAsShorts$ByteArrayViewVarHandle
instanceKlass java/lang/invoke/VarHandleReferences$FieldInstanceReadOnly
instanceKlass java/lang/invoke/VarHandleBooleans$FieldInstanceReadOnly
instanceKlass java/lang/invoke/VarHandleInts$FieldInstanceReadOnly
instanceKlass java/lang/invoke/VarHandleByteArrayAsLongs$ByteArrayViewVarHandle
instanceKlass java/lang/invoke/VarHandleByteArrayAsInts$ByteArrayViewVarHandle
instanceKlass java/lang/invoke/VarHandleReferences$FieldStaticReadOnly
ciInstanceKlass java/lang/invoke/VarHandle 1 1 473 10 7 12 1 1 1 10 7 12 1 1 9 12 1 1 9 12 1 1 100 1 10 8 1 10 12 1 1 10 7 12 1 1 1 10 12 1 1 10 7 12 1 1 1 9 100 12 1 1 1 10 12 1 1 10 7 12 1 1 1 10 12 1 1 9 12 1 10 12 1 9 12 1 1 10 7 12 1 1 10 12 1 9 7 12 1 1 1 9 12 1 1 10 12 1 1 100 1 7 1 10 8 1 10 12 1 1 10 12 1 8 1 10 12 1 10 12 1 9 12 1 1 9 12 1 10 12 1 10 12 1 1 10 12 1 10 10 100 12 1 1 1 10 12 1 1 10 12 1 1 10 7 12 1 1 1 10 100 12 1 1 1 10 100 12 1 1 1 9 12 1 1 9 10 12 1 10 12 1 10 12 1 1 10 12 1 10 7 12 1 1 1 9 12 1 1 10 12 1 1 9 12 1 10 12 1 10 12 1 10 7 12 1 1 100 1 10 9 7 12 1 1 1 9 12 1 1 10 7 12 1 1 1 10 12 1 10 12 1 10 12 1 10 12 1 10 12 1 10 12 1 1 8 10 12 1 1 7 1 10 12 1 1 7 1 1 1 1 1 1 1 1 1 1 1 1 1 1 1 1 1 1 1 1 1 1 1 1 1 1 1 1 1 1 1 1 1 1 1 1 1 1 1 1 1 1 1 1 1 1 1 1 1 1 1 1 1 1 1 1 1 1 1 1 1 1 1 1 1 1 1 1 100 1 1 1 1 1 1 1 1 100 1 1 1 1 1 1 1 1 1 1 1 1 100 1 100 1 1 100 1 100 1 100 1 100 1 100 1 100 1 100 1 100 1 100 1 100 1 100 1 100 1 100 1 100 1 100 1 100 1 100 1 100 1 100 1 100 1 100 1 100 1 100 1 100 1 100 1 100 1 100 1 100 1 100 1 100 1 100 1 100 1 100 1 100 1 100 1 1 1 1 1 1 100 1 1 1 100 1 1 100 1 100 1 100 1 100 1 100 1 100 1 1 1 1 100 1 100 1 100 1 100 1 100 1 100 1 100 1 100 1
staticfield java/lang/invoke/VarHandle VFORM_OFFSET J 16
staticfield java/lang/invoke/VarHandle $assertionsDisabled Z 1
ciInstanceKlass java/util/Collections 1 1 933 10 7 12 1 1 1 11 7 12 1 1 1 7 1 11 12 1 1 7 1 10 12 1 1 10 12 1 11 12 1 1 7 1 11 12 1 1 11 12 1 1 10 12 1 11 100 12 1 1 11 12 1 1 11 12 1 10 12 1 10 12 1 10 12 11 100 12 1 1 1 10 12 1 1 11 12 1 11 12 1 1 9 12 1 1 100 1 10 10 12 1 1 10 12 1 11 100 12 1 1 1 11 12 1 1 10 12 1 11 12 1 100 1 8 1 10 12 1 11 7 12 1 1 1 11 7 1 11 12 1 1 10 12 1 1 10 12 1 10 12 1 1 10 12 1 11 12 1 1 10 12 1 1 10 12 1 1 10 12 1 1 11 12 1 1 7 1 10 12 1 11 7 1 100 1 10 12 1 11 7 1 7 1 10 12 1 11 100 1 100 1 10 12 1 11 100 1 100 1 10 12 1 11 100 1 100 1 10 12 1 11 7 1 11 7 1 10 12 10 11 7 1 7 1 10 12 1 11 100 1 100 1 10 11 100 1 100 1 10 12 1 11 100 1 100 1 10 12 1 100 1 10 10 12 1 7 1 10 10 12 1 100 1 10 100 1 10 100 1 10 100 1 10 10 12 1 10 7 1 10 100 1 10 100 1 10 100 1 10 12 1 10 100 12 1 1 1 100 1 100 1 10 12 1 100 1 10 12 1 100 1 10 12 1 100 1 10 12 1 100 1 10 12 1 100 1 10 100 1 10 12 1 100 1 10 12 1 100 1 10 12 1 9 7 12 1 1 1 9 100 12 1 1 9 7 12 1 1 1 9 12 1 1 9 12 1 1 9 12 1 1 9 12 1 1 9 12 1 1 7 1 10 12 7 1 10 7 1 10 7 1 10 100 1 10 12 1 100 1 7 1 10 8 1 10 12 1 1 10 12 1 10 12 1 1 10 7 1 10 12 1 9 100 12 1 1 1 9 100 12 1 1 1 100 1 9 12 1 1 10 12 7 1 10 7 1 10 11 100 12 1 1 11 12 1 10 12 1 11 11 12 1 11 11 12 1 8 1 7 1 10 11 100 1 10 12 1 100 1 10 100 12 1 1 1 100 1 10 12 1 7 1 10 7 1 10 7 1 10 1 1 1 3 1 3 1 3 1 3 1 3 1 3 1 3 1 3 1 1 1 1 1 1 1 1 1 1 1 1 1 1 1 1 1 1 1 1 1 1 1 1 1 1 1 1 1 1 1 1 1 1 1 1 1 1 1 1 1 1 1 1 1 1 1 1 1 1 1 1 1 1 1 1 1 1 1 1 1 1 1 1 1 1 1 1 1 1 1 1 1 1 1 1 1 1 1 1 1 1 1 1 1 1 1 1 1 1 1 1 1 1 1 1 1 1 1 1 1 1 1 1 1 1 1 1 1 1 1 1 1 1 1 1 1 1 1 1 1 1 1 1 1 1 1 1 1 1 1 1 1 1 1 1 1 1 1 1 1 1 1 1 1 1 1 1 1 1 1 1 1 1 1 1 1 1 1 1 1 1 1 1 1 1 1 1 1 1 1 1 1 1 1 1 1 1 1 1 1 1 1 1 1 1 1 1 1 1 1 1 1 1 1 1 1 1 1 1 1 1 1 1 1 1 1 1 1 1 1 1 1 1 1 1 1 1 1 1 1 1 1 1 1 1 1 1 1 1 1 1 1 1 1 1 1 1 1 1 1 1 1 1 1 1 1 1 1 1 1 1 1 1 1 1 1 1 1 1 1 1 1 1 1 1 1 1 1 1 1 1 1 1 1 1 1 1 1 1 1 1 1 1 1 1 1 1 1 1 1 1 1 1 1 1 1 1 1 1 1 1 1 1 1 1 1 1 1 1 1 1 1 1 1 1 1 1 1 1 1 1 1 1 1 1 1 1 1 1 1 1 100 1 100 1 100 1 100 1 100 1 100 1 100 1 100 1 100 1 100 1 100 1 100 1 100 1 1 1 1 1 1 1 1 1 1 1 1 1 1 1 1 1 1 1 1 1 1 1 1 1 1 1 1 1 1 1 1 1 1 1 1 1 1 1 1 1 1 100 1 1 1 1 1 1 1 1 1 1 1 1 1 1 1
staticfield java/util/Collections EMPTY_SET Ljava/util/Set; java/util/Collections$EmptySet
staticfield java/util/Collections EMPTY_LIST Ljava/util/List; java/util/Collections$EmptyList
staticfield java/util/Collections EMPTY_MAP Ljava/util/Map; java/util/Collections$EmptyMap
instanceKlass jdk/internal/reflect/FieldAccessorImpl
instanceKlass jdk/internal/reflect/ConstructorAccessorImpl
instanceKlass jdk/internal/reflect/MethodAccessorImpl
ciInstanceKlass jdk/internal/reflect/MagicAccessorImpl 1 1 16 10 7 12 1 1 1 100 1 1 1 1 1 1 1 1
instanceKlass jdk/internal/reflect/DirectMethodHandleAccessor
ciInstanceKlass jdk/internal/reflect/MethodAccessorImpl 1 1 38 10 7 12 1 1 1 10 100 12 1 1 1 100 1 1 1 1 1 1 1 100 1 100 1 1 1 1 1 1 1 1 1 1 1 1 1 1
ciInstanceKlass jdk/internal/reflect/MethodAccessor 1 0 17 100 1 100 1 1 1 1 100 1 100 1 1 1 1 1 1
instanceKlass jdk/internal/reflect/DirectConstructorHandleAccessor$NativeAccessor
instanceKlass jdk/internal/reflect/DirectConstructorHandleAccessor
instanceKlass jdk/internal/reflect/NativeConstructorAccessorImpl
ciInstanceKlass jdk/internal/reflect/ConstructorAccessorImpl 1 1 27 10 7 12 1 1 1 100 1 100 1 1 1 1 1 1 1 1 1 100 1 100 1 100 1 1 1
ciInstanceKlass jdk/internal/reflect/ConstructorAccessor 1 0 16 100 1 100 1 1 1 1 100 1 100 1 100 1 1 1
ciInstanceKlass jdk/internal/reflect/DelegatingClassLoader 0 0 18 10 100 12 1 1 1 100 1 1 1 1 1 1 1 1 1 1
ciInstanceKlass jdk/internal/reflect/CallerSensitive 0 0 17 100 1 100 1 100 1 1 1 1 1 1 1 1 1 1 1
ciInstanceKlass jdk/internal/reflect/NativeConstructorAccessorImpl 0 0 125 10 7 12 1 1 1 9 7 12 1 1 1 100 1 10 12 1 9 12 1 1 9 12 1 1 10 100 12 1 1 1 10 7 12 1 1 1 10 7 12 1 1 1 9 12 1 9 12 1 1 9 12 1 1 10 7 12 1 1 1 100 1 10 10 12 1 1 10 12 1 10 12 1 1 10 12 1 7 1 10 12 1 1 10 12 1 1 8 10 12 1 1 1 1 1 1 1 1 1 1 1 1 1 1 1 1 1 1 1 1 1 1 100 1 100 1 100 1 1 1 1 1 1 1
ciInstanceKlass jdk/internal/reflect/ConstantPool 1 1 142 10 7 12 1 1 1 9 7 12 1 1 1 10 12 1 1 10 12 1 1 10 12 1 10 12 1 1 10 12 1 1 10 12 1 10 12 1 1 10 12 1 10 12 1 1 10 12 1 10 12 1 10 12 1 10 12 1 1 10 12 1 1 10 12 1 1 10 12 1 1 10 12 1 10 12 1 1 10 100 12 1 1 1 8 11 7 12 1 1 1 10 7 12 1 1 1 1 1 1 1 1 1 1 1 1 1 1 1 1 1 1 1 1 1 1 1 1 1 1 1 1 1 1 1 1 1 1 1 1 1 1 1 1 1 1 1 1 1 1 1 1
ciInstanceKlass jdk/internal/reflect/UnsafeStaticFieldAccessorImpl 0 0 47 10 7 12 1 1 1 9 7 12 1 1 1 10 7 12 1 1 1 9 12 1 1 8 11 100 12 1 1 1 10 100 12 1 1 1 1 1 1 1 1 1 1 1 1 1 1
ciInstanceKlass jdk/internal/reflect/FieldAccessor 0 0 48 100 1 100 1 1 1 1 100 1 1 1 1 1 1 1 1 1 1 1 1 1 1 1 1 1 1 1 100 1 1 1 1 1 1 1 1 1 1 1 1 1 1 1 1 1 1 1
instanceKlass jdk/internal/reflect/UnsafeFieldAccessorImpl
ciInstanceKlass jdk/internal/reflect/FieldAccessorImpl 0 0 269 10 7 12 1 1 1 9 7 12 1 1 1 10 7 12 1 1 1 10 7 12 1 1 10 7 12 1 1 1 10 12 1 1 7 1 10 10 12 1 1 10 12 1 1 8 1 10 10 12 1 100 1 8 1 10 12 1 8 1 10 12 1 8 1 10 12 1 100 1 10 12 1 1 10 8 1 10 12 1 1 8 1 10 7 12 1 1 8 1 10 7 12 1 1 8 1 10 7 12 1 1 8 1 10 7 12 1 1 8 1 10 7 12 1 1 8 1 10 7 12 1 1 8 1 10 7 12 1 1 8 1 10 7 12 1 1 10 12 1 1 8 1 10 12 1 1 10 100 12 1 1 1 8 1 10 12 1 8 1 8 1 8 1 8 1 10 7 12 1 1 1 8 1 8 1 8 1 10 12 7 1 1 1 1 1 1 1 1 1 1 1 1 1 1 1 1 1 1 1 1 1 1 1 1 1 1 1 1 1 1 1 1 1 1 1 1 1 1 1 1 1 1 1 1 1 1 1 1 1 1 1 1 1 1 1 1 1 1 1 1 1 1 1 1 1 1 1 1 1 1 1 1 1 1 1 1 1 1 1 1 1 1 1 1 1 1 1 1
instanceKlass jdk/internal/reflect/UnsafeStaticFieldAccessorImpl
ciInstanceKlass jdk/internal/reflect/UnsafeFieldAccessorImpl 0 0 62 10 100 12 1 1 1 10 100 12 1 1 1 10 100 12 1 1 1 9 100 12 1 1 10 12 1 9 12 1 1 10 100 12 1 1 1 9 12 1 1 10 12 1 10 12 1 1 1 1 1 1 1 1 1 1 1 1 1 1 1 1
instanceKlass java/lang/invoke/VolatileCallSite
instanceKlass java/lang/invoke/MutableCallSite
instanceKlass java/lang/invoke/ConstantCallSite
ciInstanceKlass java/lang/invoke/CallSite 1 1 307 10 7 12 1 1 1 10 7 12 1 1 1 9 7 12 1 1 1 10 12 1 1 9 12 1 1 10 7 12 1 1 1 10 12 1 7 1 10 12 1 1 10 12 1 1 9 100 12 1 1 1 10 7 12 1 1 10 12 1 1 100 1 7 1 10 10 7 12 1 1 1 10 12 1 1 8 1 10 12 1 10 12 1 1 10 12 1 10 12 1 1 10 12 1 1 10 10 100 12 1 1 10 12 1 1 9 12 1 9 100 12 1 1 1 8 1 10 7 12 1 1 1 10 12 1 1 7 1 10 12 1 1 9 12 1 8 1 100 1 10 12 1 10 12 1 100 1 8 1 10 10 12 1 10 12 1 1 100 1 10 12 1 1 10 12 1 10 12 1 10 12 1 1 10 12 1 1 9 12 1 1 8 10 12 1 1 9 12 1 1 100 1 10 10 12 1 10 7 12 1 1 1 10 12 1 1 10 12 1 1 10 12 1 10 7 12 1 1 1 7 1 8 1 10 10 12 10 12 1 1 7 1 7 1 7 1 8 1 10 12 1 10 7 12 1 1 1 1 1 1 1 1 1 1 1 1 1 1 1 1 1 1 1 1 1 1 1 1 1 1 1 1 1 1 1 1 1 1 1 1 1 1 1 1 1 1 1 1 1 1 1 1 1 1 1 1 1 1 1 7 1 7 1 1 1 1
staticfield java/lang/invoke/CallSite $assertionsDisabled Z 1
ciInstanceKlass java/lang/invoke/ConstantCallSite 1 1 65 10 7 12 1 1 1 9 7 12 1 1 1 9 12 1 1 10 7 12 1 1 1 10 12 1 100 1 10 12 9 12 1 1 100 1 10 10 12 1 1 10 12 1 1 1 1 1 1 1 1 1 1 1 1 1 100 1 1 1 1 1 1 1 1
staticfield java/lang/invoke/ConstantCallSite UNSAFE Ljdk/internal/misc/Unsafe; jdk/internal/misc/Unsafe
instanceKlass java/lang/invoke/DirectMethodHandle$Interface
instanceKlass java/lang/invoke/DirectMethodHandle$Special
instanceKlass java/lang/invoke/DirectMethodHandle$Accessor
instanceKlass java/lang/invoke/DirectMethodHandle$Constructor
ciInstanceKlass java/lang/invoke/DirectMethodHandle 1 1 923 7 1 7 1 100 1 7 1 7 1 10 7 12 1 1 1 10 7 12 1 1 1 7 1 10 12 1 10 12 1 1 10 7 12 1 1 10 12 1 1 10 12 1 10 12 1 7 1 10 12 1 1 10 12 1 1 10 12 1 10 12 1 1 10 7 12 1 1 1 10 12 1 9 12 1 1 100 1 10 9 12 1 1 9 12 1 10 12 1 10 12 1 10 12 1 1 10 12 1 10 12 1 10 12 1 10 7 12 1 1 1 10 12 1 10 12 1 1 8 1 10 12 1 1 7 1 10 12 1 7 1 10 10 12 1 10 12 1 10 12 1 10 7 12 1 1 1 10 12 1 1 100 1 10 12 1 10 12 1 7 1 10 12 1 10 12 1 1 10 12 1 1 10 12 1 8 10 7 12 1 1 1 10 12 1 10 12 1 10 12 1 1 10 12 1 9 7 12 1 1 1 7 1 10 12 1 10 7 12 1 1 1 10 12 1 10 12 1 1 9 12 1 1 7 1 10 8 1 10 12 1 1 10 12 1 1 8 1 10 12 1 10 12 1 10 10 12 1 10 12 1 10 12 1 10 12 1 10 12 1 1 10 12 1 10 12 1 1 10 12 1 10 12 1 1 10 10 7 12 1 1 1 10 12 1 10 12 1 1 10 12 1 10 12 1 1 8 1 9 7 12 1 1 1 8 1 9 12 1 9 12 1 8 1 9 12 1 9 12 1 8 1 9 12 1 9 12 1 8 1 10 12 1 10 12 1 1 9 12 1 1 7 1 10 12 1 1 7 1 10 7 12 1 1 1 10 12 1 1 10 12 1 10 12 1 1 7 1 10 12 1 1 10 12 1 10 12 1 1 7 1 10 12 1 1 10 12 1 10 7 12 1 1 1 10 12 1 10 12 1 1 10 12 1 9 12 1 1 10 7 1 9 12 9 12 1 10 7 12 1 1 1 10 12 1 7 1 7 1 7 1 9 12 1 1 10 7 12 1 1 1 10 12 10 12 1 100 1 10 12 1 10 12 1 1 8 1 9 12 1 9 12 1 10 12 1 1 9 12 1 1 10 100 12 1 1 1 9 12 1 1 9 12 1 1 10 12 1 10 12 1 10 12 1 10 12 1 1 10 12 1 9 12 1 10 12 1 10 12 1 10 12 1 10 12 1 1 10 12 1 1 9 12 1 1 10 12 1 1 9 7 12 1 1 1 9 12 1 9 12 1 9 12 1 9 12 1 9 12 1 9 12 1 9 12 1 9 12 1 9 12 1 9 12 1 9 12 1 9 12 1 9 12 1 9 12 1 9 12 1 9 12 1 9 12 1 9 12 1 9 12 1 9 12 1 9 12 1 9 12 1 9 12 1 9 12 1 9 12 1 9 12 1 9 12 1 9 12 1 9 12 1 9 12 1 9 12 1 9 12 1 9 12 1 9 12 1 9 12 1 9 12 1 8 1 9 12 1 1 9 12 1 1 10 12 1 10 12 1 1 9 7 1 10 12 1 9 12 1 1 10 12 10 12 1 10 12 1 10 12 1 10 12 1 10 8 1 8 1 8 1 8 1 10 12 1 1 9 12 1 1 10 12 1 10 100 12 1 1 1 8 9 12 1 1 10 12 1 1 8 1 8 8 9 12 1 8 1 8 8 8 8 8 1 8 10 12 1 7 1 10 12 1 8 1 8 1 10 12 1 10 12 1 10 12 1 10 12 1 1 7 1 1 1 1 3 1 3 1 3 1 3 1 3 1 3 1 3 1 3 1 3 1 3 1 1 1 1 1 1 1 1 1 1 3 1 3 1 1 1 1 3 1 1 1 1 1 1 1 1 1 1 1 1 1 1 1 1 1 1 1 1 1 1 1 1 1 1 1 1 1 1 1 1 1 1 1 1 1 1 1 1 1 1 1 1 1 1 1 1 1 1 1 1 1 1 1 1 1 100 1 1 1 1 1 1 1 1 1 100 1 1 1 1 1 1 1 1 1 1 1 1 1 1 1 1 1 1 1 1 1 1 1 1 1 1 1 1 1 1 1 1 1 1 1 1 1 1 1 1 1 1 1 1 1 1 1 1 1 1 1 1
staticfield java/lang/invoke/DirectMethodHandle IMPL_NAMES Ljava/lang/invoke/MemberName$Factory; java/lang/invoke/MemberName$Factory
staticfield java/lang/invoke/DirectMethodHandle FT_UNCHECKED_REF I 8
staticfield java/lang/invoke/DirectMethodHandle ACCESSOR_FORMS [Ljava/lang/invoke/LambdaForm; 132 [Ljava/lang/invoke/LambdaForm;
staticfield java/lang/invoke/DirectMethodHandle ALL_WRAPPERS [Lsun/invoke/util/Wrapper; 10 [Lsun/invoke/util/Wrapper;
staticfield java/lang/invoke/DirectMethodHandle NFS [Ljava/lang/invoke/LambdaForm$NamedFunction; 12 [Ljava/lang/invoke/LambdaForm$NamedFunction;
staticfield java/lang/invoke/DirectMethodHandle OBJ_OBJ_TYPE Ljava/lang/invoke/MethodType; java/lang/invoke/MethodType
staticfield java/lang/invoke/DirectMethodHandle LONG_OBJ_TYPE Ljava/lang/invoke/MethodType; java/lang/invoke/MethodType
staticfield java/lang/invoke/DirectMethodHandle $assertionsDisabled Z 1
ciMethod java/lang/invoke/DirectMethodHandle allocateInstance (Ljava/lang/Object;)Ljava/lang/Object; 512 0 4637717 0 408
ciMethod java/lang/invoke/DirectMethodHandle constructorMethod (Ljava/lang/Object;)Ljava/lang/Object; 512 0 4734736 0 128
ciInstanceKlass java/lang/invoke/MutableCallSite 0 0 63 10 100 12 1 1 1 10 12 1 9 100 12 1 1 1 10 12 1 10 12 1 1 9 12 1 1 10 100 12 1 1 1 10 100 12 1 1 1 10 12 1 1 1 1 1 1 1 1 1 1 1 1 1 1 1 1 1 1 100 1 1 1
ciInstanceKlass java/lang/invoke/VolatileCallSite 0 0 37 10 100 12 1 1 1 10 12 1 10 100 12 1 1 1 10 12 1 10 12 1 1 1 1 1 1 1 1 1 1 1 1 1 1 1 1
ciInstanceKlass java/lang/invoke/ResolvedMethodName 1 1 16 10 100 12 1 1 1 100 1 1 1 1 1 1 1 1
ciInstanceKlass java/lang/invoke/MethodHandleNatives 1 1 690 100 1 10 7 12 1 1 1 9 7 12 1 1 1 10 12 1 1 100 1 10 10 12 1 1 10 12 1 10 12 1 8 1 8 1 8 1 8 1 8 1 8 1 8 1 8 1 8 1 8 1 10 12 1 1 7 1 10 7 12 1 1 1 10 7 12 1 1 1 7 1 10 10 12 1 1 8 1 10 12 1 8 1 10 12 1 1 8 1 10 12 1 1 9 7 12 1 1 1 8 1 10 100 12 1 1 1 7 1 10 12 100 1 100 1 8 1 7 1 10 10 12 1 7 1 9 7 12 1 1 10 12 1 1 10 12 1 10 7 12 1 1 1 10 12 1 1 9 12 1 8 1 10 12 1 1 10 12 1 8 1 10 12 1 1 7 1 10 12 1 10 7 12 1 1 1 10 12 1 10 12 1 1 10 12 1 1 8 1 10 12 1 1 8 1 10 12 1 8 1 8 1 8 1 7 1 10 12 1 8 1 10 7 12 1 1 1 10 12 1 1 10 7 12 1 1 10 10 12 1 1 10 12 1 10 100 12 1 1 1 100 1 8 1 10 100 12 1 1 1 7 1 8 1 10 12 1 8 1 8 1 8 1 8 1 8 1 10 12 1 1 10 12 1 1 10 12 1 10 12 1 1 10 12 1 1 7 1 10 12 1 7 1 7 1 10 12 1 10 12 1 8 1 8 1 10 10 12 1 1 10 12 1 1 8 1 10 7 12 1 1 8 1 8 1 10 12 1 1 10 7 12 1 1 1 100 1 10 12 1 1 7 1 9 12 1 1 10 7 12 1 1 1 10 10 12 1 9 12 1 10 12 1 9 12 1 9 12 1 10 12 1 1 10 12 1 10 12 1 1 7 1 7 1 10 12 1 1 10 12 1 10 12 1 1 10 7 12 1 1 1 10 12 1 8 1 10 12 1 10 12 1 10 12 1 1 10 12 1 10 7 12 1 1 1 10 12 1 1 100 1 8 1 10 9 7 12 1 1 1 10 12 1 1 10 12 1 1 7 1 10 12 1 1 10 12 1 1 100 1 100 1 10 10 100 1 100 1 10 100 1 10 10 12 1 1 10 7 1 10 12 1 10 12 1 1 10 12 1 1 10 12 1 1 10 12 1 10 12 1 1 10 8 1 10 12 1 10 12 1 10 12 1 10 12 1 10 12 1 1 10 12 1 10 12 1 10 12 1 10 10 7 12 1 1 10 12 1 1 1 1 1 1 1 1 1 1 1 1 1 7 1 1 1 1 1 1 1 1 1 1 1 1 1 1 1 1 1 1 1 1 1 1 1 1 1 1 1 1 1 1 1 1 1 1 1 1 1 1 1 1 1 1 1 1 1 1 1 1 1 1 1 1 1 1 1 1 1 1 1 1 1 1 1 1 1 100 1 1 1 1 1 1 1 1 1 1 1 1 1 1 1 1 1 1 1 1 1 1 1 1 1 1 1 1 1 1 1 1 1 100 1 1 1 1 1 1 1 1 1 1 1 1 1 1 1 1 1 1 1 1 1 1 1 1 1 1 7 1 1 1 1 1 1 1 100 1 1 1
staticfield java/lang/invoke/MethodHandleNatives $assertionsDisabled Z 1
ciInstanceKlass java/lang/invoke/MethodHandleNatives$CallSiteContext 1 1 49 10 7 12 1 1 1 7 1 10 10 7 12 1 1 1 10 7 12 1 1 1 10 7 12 1 1 1 100 1 1 1 1 1 1 1 1 1 1 1 1 1 1 1 1 1 100 1 1
ciInstanceKlass jdk/internal/foreign/abi/NativeEntryPoint 0 0 194 10 7 12 1 1 1 9 7 12 1 1 1 9 12 1 1 100 1 8 1 10 12 1 10 12 1 1 100 1 10 100 12 1 1 1 10 12 1 9 12 1 1 18 12 1 1 10 100 12 1 1 1 10 7 12 1 1 1 9 7 12 1 1 1 7 1 10 8 1 10 12 1 1 10 12 1 10 12 1 1 8 1 10 12 1 1 7 1 8 1 10 12 1 10 12 1 1 10 12 1 9 12 1 1 18 12 1 1 10 100 12 1 1 1 10 12 1 1 10 12 1 10 100 12 1 1 1 10 1 1 1 1 1 1 1 1 1 1 1 1 1 1 1 1 1 1 1 1 1 1 1 1 1 1 1 1 1 1 1 1 1 1 1 1 1 16 1 15 10 12 16 1 16 15 10 12 15 10 100 12 1 1 1 1 1 100 1 1 100 1 100 1 1
ciInstanceKlass jdk/internal/foreign/abi/ABIDescriptor 0 0 55 10 100 12 1 1 1 9 100 12 1 1 1 9 12 1 1 9 12 1 9 12 1 9 12 1 1 9 12 1 9 12 1 1 9 12 1 9 12 1 9 12 1 9 12 1 1 1 1 1 1 1 1 1 1
ciInstanceKlass jdk/internal/foreign/abi/VMStorage 0 0 91 10 7 12 1 1 1 9 7 12 1 1 1 9 12 1 1 9 12 1 1 9 12 1 1 7 1 10 8 1 10 12 1 1 10 12 1 10 12 1 1 10 12 1 18 12 1 18 12 1 1 18 12 1 1 1 1 1 1 1 1 1 1 1 1 1 1 1 1 1 1 1 8 1 15 15 15 15 15 10 100 12 1 1 1 1 100 1 100 1 1
ciInstanceKlass jdk/internal/foreign/abi/UpcallLinker$CallRegs 0 0 66 10 7 12 1 1 1 9 7 12 1 1 1 9 12 1 18 12 1 1 18 12 1 1 18 12 1 1 1 1 1 1 1 1 1 1 1 1 1 1 1 1 1 1 100 1 1 1 8 1 15 15 15 10 100 12 1 1 1 1 1 100 1 100 1 1
ciInstanceKlass java/lang/StackWalker 0 0 271 9 7 12 1 1 1 100 1 10 100 12 1 1 1 10 12 1 1 10 100 12 1 1 1 10 12 1 1 10 12 1 11 100 12 1 1 1 10 12 1 1 10 12 1 1 10 12 1 1 100 1 8 1 10 12 1 10 12 1 10 12 1 10 7 12 1 1 9 12 1 1 9 12 1 1 9 12 1 1 9 12 1 1 10 12 1 1 9 12 1 1 9 12 1 1 9 12 1 1 10 7 12 1 1 1 11 12 1 1 100 1 8 1 10 10 7 12 1 1 9 12 1 1 10 12 1 1 10 100 12 1 1 1 10 100 12 1 1 1 18 12 1 1 100 1 8 1 10 8 1 10 12 1 1 10 100 12 1 1 1 10 12 1 1 9 100 12 1 1 11 100 12 1 1 1 10 12 1 1 1 1 1 1 1 1 1 1 1 1 1 1 1 1 1 1 1 1 1 1 1 1 1 1 1 1 1 1 1 1 1 1 1 1 1 1 1 1 1 1 1 1 1 1 1 1 1 1 1 1 1 1 1 1 1 1 1 1 1 1 1 1 1 1 7 1 1 16 15 10 12 16 1 15 10 100 12 1 1 1 1 1 1 1 1 1 100 1 100 1 1
ciInstanceKlass java/lang/StackWalker$StackFrame 0 0 41 100 1 10 12 1 1 100 1 100 1 1 1 1 1 1 1 1 1 1 1 1 1 1 1 1 1 1 1 1 1 1 1 1 1 1 1 100 1 1 1
instanceKlass java/lang/LiveStackFrameInfo
ciInstanceKlass java/lang/StackFrameInfo 0 0 142 10 7 12 1 1 1 9 7 12 1 1 1 9 7 1 9 12 1 1 11 100 12 1 1 1 9 12 1 1 11 12 1 1 10 12 1 1 10 7 12 1 1 1 10 12 1 11 12 1 11 12 1 1 11 12 1 10 12 1 1 9 12 1 1 10 12 1 1 10 7 12 1 1 10 12 1 1 11 12 1 1 9 12 1 1 10 7 1 10 12 1 9 12 1 1 10 12 1 1 100 1 8 1 10 12 1 10 100 12 1 1 1 7 1 1 1 1 1 1 1 1 1 1 1 1 1 1 1 1 1 1 7 1 1 7 1 1 1 1 1 1
ciInstanceKlass java/lang/LiveStackFrameInfo 0 0 97 10 7 12 1 1 1 9 7 12 1 1 1 9 12 1 9 12 1 9 12 1 9 12 1 1 7 1 10 12 1 1 10 12 1 8 1 10 12 1 1 8 1 8 1 8 1 10 100 1 10 12 1 100 1 10 12 1 7 1 7 1 1 1 3 1 3 1 1 1 1 1 1 1 1 1 1 1 1 1 1 1 1 1 1 1 1 1 1 1 1 1 1 1 100 1 1
ciInstanceKlass java/lang/LiveStackFrame 0 0 135 100 1 10 100 12 1 1 1 11 7 12 1 1 1 11 12 1 10 7 12 1 1 1 100 1 8 1 10 12 1 1 10 7 12 1 1 1 9 100 12 1 1 1 10 7 12 1 1 1 10 7 12 1 1 1 11 12 1 10 12 1 7 1 7 1 1 1 1 1 1 1 1 1 1 1 1 1 1 1 1 1 1 1 1 1 1 1 1 1 1 1 1 100 1 1 1 1 1 1 1 100 1 8 1 1 12 10 1 1 1 8 1 1 1 8 1 1 1 8 1 1 1 8 1 1 8 1 1 1 8 1 1 8 1
ciInstanceKlass java/lang/StackStreamFactory$AbstractStackWalker 1 0 375 100 1 7 1 3 10 7 12 1 1 1 10 7 12 1 1 10 7 12 1 1 1 9 12 1 1 10 12 1 1 9 12 1 1 9 12 1 1 9 12 1 1 9 12 1 10 7 12 1 1 1 10 12 1 1 10 7 12 1 1 9 12 1 1 9 12 1 1 10 12 1 1 9 100 12 1 1 1 10 12 1 1 10 12 1 9 12 1 1 10 100 12 1 1 1 10 12 1 1 9 12 1 1 9 7 12 1 1 1 7 1 10 8 1 10 12 1 1 10 12 1 8 1 10 12 1 1 10 100 12 1 1 1 100 1 8 1 10 12 1 8 1 10 12 10 100 12 1 1 9 12 1 8 1 5 0 8 1 8 1 9 12 1 1 10 12 1 1 18 12 1 1 10 7 12 1 1 1 10 12 1 1 10 12 1 10 12 1 9 12 1 10 12 1 10 12 1 10 12 1 10 12 1 10 12 1 10 12 1 1 8 1 10 12 1 10 12 1 10 12 1 10 12 1 1 8 1 10 12 1 1 10 12 1 1 10 12 1 1 10 12 1 10 12 1 10 100 12 1 1 1 10 12 1 10 12 1 9 12 1 8 1 10 12 1 10 12 1 10 12 1 1 10 12 1 10 12 1 10 12 1 1 10 12 1 10 12 1 10 12 1 10 12 1 10 12 1 10 12 1 1 10 12 1 1 10 12 1 8 1 1 1 1 1 1 1 1 1 1 1 1 1 7 1 1 1 1 1 1 1 7 1 1 1 1 7 1 1 1 1 1 1 1 1 1 1 1 1 1 1 1 1 1 1 1 16 15 15 10 100 12 1 1 1 1 1 1 1 1 100 1 100 1 1
ciInstanceKlass jdk/internal/module/Modules 1 1 504 10 7 12 1 1 1 9 7 12 1 1 1 11 7 12 1 1 1 11 12 1 1 11 12 1 1 11 12 1 1 11 12 1 11 12 1 11 12 1 11 12 1 11 12 1 1 10 7 12 1 1 1 10 100 12 1 1 1 18 12 1 1 10 7 12 1 1 1 7 1 10 7 12 1 1 1 10 100 12 1 1 1 10 100 12 1 1 10 12 1 1 11 12 1 9 12 1 1 11 100 12 1 1 1 10 12 1 1 10 10 12 1 10 9 12 1 1 10 100 12 1 1 10 12 1 1 10 100 12 1 1 100 1 11 100 12 1 1 1 10 100 12 1 1 1 11 100 12 1 1 10 12 1 1 10 100 12 1 1 10 100 12 1 1 1 10 12 1 1 10 12 1 1 11 12 1 1 18 12 1 1 11 100 12 1 1 10 100 12 1 1 1 11 100 12 1 1 1 7 1 11 12 1 1 11 7 12 1 1 1 11 12 1 1 10 12 1 1 10 100 12 1 1 18 12 1 1 11 12 1 1 18 12 1 1 11 12 1 1 10 12 1 18 18 10 12 1 1 9 12 1 1 11 7 12 1 1 1 100 1 10 11 12 1 11 12 1 1 11 12 1 1 10 100 1 10 12 1 1 10 100 12 1 1 10 12 1 1 11 12 10 12 1 1 7 1 10 18 12 1 10 12 1 1 7 1 8 1 10 12 1 10 100 12 1 1 18 12 1 11 11 12 10 12 1 10 10 100 1 18 12 1 10 10 10 7 12 1 1 10 7 12 1 1 1 10 12 1 1 1 1 1 1 1 1 1 1 1 1 1 1 1 1 1 1 1 1 1 1 1 1 1 1 1 1 1 1 1 1 1 100 1 1 1 1 1 1 1 1 1 1 1 1 1 1 1 1 1 1 1 1 1 1 1 1 1 1 1 1 1 1 1 1 1 1 1 7 1 1 1 1 1 1 1 1 1 1 1 1 1 1 1 1 1 1 1 1 1 1 1 16 15 10 12 1 16 16 15 10 12 1 16 1 16 1 15 10 12 1 16 1 16 1 15 10 12 16 1 15 10 16 1 15 10 12 16 1 15 10 12 16 15 10 12 16 15 10 12 15 10 100 12 1 1 1 1 1 1 100 1 100 1 1
staticfield jdk/internal/module/Modules JLA Ljdk/internal/access/JavaLangAccess; java/lang/System$2
staticfield jdk/internal/module/Modules JLMA Ljdk/internal/access/JavaLangModuleAccess; java/lang/module/ModuleDescriptor$1
staticfield jdk/internal/module/Modules $assertionsDisabled Z 1
ciInstanceKlass java/lang/invoke/Invokers$Holder 1 1 128 1 100 1 100 1 1 1 1 1 1 1 7 1 7 1 7 1 1 12 10 1 1 12 10 1 1 12 10 1 1 100 1 1 12 9 1 1 1 12 10 1 1 1 12 10 1 1 12 10 1 1 12 10 1 12 10 1 1 1 12 10 1 1 100 1 1 12 10 1 12 10 1 1 12 10 1 12 10 1 1 12 10 1 1 12 10 1 12 10 1 1 12 10 1 1 12 10 1 1 12 10 1 12 10 12 10 12 10 12 10 12 10 1 1 12 10 1 1 12 10 1 1 12 10 1 1 1
ciMethod java/lang/invoke/Invokers$Holder linkToTargetMethod (Ljava/lang/Object;)Ljava/lang/Object; 1024 0 3247582 0 -1
ciMethod java/lang/invoke/Invokers$Holder linkToTargetMethod (Ljava/lang/Object;Ljava/lang/Object;)Ljava/lang/Object; 1024 0 2748510 0 -1
ciMethod java/lang/invoke/Invokers$Holder linkToTargetMethod (Ljava/lang/Object;Ljava/lang/Object;Ljava/lang/Object;)Ljava/lang/Object; 5778 0 796373 0 -1
ciInstanceKlass java/lang/invoke/DirectMethodHandle$Holder 1 1 548 1 100 1 100 1 1 1 1 1 1 1 7 1 1 12 10 1 12 10 1 7 1 7 1 1 12 10 1 1 1 1 12 10 1 1 12 10 1 1 12 10 1 1 12 10 1 1 12 10 1 1 12 10 1 1 12 10 1 1 12 10 1 1 12 10 1 1 12 10 1 1 12 10 1 1 12 10 1 1 12 10 1 1 12 10 1 1 12 10 1 1 12 10 1 1 12 10 1 1 12 10 1 1 12 10 1 1 12 10 1 1 12 10 1 1 12 10 1 1 12 10 1 1 12 10 1 1 12 10 1 1 12 10 1 1 12 10 1 1 12 10 1 1 12 10 1 1 12 10 1 1 12 10 1 1 12 10 1 1 12 10 1 1 12 10 1 1 12 10 1 1 12 10 1 1 12 10 1 1 12 10 1 1 12 10 1 1 12 10 1 1 12 10 1 1 12 10 1 1 12 10 1 1 12 10 1 1 12 10 1 1 12 10 1 1 12 10 1 1 12 10 1 1 12 10 1 1 12 10 1 1 12 10 12 10 12 10 1 1 12 10 12 10 1 1 12 10 1 1 12 10 12 10 12 10 12 10 1 1 12 10 12 10 1 1 12 10 12 10 1 1 12 10 1 1 12 10 12 10 12 10 12 10 12 10 1 1 12 10 1 1 12 10 1 1 12 10 1 1 12 10 1 1 12 10 1 1 12 10 1 1 12 10 1 1 12 10 1 1 12 10 1 1 12 10 1 1 12 10 1 1 12 10 1 1 12 10 1 1 12 10 12 10 12 10 12 10 1 12 10 1 1 12 10 1 1 12 10 1 1 1 1 12 10 12 10 1 1 12 10 1 12 10 12 10 1 1 12 10 1 12 10 12 10 1 1 1 12 10 1 12 10 1 100 1 1 12 9 1 100 1 12 10 1 12 10 1 1 1 12 10 1 12 10 1 1 12 10 1 12 10 1 1 1 12 10 1 12 10 1 1 12 10 1 12 10 1 1 12 10 1 12 10 1 1 12 10 1 12 10 1 1 12 10 1 12 10 1 1 12 10 1 12 10 1 1 12 10 1 12 10 1 1 12 10 1 12 10 1 1 1 12 10 1 12 10 1 1 1 12 10 1 12 10 1 1 1 1 12 10 1 12 10 1 1 1 12 10 1 12 10 1 1 1 1 1 12 10 1 12 10 1 1 1 12 10 1 12 10 1 1 1 12 10 1 12 10 1 1 12 10 1 12 10 1 1 1
ciMethod java/lang/invoke/DirectMethodHandle$Holder newInvokeSpecial (Ljava/lang/Object;Ljava/lang/Object;)Ljava/lang/Object; 818 0 2685417 0 -1
ciInstanceKlass java/util/ArrayList 1 1 509 10 7 12 1 1 1 7 1 9 7 12 1 1 1 9 12 1 100 1 7 1 10 8 1 10 12 1 1 10 12 1 10 12 1 1 10 12 1 9 12 1 11 7 12 1 1 1 9 12 1 1 11 12 1 1 7 10 7 12 1 1 1 9 12 1 10 12 1 10 12 1 1 10 7 12 1 1 1 10 7 12 1 1 1 10 12 1 1 10 12 1 1 10 12 1 1 10 12 1 10 12 1 1 100 1 7 1 10 12 1 10 10 7 12 1 1 1 10 7 12 1 1 10 12 1 100 1 10 10 12 10 12 1 1 10 12 1 1 10 12 1 10 12 10 12 1 1 7 1 10 12 1 1 10 12 1 1 10 12 1 100 1 10 11 12 1 1 11 7 12 1 1 1 11 12 1 10 12 1 10 12 1 10 12 1 1 100 1 10 12 1 1 10 10 12 1 1 10 12 1 8 1 8 1 8 1 8 1 10 12 1 1 10 12 1 1 11 12 1 7 1 10 100 12 1 1 10 12 1 10 12 1 1 10 100 12 1 1 10 12 1 10 100 12 1 1 1 11 100 12 1 1 1 10 12 1 100 1 8 1 10 7 1 10 12 1 7 1 10 12 1 10 12 1 1 7 1 10 12 1 10 12 1 1 11 7 12 1 1 7 1 10 12 1 10 12 1 1 11 100 12 1 1 10 12 1 1 10 12 1 1 10 12 1 1 10 12 1 1 11 100 12 1 1 10 12 1 1 7 1 7 1 7 1 1 1 1 5 0 1 3 1 1 1 1 1 1 1 1 1 1 1 1 1 1 1 1 1 1 1 1 1 1 1 1 1 1 1 1 1 1 1 1 1 1 1 1 1 1 1 1 1 1 1 1 1 1 1 1 1 1 1 1 1 1 1 1 1 1 1 1 1 1 1 1 1 1 1 1 1 1 1 1 1 1 1 1 1 1 1 1 1 1 1 1 1 1 1 1 1 1 1 1 1 1 1 1 1 1 1 1 1 1 1 1 100 1 1 1 1 7 1 1 1 1 1 1 1 1 1 1 1 1 1 1 1 1 1 1 1 1 1 1 1 1 1 1 1 1 1 100 1 1 1 1 1 1 1 1 1 1 1 1 1 1 1 1 1 1 100 1 100 1 1 1 1 1 1
staticfield java/util/ArrayList EMPTY_ELEMENTDATA [Ljava/lang/Object; 0 [Ljava/lang/Object;
staticfield java/util/ArrayList DEFAULTCAPACITY_EMPTY_ELEMENTDATA [Ljava/lang/Object; 0 [Ljava/lang/Object;
ciInstanceKlass java/util/RandomAccess 1 0 7 100 1 100 1 1 1
ciMethod java/util/ArrayList get (I)Ljava/lang/Object; 1024 0 2357614 0 -1
ciInstanceKlass java/util/function/Consumer 1 1 59 10 7 12 1 1 1 18 12 1 1 11 7 12 1 1 7 1 1 1 1 1 1 1 1 1 1 1 1 1 1 1 1 1 1 1 1 1 1 1 1 1 16 15 11 12 15 10 7 12 1 1 1 1 100 1 100 1 1
instanceKlass java/util/LinkedHashSet
ciInstanceKlass java/util/HashSet 1 1 303 10 7 12 1 1 1 7 1 10 9 7 12 1 1 1 11 7 12 1 1 1 10 100 12 1 1 1 10 12 1 1 10 12 1 1 10 12 1 10 12 1 7 1 10 10 12 1 1 11 7 12 1 1 1 10 10 12 1 1 10 12 1 1 9 12 1 1 10 12 1 1 10 12 1 1 10 12 1 10 7 12 1 1 1 10 100 1 7 1 10 12 1 10 100 12 1 1 10 12 1 10 12 1 10 12 1 1 10 12 1 1 11 7 12 1 1 11 12 1 10 12 1 1 10 100 12 1 1 1 10 12 1 100 1 7 1 10 8 1 10 12 1 1 10 12 1 10 12 1 1 10 12 1 10 12 1 10 7 12 1 1 1 8 1 10 12 1 4 4 10 12 1 1 8 1 10 12 1 1 4 10 100 12 1 1 1 100 1 10 12 1 1 11 100 12 1 1 1 100 1 10 12 1 100 1 10 12 1 10 12 1 1 10 12 1 100 1 8 1 10 10 12 1 10 10 7 1 7 1 1 1 1 5 0 1 1 1 1 1 1 1 1 1 1 1 1 1 1 1 1 1 1 1 1 1 1 1 1 1 1 1 1 1 1 1 1 1 1 100 1 1 1 1 7 1 1 1 1 1 1 1 1 1 1 1 1 1 1 1 1 1 1 1 100 1 1 100 1 7 1 1 1
staticfield java/util/HashSet PRESENT Ljava/lang/Object; java/lang/Object
instanceKlass java/util/IdentityHashMap$EntrySet
instanceKlass java/util/Collections$SingletonSet
instanceKlass java/lang/ProcessEnvironment$CheckedEntrySet
instanceKlass com/android/tools/r8/internal/Cm0
instanceKlass java/util/TreeMap$EntrySet
instanceKlass java/util/EnumSet
instanceKlass java/util/LinkedHashMap$LinkedEntrySet
instanceKlass java/util/TreeMap$KeySet
instanceKlass java/util/TreeSet
instanceKlass java/util/LinkedHashMap$LinkedKeySet
instanceKlass jdk/internal/util/ReferencedKeySet
instanceKlass java/util/IdentityHashMap$KeySet
instanceKlass java/util/HashMap$KeySet
instanceKlass java/util/AbstractMap$1
instanceKlass java/util/WeakHashMap$KeySet
instanceKlass java/util/Collections$SetFromMap
instanceKlass java/util/HashSet
instanceKlass java/util/ImmutableCollections$MapN$1
instanceKlass java/util/Collections$EmptySet
instanceKlass java/util/HashMap$EntrySet
ciInstanceKlass java/util/AbstractSet 1 1 96 10 7 12 1 1 1 7 1 7 1 11 12 1 1 10 7 1 10 12 1 1 100 1 100 1 10 12 1 1 11 100 12 1 1 1 11 12 1 1 10 100 12 1 1 10 100 12 1 1 1 11 10 12 1 1 11 12 1 11 12 1 1 1 1 1 1 1 1 1 1 1 1 1 1 1 1 100 1 1 1 1 1 1 1 1 1 1 1 1 1 1 1 1 1 1
ciInstanceKlass java/util/function/Function 1 1 77 10 7 12 1 1 1 18 12 1 1 18 18 12 1 11 7 12 1 7 1 1 1 1 1 1 1 1 1 1 1 1 1 1 1 1 1 1 1 1 1 1 1 1 1 1 1 1 1 1 1 1 1 1 16 15 11 12 15 11 12 15 11 12 15 10 7 12 1 1 1 1 100 1 100 1 1
ciMethod java/util/function/Function apply (Ljava/lang/Object;)Ljava/lang/Object; 0 0 1 0 -1
ciInstanceKlass java/lang/annotation/Annotation 0 0 17 100 1 100 1 1 1 1 1 1 1 1 1 1 1 1 1
ciInstanceKlass java/util/SequencedMap 1 1 157 11 7 12 1 1 1 11 100 12 1 1 1 11 7 12 1 1 1 100 1 11 12 1 1 100 1 10 12 1 1 11 12 1 1 11 12 1 1 100 1 10 12 100 1 10 12 1 100 1 10 100 1 10 7 1 7 1 1 1 1 1 1 1 1 1 1 1 1 1 1 1 1 1 1 1 1 1 1 1 1 1 1 1 1 1 1 1 1 1 1 1 1 1 1 1 1 1 1 1 1 1 1 1 1 1 1 100 1 8 1 1 12 10 1 1 1 8 1 1 1 8 1 1 8 1 1 1 8 1 1 1 8 1 1 1 8 1 1 1 8 1 1 1 8 1 1 1 8 1 1 1 8 1 1 8 1
ciMethod java/util/Map computeIfAbsent (Ljava/lang/Object;Ljava/util/function/Function;)Ljava/lang/Object; 776 0 125274 0 -1
ciInstanceKlass java/util/IdentityHashMap 1 1 403 9 7 12 1 1 1 10 7 12 1 1 1 10 12 1 1 100 1 7 1 10 8 1 10 12 1 1 10 12 1 10 12 1 1 10 12 1 10 12 1 1 3 3 10 7 12 1 1 7 1 9 12 1 1 11 7 12 1 1 1 6 0 10 12 10 12 1 1 9 12 1 10 7 12 1 1 1 10 12 1 1 10 12 1 1 10 12 1 1 10 12 1 1 9 12 1 3 3 100 1 8 1 10 11 12 1 1 11 7 12 1 1 1 11 7 12 1 1 1 11 12 1 1 7 1 11 12 1 11 12 1 10 12 1 1 10 12 1 10 10 12 1 1 10 11 12 1 1 10 12 1 10 12 1 9 12 1 10 100 100 1 7 1 10 12 1 9 12 1 7 1 10 12 1 9 12 1 1 7 1 10 7 1 10 10 100 12 1 1 10 12 1 10 12 1 1 10 100 12 1 1 1 10 12 1 100 1 8 1 10 10 100 12 1 1 1 11 100 12 1 1 1 10 12 1 10 12 1 1 10 10 100 12 1 1 11 100 12 1 1 100 1 10 11 100 12 1 1 10 12 1 10 7 1 7 1 1 1 3 1 3 1 1 1 1 1 5 0 1 1 1 1 1 1 1 1 1 1 1 1 1 1 1 1 1 1 1 1 1 1 1 1 1 1 1 1 1 1 1 1 1 1 1 1 1 1 1 1 1 1 1 1 1 1 1 1 1 1 1 1 1 1 1 1 1 1 1 1 7 1 1 1 1 1 1 1 100 1 1 1 1 7 1 1 1 1 1 1 1 1 1 1 1 1 1 1 1 1 1 1 1 1 1 1 1 1 1 1 100 1 100 1 100 1 100 1 100 1 100 1 100 1 100 1 100 1 1 1 1 1 1 100 1 1 1 1 1 1 1 1 1 1
staticfield java/util/IdentityHashMap NULL_KEY Ljava/lang/Object; java/lang/Object
ciMethod java/util/IdentityHashMap isEmpty ()Z 166498 0 294749 0 96
ciMethod java/util/IdentityHashMap containsKey (Ljava/lang/Object;)Z 4402 534 39874 0 -1
ciMethod java/util/IdentityHashMap keySet ()Ljava/util/Set; 6178 0 128665 0 400
ciMethod java/util/IdentityHashMap <init> ()V 5148 0 1712907 0 480
ciMethod java/util/IdentityHashMap init (I)V 340 0 1724517 0 0
ciMethod java/util/IdentityHashMap unmaskNull (Ljava/lang/Object;)Ljava/lang/Object; 1024 0 127408 0 -1
ciInstanceKlass java/util/function/Supplier 1 0 14 100 1 100 1 1 1 1 1 1 1 1 1 1
ciMethod java/util/function/Supplier get ()Ljava/lang/Object; 0 0 1 0 -1
ciInstanceKlass java/lang/invoke/DirectMethodHandle$Constructor 1 1 91 10 7 12 1 1 1 9 7 12 1 1 1 9 12 1 1 9 12 1 1 10 100 12 1 1 1 100 1 10 12 1 9 12 1 9 12 1 10 12 1 10 12 1 1 9 12 1 1 10 12 1 1 10 7 12 1 1 1 1 1 1 1 1 1 1 1 1 1 1 100 1 100 1 1 1 1 1 1 1 1 1 1 1 1 1 1 1 1 1 1
staticfield java/lang/invoke/DirectMethodHandle$Constructor $assertionsDisabled Z 1
instanceKlass java/util/concurrent/ConcurrentHashMap$TreeBin
instanceKlass java/util/concurrent/ConcurrentHashMap$TreeNode
instanceKlass java/util/concurrent/ConcurrentHashMap$ForwardingNode
instanceKlass java/util/concurrent/ConcurrentHashMap$ReservationNode
ciInstanceKlass java/util/concurrent/ConcurrentHashMap$Node 1 1 97 10 7 12 1 1 1 9 7 12 1 1 1 9 12 1 1 9 12 1 10 12 1 9 12 1 1 10 12 1 1 10 100 12 1 1 1 100 1 10 100 1 11 12 1 1 11 12 1 10 12 1 1 1 1 1 1 1 1 1 1 1 1 1 1 1 1 1 1 1 1 1 1 1 1 1 1 1 1 1 1 1 1 1 1 1 1 1 1 1 100 1 1 1 100 1 1
ciMethod java/util/concurrent/ConcurrentHashMap$Node find (ILjava/lang/Object;)Ljava/util/concurrent/ConcurrentHashMap$Node; 0 0 1 0 -1
ciInstanceKlass java/util/concurrent/ConcurrentHashMap$ReservationNode 1 1 34 100 1 10 7 12 1 1 1 100 1 1 1 1 1 1 1 1 1 1 1 1 1 1 1 1 1 1 1 1 1 1 1 1
ciMethod java/util/concurrent/ConcurrentHashMap$ReservationNode find (ILjava/lang/Object;)Ljava/util/concurrent/ConcurrentHashMap$Node; 6 0 3 0 0
ciInstanceKlass java/util/concurrent/ConcurrentHashMap$ForwardingNode 1 1 71 7 1 10 7 12 1 1 1 9 7 12 1 1 1 10 12 1 1 9 12 1 1 9 12 1 1 10 100 12 1 1 1 10 12 1 1 9 12 1 1 1 1 1 1 1 1 1 1 1 1 1 1 1 1 1 1 1 1 1 1 1 100 1 1 1 1 1 1 1 1
ciMethod java/util/concurrent/ConcurrentHashMap$ForwardingNode find (ILjava/lang/Object;)Ljava/util/concurrent/ConcurrentHashMap$Node; 802 40 403 0 0
ciInstanceKlass java/util/ListIterator 1 0 27 100 1 100 1 100 1 1 1 1 1 1 1 1 1 1 1 1 1 1 1 1 1 1 1 1 1
ciMethod java/util/ListIterator hasNext ()Z 0 0 1 0 -1
ciMethod java/util/ListIterator next ()Ljava/lang/Object; 0 0 1 0 -1
ciInstanceKlass java/util/SortedMap 1 1 113 100 1 10 12 1 1 10 100 12 1 1 1 11 7 12 1 1 1 7 1 7 1 1 1 1 1 1 1 1 1 1 1 1 1 1 1 1 1 1 1 1 1 1 1 1 1 1 1 1 1 1 1 1 1 1 1 1 1 1 1 1 1 1 1 1 1 1 100 1 7 1 1 1 100 1 8 1 1 12 10 1 1 1 8 1 1 1 8 1 1 8 1 1 1 8 1 1 1 8 1 1 1 8 1 1 1 8 1 1 1 8 1
ciInstanceKlass java/util/Collections$SetFromMap 1 1 182 10 7 12 1 1 1 9 7 12 1 1 1 11 7 12 1 1 1 9 12 1 1 11 12 1 11 12 1 1 11 12 1 1 11 12 1 1 11 12 1 1 9 7 12 1 1 1 11 12 1 1 11 7 12 1 1 1 11 12 1 1 11 12 1 11 12 1 1 11 12 1 11 12 1 11 12 1 1 11 12 1 11 12 1 11 12 1 1 11 12 1 1 11 12 1 1 11 12 1 1 11 12 1 10 100 12 1 1 100 1 8 1 10 12 1 7 1 1 1 1 1 1 1 5 0 1 1 1 1 1 1 1 1 1 1 1 1 1 1 1 1 1 1 1 1 1 1 1 1 1 1 1 1 1 1 1 1 1 1 1 1 1 1 1 1 1 100 1 7 1 1 100 1 1 1 1 1 100 1 1 1
ciMethod java/util/Collections$SetFromMap isEmpty ()Z 784306 0 361499 0 0
ciMethod java/util/Collections$SetFromMap iterator ()Ljava/util/Iterator; 1024 0 91957 0 432
ciMethod java/util/Collections$SetFromMap contains (Ljava/lang/Object;)Z 52708 0 26354 0 112
ciMethod java/util/Collections$SetFromMap <init> (Ljava/util/Map;)V 1030 0 192596 0 0
ciInstanceKlass java/util/Deque 1 1 101 10 100 12 1 1 1 11 7 12 1 1 1 7 1 7 1 7 1 1 1 1 1 1 1 1 1 1 1 1 1 1 1 1 1 1 1 1 1 1 1 1 1 1 1 1 1 1 1 1 1 1 1 1 1 1 1 1 1 1 1 1 1 1 1 1 1 1 1 1 1 100 1 8 1 1 12 10 1 1 1 8 1 1 1 8 1 1 1 8 1 1 8 1 1 1 8 1 1 8 1
ciInstanceKlass java/util/Queue 1 0 70 7 1 7 1 7 1 1 1 1 1 1 1 1 1 1 1 1 1 1 1 1 100 1 8 1 1 12 10 1 1 1 8 1 1 1 8 1 1 1 8 1 1 1 8 1 1 1 8 1 1 8 1 1 1 8 1 1 8 1 1 1 8 1 1 8 1 1 8 1
instanceKlass com/android/tools/r8/internal/lC
ciInstanceKlass java/util/ArrayDeque 1 1 438 7 1 9 7 12 1 1 1 3 10 12 1 1 10 7 12 1 1 1 9 12 1 1 9 12 1 10 7 12 1 1 1 100 1 8 1 10 12 1 1 3 10 7 12 1 1 7 1 11 7 12 1 1 1 10 12 1 10 12 1 1 100 1 10 100 1 10 10 12 1 10 12 1 10 12 1 10 18 12 1 1 11 12 1 1 10 12 1 1 10 12 1 10 12 1 1 100 1 10 10 12 1 10 12 1 1 10 12 1 1 10 12 1 1 10 12 1 10 12 1 10 12 1 10 12 1 10 12 1 1 7 1 10 12 1 100 1 10 100 1 10 10 7 12 1 1 1 11 7 12 1 10 12 1 1 18 12 1 1 18 11 7 12 1 10 12 1 1 10 12 1 1 10 12 1 1 10 12 1 1 10 12 1 1 10 12 1 7 10 12 1 1 10 12 1 1 10 12 1 1 10 100 12 1 1 10 12 1 100 1 100 1 10 10 100 12 1 1 10 12 1 10 12 1 10 100 12 1 1 10 12 1 10 100 12 1 1 1 11 100 12 1 1 1 10 12 1 7 1 9 12 1 1 8 1 10 12 1 1 10 100 12 1 1 1 8 1 10 12 1 1 10 12 1 11 12 1 7 1 7 1 7 1 1 1 1 1 5 0 1 1 1 1 1 1 1 1 1 1 1 1 1 1 1 1 1 1 1 1 1 1 1 1 1 1 1 1 1 1 1 1 1 1 1 1 1 1 1 1 1 1 1 1 1 1 1 1 1 1 1 1 1 1 1 1 1 1 1 1 1 1 1 1 1 1 1 1 1 1 1 1 1 1 1 1 1 1 1 1 1 1 1 1 1 1 100 1 1 1 1 1 1 1 1 7 1 1 1 1 1 1 1 1 1 1 1 100 1 1 1 7 1 1 1 1 1 1 1 1 1 1 1 16 15 16 15 10 12 15 10 12 15 10 7 12 1 1 1 1 1 1 1 100 1 100 1 1
ciMethod java/util/ArrayDeque <init> ()V 4102 0 402781 0 480
ciInstanceKlass java/lang/invoke/BoundMethodHandle$Species_L 1 1 126 10 7 12 1 1 1 9 7 12 1 1 1 9 12 1 1 10 12 1 9 7 12 1 1 1 10 7 12 1 1 1 10 12 1 1 10 7 12 1 1 1 100 1 10 100 12 1 1 1 9 12 1 10 12 1 9 12 1 10 12 1 9 12 1 10 12 1 9 12 1 10 12 1 10 12 1 1 10 12 1 1 1 1 1 1 1 1 1 1 1 1 1 1 1 1 1 1 1 1 1 1 1 1 1 1 1 1 1 1 1 1 1 1 1 1 1 1 1 1 1 1 1 100 1 1
ciInstanceKlass java/lang/invoke/BoundMethodHandle$Species_LLLLL 1 1 82 1 7 1 7 1 1 1 1 1 1 1 1 1 1 1 12 9 1 1 1 12 10 12 9 12 9 12 9 12 9 12 9 1 1 12 10 1 1 1 100 1 7 1 1 12 10 1 7 1 1 12 10 1 1 1 12 10 1 1 1 12 10 1 1 1 12 10 1 1 1 12 10 1 1 1 12 10 1 1 1 1
ciInstanceKlass java/util/IdentityHashMap$KeySet 1 1 158 9 7 12 1 1 1 10 7 12 1 1 1 7 1 10 12 1 9 7 12 1 1 1 10 12 1 1 10 12 1 1 10 7 12 1 1 10 12 1 1 11 7 12 1 1 1 11 12 1 1 11 7 12 1 1 11 12 10 12 1 10 100 12 1 1 1 7 1 10 12 1 1 9 12 1 10 12 1 10 12 1 1 10 7 12 1 1 10 7 12 1 1 1 7 1 9 12 1 100 1 10 10 12 1 100 1 10 12 1 1 1 1 1 1 1 1 1 1 1 1 1 1 1 1 1 1 1 1 1 1 1 1 1 1 1 1 1 1 1 1 1 1 1 1 1 1 1 1 1 1 1 1 1 1 1 1 1
ciMethod java/util/IdentityHashMap$KeySet iterator ()Ljava/util/Iterator; 1024 0 98099 0 376
ciMethod java/util/IdentityHashMap$KeySet <init> (Ljava/util/IdentityHashMap;)V 1024 0 126069 0 0
ciInstanceKlass java/util/IdentityHashMap$KeyIterator 1 1 42 10 7 12 1 1 1 9 7 12 1 1 1 10 12 1 1 10 7 12 1 1 1 1 1 1 1 1 1 1 1 1 1 1 1 1 1 1 1 1 1 1
instanceKlass java/util/IdentityHashMap$EntryIterator
instanceKlass java/util/IdentityHashMap$ValueIterator
instanceKlass java/util/IdentityHashMap$KeyIterator
ciInstanceKlass java/util/IdentityHashMap$IdentityHashMapIterator 1 1 116 9 7 12 1 1 1 10 7 12 1 1 1 9 7 12 1 1 1 9 12 1 1 9 12 1 9 12 1 9 12 1 9 12 1 9 12 1 9 12 1 1 100 1 10 10 12 1 1 100 1 10 100 1 10 10 12 1 1 10 12 1 1 10 12 1 1 10 7 12 1 1 1 7 1 1 1 1 1 1 1 1 1 1 1 1 1 1 1 100 1 1 1 1 1 1 1 1 1 1 1 1 1 1 1 1 1 100 1 8 1 1 12 10 1 1
ciMethod java/util/IdentityHashMap$IdentityHashMapIterator hasNext ()Z 7520 49638 7226 0 432
ciMethod java/util/IdentityHashMap$IdentityHashMapIterator nextIndex ()I 1024 0 44531 0 -1
ciMethod java/util/IdentityHashMap$IdentityHashMapIterator <init> (Ljava/util/IdentityHashMap;)V 1024 0 99944 0 592
ciMethod java/util/IdentityHashMap$KeyIterator next ()Ljava/lang/Object; 1024 0 115460 0 240
ciMethod java/util/IdentityHashMap$KeyIterator <init> (Ljava/util/IdentityHashMap;)V 1024 0 98102 0 0
ciInstanceKlass jdk/internal/util/StrongReferenceKey 1 1 82 10 7 12 1 1 1 9 7 12 1 1 1 7 1 11 12 1 1 10 10 7 12 1 1 1 10 12 1 1 7 1 10 10 12 1 1 10 7 12 1 1 1 10 12 1 1 8 1 10 7 12 1 1 1 10 12 1 10 12 1 1 1 1 1 1 1 1 1 1 1 1 1 1 1 1 1 1 1 1 1 1
ciMethod java/util/AbstractSet <init> ()V 538 0 832405 0 80
ciMethod java/util/function/Consumer accept (Ljava/lang/Object;)V 0 0 1 0 -1
ciMethod java/util/Collections newSetFromMap (Ljava/util/Map;)Ljava/util/Set; 5246 0 194939 0 832
ciMethod java/util/concurrent/ConcurrentHashMap tabAt ([Ljava/util/concurrent/ConcurrentHashMap$Node;I)Ljava/util/concurrent/ConcurrentHashMap$Node; 1024 0 5651 0 88
ciMethod java/util/concurrent/ConcurrentHashMap spread (I)I 1024 0 375631 0 96
ciMethod java/util/AbstractMap <init> ()V 1024 0 2457496 0 80
ciMethod java/lang/Iterable iterator ()Ljava/util/Iterator; 0 0 1 0 -1
ciMethod java/lang/Enum ordinal ()I 264 0 132 0 -1
ciMethod java/util/Arrays hashCode ([Ljava/lang/Object;)I 512 704 14594 0 336
ciMethod java/util/Arrays hashCode ([B)I 522 0 34968 0 -1
ciMethod java/util/Arrays equals ([B[B)Z 518 0 141850 0 -1
ciMethod jdk/internal/misc/Unsafe getReferenceAcquire (Ljava/lang/Object;J)Ljava/lang/Object; 1024 0 5651 0 -1
ciMethod jdk/internal/misc/Unsafe allocateInstance (Ljava/lang/Class;)Ljava/lang/Object; 256 0 128 0 -1
ciMethod java/util/Iterator next ()Ljava/lang/Object; 0 0 1 0 -1
ciMethod java/util/Iterator hasNext ()Z 0 0 1 0 -1
ciMethod java/util/Set contains (Ljava/lang/Object;)Z 0 0 1 0 -1
ciMethod java/util/Set iterator ()Ljava/util/Iterator; 0 0 1 0 -1
ciMethod java/util/Set isEmpty ()Z 0 0 1 0 -1
ciMethod java/util/Set clear ()V 0 0 1 0 -1
ciMethod java/util/Set remove (Ljava/lang/Object;)Z 0 0 1 0 -1
ciMethod java/util/Map keySet ()Ljava/util/Set; 0 0 1 0 -1
ciMethod java/util/Map containsKey (Ljava/lang/Object;)Z 0 0 1 0 -1
ciMethod java/util/Map isEmpty ()Z 0 0 1 0 -1
ciMethod java/util/Map get (Ljava/lang/Object;)Ljava/lang/Object; 0 0 1 0 -1
ciMethod java/lang/Comparable compareTo (Ljava/lang/Object;)I 0 0 1 0 -1
ciMethod java/lang/Object getClass ()Ljava/lang/Class; 256 0 128 0 -1
ciMethod java/lang/Object <init> ()V 1024 0 23303161 0 80
ciInstanceKlass  @bci com/android/tools/r8/internal/Gj a (Lcom/android/tools/r8/internal/Gr0;Lcom/android/tools/r8/internal/AA;Lcom/android/tools/r8/internal/Fr0;)V 1 <appendix> form vmentry <vmtarget> ; 1 1 35 1 7 1 100 1 1 1 1 1 1 1 7 1 1 12 9 1 1 1 1 1 7 1 1 12 10 1 7 12 9 1 1 1 1
staticfield  @bci com/android/tools/r8/internal/Gj a (Lcom/android/tools/r8/internal/Gr0;Lcom/android/tools/r8/internal/AA;Lcom/android/tools/r8/internal/Fr0;)V 1 <appendix> form vmentry <vmtarget> ; _D_0 Ljava/lang/invoke/LambdaForm; java/lang/invoke/LambdaForm
ciInstanceKlass com/android/tools/r8/graph/d1 1 1 80 1 8 1 1 7 1 100 1 1 1 7 1 1 12 9 1 1 12 11 1 1 1 1 1 1 1 1 7 1 12 9 1 100 12 11 1 1 100 1 1 12 10 12 11 1 1 1 7 1 1 12 10 12 10 1 1 12 10 1 12 11 1 1 1 100 1 12 10 1 12 9 1 1 1 1 1 1 1 1
instanceKlass com/android/tools/r8/graph/g3
instanceKlass com/android/tools/r8/graph/z4
ciInstanceKlass com/android/tools/r8/graph/x0 1 1 176 1 8 1 1 7 1 7 1 100 1 100 1 100 1 7 1 100 1 1 100 1 7 1 1 1 1 1 1 1 1 1 1 1 1 1 1 1 1 1 12 10 12 9 12 9 12 9 12 9 12 9 12 9 12 9 1 1 16 1 100 1 1 12 11 15 1 16 1 100 1 1 12 10 15 1 1 12 18 1 100 1 1 12 11 1 100 1 1 12 10 1 1 12 10 1 1 7 1 1 12 10 12 9 1 1 1 1 1 1 12 10 1 12 9 1 12 10 1 100 1 1 12 10 1 100 1 12 10 1 100 1 1 1 1 1 12 9 12 9 1 1 12 11 1 1 1 1 1 1 100 1 8 1 12 10 1 1 1 1 1 1 1 1 1 1 1 100 1 8 1 1 12 10 1 1
staticfield com/android/tools/r8/graph/x0 g Z 1
ciInstanceKlass com/android/tools/r8/graph/z4 1 1 354 1 8 1 1 7 1 7 1 100 1 100 1 1 100 1 100 1 1 1 1 1 1 1 1 1 1 1 1 1 1 1 12 10 12 9 12 9 12 9 12 9 12 9 1 1 100 1 12 10 1 100 1 12 10 1 16 1 12 10 15 1 16 1 7 1 1 12 10 15 1 1 12 18 1 100 1 1 12 11 1 100 1 1 12 11 1 12 10 1 1 12 10 1 100 1 12 9 1 100 1 12 9 1 1 12 11 1 100 1 12 11 1 16 1 12 10 15 16 1 1 12 18 1 1 12 11 1 8 1 100 1 1 12 10 1 1 12 11 1 100 1 8 1 100 1 1 12 10 15 1 12 18 1 12 9 1 100 1 1 12 10 1 100 1 1 12 10 1 100 1 1 12 9 1 8 1 12 18 1 100 12 11 1 12 10 1 100 1 12 10 1 8 1 1 12 10 1 12 10 1 1 12 11 1 1 1 7 1 12 10 12 9 1 1 1 7 12 9 1 12 11 1 100 12 11 1 12 9 1 100 1 1 12 10 1 100 1 12 10 1 100 1 8 12 10 1 1 1 7 12 10 1 12 10 1 7 1 16 1 12 10 15 1 16 1 12 18 1 7 12 11 1 7 1 12 10 15 1 16 18 1 100 1 12 10 15 1 16 18 12 11 1 12 11 1 100 10 1 12 10 1 1 12 10 1 8 1 12 18 12 10 1 1 1 12 10 12 10 1 100 1 1 12 10 1 1 1 1 8 1 12 18 1 7 1 12 9 1 12 10 1 12 10 1 10 1 1 1 1 1 1 1 1
staticfield com/android/tools/r8/graph/z4 m Z 1
ciInstanceKlass com/android/tools/r8/graph/o0 1 1 86 1 8 1 1 100 1 100 1 1 1 1 1 1 1 1 1 1 1 1 1 1 1 1 1 1 1 1 1 1 1 1 12 11 1 1 1 1 1 1 1 1 1 1 1 1 1 1 1 1 1 1 1 100 1 1 1 1 1 1 1 100 1 1 1 12 11 1 100 12 10 1 100 1 1 12 10 1 100 1 1 12 10 1 1 1
ciInstanceKlass com/android/tools/r8/graph/S 1 1 60 1 8 1 1 100 1 100 1 100 1 1 1 1 1 1 1 1 1 1 1 1 1 1 1 1 1 1 100 1 8 1 1 12 10 1 1 1 8 1 1 1 8 1 1 1 8 1 1 1 8 1 1 1 8 1 1 1 8 1
ciInstanceKlass com/android/tools/r8/graph/b0 1 1 31 1 8 1 1 100 1 100 1 100 1 100 1 100 1 100 1 100 1 1 1 1 1 1 1 1 1 1 1 1 1
instanceKlass com/android/tools/r8/graph/J0$b$a
instanceKlass com/android/tools/r8/graph/J0$b
instanceKlass com/android/tools/r8/graph/J0$a
instanceKlass com/android/tools/r8/graph/t0
instanceKlass com/android/tools/r8/graph/e1
instanceKlass com/android/tools/r8/graph/C5
instanceKlass com/android/tools/r8/graph/R2
instanceKlass com/android/tools/r8/graph/r0
instanceKlass com/android/tools/r8/graph/O2
instanceKlass com/android/tools/r8/graph/O0
instanceKlass com/android/tools/r8/graph/E
instanceKlass com/android/tools/r8/graph/b1
ciInstanceKlass com/android/tools/r8/graph/n1 1 1 68 1 8 1 1 100 1 7 1 1 12 10 1 1 1 16 1 12 10 15 1 16 1 100 1 1 12 10 15 1 1 12 18 1 100 1 100 12 11 1 1 12 10 15 18 1 100 1 1 12 11 1 12 10 1 1 1 12 10 1 1 1 1 1 1 1 1 1
instanceKlass com/android/tools/r8/graph/h1
instanceKlass com/android/tools/r8/graph/E0
ciInstanceKlass com/android/tools/r8/graph/b1 1 1 185 1 8 1 1 7 1 7 1 1 1 1 1 1 1 1 12 10 1 100 1 12 10 1 100 1 1 12 11 1 100 1 1 1 1 12 10 1 100 1 12 10 1 12 9 1 1 1 1 1 1 1 12 10 1 1 1 16 12 10 15 1 16 1 100 1 1 12 10 15 1 12 18 1 12 10 1 1 1 1 1 1 1 1 1 1 100 1 1 1 1 1 1 1 1 1 12 10 12 10 1 7 1 1 12 9 12 10 1 100 1 12 10 1 1 12 10 12 9 1 100 1 8 1 12 10 1 1 16 12 10 15 1 16 1 1 12 18 1 12 10 15 1 16 1 12 18 1 100 1 1 12 11 1 1 12 11 12 10 15 18 12 10 15 18 12 10 1 100 12 11 12 10 1 1 7 1 12 10 1 1 1 1 1 1
staticfield com/android/tools/r8/graph/b1 c Z 1
instanceKlass com/android/tools/r8/graph/I0
instanceKlass com/android/tools/r8/graph/v2
instanceKlass com/android/tools/r8/graph/H2
ciInstanceKlass com/android/tools/r8/graph/E0 1 1 1069 1 8 1 1 7 1 7 1 100 1 100 1 100 1 100 1 1 7 1 7 1 1 7 1 7 1 100 1 1 100 1 1 100 1 1 100 1 1 100 1 100 1 100 1 1 1 1 1 1 1 1 1 1 1 1 1 1 1 1 1 1 1 1 1 1 1 1 1 1 1 1 1 100 1 12 9 1 100 1 12 9 1 100 1 1 12 10 1 12 10 1 16 1 12 10 15 1 16 1 100 1 1 12 10 15 1 1 12 18 1 7 1 1 12 11 1 12 10 1 12 10 1 1 12 10 12 10 1 1 12 11 1 1 12 11 1 12 9 1 12 10 12 9 1 100 1 1 12 10 12 9 1 100 1 12 10 1 12 10 1 1 7 1 12 10 1 1 7 1 12 10 1 1 7 12 11 1 1 1 1 1 1 1 1 100 1 12 9 1 12 10 1 1 1 1 1 1 12 10 1 1 1 12 9 1 1 12 9 1 1 12 9 1 12 10 1 1 1 12 9 1 12 9 1 7 1 12 10 1 12 9 1 12 9 1 7 12 10 12 10 1 1 1 1 12 10 1 1 100 1 12 10 1 1 1 1 1 100 10 1 12 10 1 1 7 1 1 12 10 1 7 1 12 9 12 9 12 10 1 12 10 1 12 9 1 100 12 10 12 9 1 12 10 12 10 1 100 1 1 12 10 16 1 100 1 12 11 15 1 16 1 1 12 18 1 100 1 12 10 1 1 100 1 100 1 1 12 10 1 7 1 1 12 11 1 7 1 12 11 1 1 12 11 12 10 12 10 1 10 1 1 1 12 10 1 1 10 11 1 1 12 10 10 1 12 10 1 12 10 1 12 9 12 10 1 100 12 10 12 10 1 1 12 10 1 12 9 1 1 12 11 100 1 12 10 1 10 12 10 1 1 12 10 1 1 12 10 15 1 16 1 12 18 12 10 11 12 10 15 18 12 10 1 1 1 1 12 10 1 1 1 7 1 12 10 1 7 1 12 10 1 12 10 1 12 9 1 12 9 1 7 1 12 10 1 12 9 1 7 9 1 12 10 1 12 10 1 12 10 1 7 10 1 12 10 1 12 9 1 1 7 1 12 10 1 12 10 1 12 10 1 10 1 12 10 1 3 1 1 1 1 12 10 1 1 1 1 1 100 1 1 1 1 1 12 10 1 1 1 12 10 1 100 1 1 1 12 10 1 100 1 1 12 10 1 1 12 9 1 12 9 1 1 12 10 1 12 10 1 100 12 10 1 100 1 12 10 1 12 9 1 100 12 9 12 9 1 12 10 12 9 1 100 10 12 10 12 10 1 100 1 12 10 1 12 10 1 100 1 12 10 12 10 1 7 1 12 10 12 10 1 1 12 9 1 100 1 12 10 1 12 10 1 1 1 1 1 12 10 15 16 1 12 18 1 1 12 10 15 1 16 1 12 18 12 10 1 12 10 1 12 11 1 12 10 1 100 1 12 10 15 1 12 18 1 12 11 1 12 9 1 12 9 1 12 9 12 10 12 10 1 12 10 15 18 12 9 1 100 1 12 9 12 10 1 12 10 12 10 1 100 12 10 1 100 1 12 10 1 100 1 12 10 1 100 1 12 10 16 1 12 10 15 1 12 18 1 1 1 12 11 12 10 15 1 12 18 1 100 1 1 12 11 1 1 12 9 1 12 9 1 1 1 1 12 11 1 1 12 10 1 7 12 10 1 12 9 1 12 10 12 10 10 1 12 10 1 12 9 1 1 12 10 1 12 10 1 12 9 12 9 1 1 7 12 10 1 12 10 1 12 10 15 1 16 1 12 18 1 1 1 1 1 1 12 9 1 1 1 1 12 10 1 12 10 1 12 10 1 12 10 1 1 12 10 1 12 10 1 1 12 10 1 1 100 1 1 12 9 1 100 1 12 10 12 10 1 12 10 1 12 10 1 8 1 100 1 1 12 10 15 1 12 18 10 1 1 12 10 16 12 10 15 16 1 12 18 1 100 1 12 10 12 10 12 10 15 16 18 1 1 12 10 15 18 18 1 1 100 10 1 12 10 12 10 15 18 1 12 11 15 1 16 1 12 18 1 12 10 12 10 12 10 12 10 15 18 12 10 12 10 12 10 1 1 12 10 12 9 1 7 1 100 1 100 1 100 1 12 11 1 12 11 12 10 1 100 1 12 10 10 1 100 1 8 1 12 18 1 12 10 12 9 1 12 9 12 9 1 12 10 1 7 1 1 12 10 1 100 1 8 1 12 18 1 8 18 1 100 10 12 10 1 12 10 1 100 12 10 1 100 11 1 100 1 12 11 1 100 1 12 11 1 12 10 12 10 1 1 7 1 12 10 12 10 15 16 1 12 18 12 10 15 16 18 1 1 1 1 1 1 1 1 1 1 100 1 8 1 1 12 10 1 1 1 8 1 1
staticfield com/android/tools/r8/graph/E0 t Z 1
ciInstanceKlass com/android/tools/r8/graph/H5 1 1 22 1 8 1 1 100 1 100 1 1 1 1 12 11 1 100 1 12 11 1 1 1
ciInstanceKlass com/android/tools/r8/graph/M5 1 0 44 1 8 1 1 100 1 100 1 100 1 1 100 1 8 1 1 12 10 1 1 1 8 1 1 1 8 1 1 1 8 1 1 1 8 1 1 1 8 1 1 1 8 1
ciInstanceKlass com/android/tools/r8/graph/G5 1 1 83 1 8 1 1 100 1 100 1 100 1 100 1 100 1 1 1 1 1 1 1 1 1 1 1 1 12 11 1 100 12 10 1 12 10 1 1 1 1 1 12 11 1 12 11 1 12 11 12 11 1 1 1 1 100 1 8 1 1 12 10 1 1 1 8 1 1 1 8 1 1 1 8 1 1 1 8 1 1 1 8 1 1
ciInstanceKlass com/android/tools/r8/graph/L5 1 0 88 1 8 1 1 100 1 100 1 100 1 100 1 100 1 1 100 1 8 1 1 12 10 1 1 1 8 1 1 1 8 1 1 8 1 1 1 8 1 1 8 1 1 1 8 1 1 1 8 1 1 1 8 1 1 1 8 1 1 1 8 1 1 1 8 1 1 8 1 1 1 8 1 1 1 8 1 1 8 1 1 8 1 8 1 1 8 1
ciInstanceKlass com/android/tools/r8/internal/qv 1 1 37 1 8 1 1 7 1 1 7 1 1 1 1 7 1 12 9 1 100 1 1 12 10 1 1 12 10 1 1 12 11 1 1 1 1 1 1
ciInstanceKlass com/android/tools/r8/internal/r50 1 1 57 1 8 1 1 7 1 1 100 1 100 1 100 1 1 1 1 1 12 11 1 1 1 1 7 1 1 12 9 1 1 1 1 1 100 1 12 10 12 11 1 1 1 12 11 12 11 1 1 12 11 1 1 1 1 1 1
ciInstanceKlass com/android/tools/r8/internal/Gr0 1 1 117 1 8 1 1 7 1 1 7 1 100 1 1 1 1 1 1 1 1 1 12 11 1 16 1 12 11 15 1 16 1 7 1 1 12 10 15 1 12 18 1 7 1 12 10 1 1 1 100 1 100 1 1 12 10 12 11 1 12 11 1 7 1 12 10 1 1 16 1 12 11 15 1 16 1 12 18 1 7 1 12 10 1 1 7 1 12 10 1 100 12 11 1 1 12 10 1 7 1 12 10 1 7 1 12 11 1 1 12 11 1 1 1 1 1 1 1
ciInstanceKlass com/android/tools/r8/graph/H2 1 1 1131 1 8 1 1 7 1 1 7 1 100 1 100 1 100 1 100 1 100 1 1 7 1 100 1 1 100 1 100 1 1 100 1 100 1 100 1 7 1 100 1 1 1 1 1 1 1 1 1 1 1 1 1 1 1 1 1 1 1 1 1 7 1 1 12 10 1 12 9 1 1 12 10 1 100 1 12 10 1 100 1 100 1 100 1 1 12 10 1 1 12 11 1 12 11 1 12 10 1 1 12 10 1 100 1 12 10 1 1 12 9 1 100 1 12 10 1 12 10 1 1 12 10 16 1 12 10 15 1 16 1 7 1 1 12 10 15 1 12 18 1 12 10 1 1 12 9 1 12 10 12 10 1 12 9 1 100 1 1 12 10 1 100 1 12 11 1 1 12 11 1 100 1 100 1 1 12 10 1 1 100 1 1 12 11 1 100 1 100 1 12 9 1 1 1 1 7 1 1 12 11 1 1 1 100 1 12 10 1 1 12 9 1 100 12 9 1 1 16 12 10 15 12 18 1 1 16 12 10 15 1 16 1 12 18 12 10 12 10 15 18 1 12 10 1 1 12 10 15 18 1 12 10 1 1 1 7 1 12 9 12 10 1 1 1 1 1 1 1 12 10 12 10 1 1 1 12 9 1 12 10 1 1 12 9 1 12 9 1 100 1 12 10 1 1 12 9 1 7 1 1 12 10 1 7 1 1 12 10 1 7 1 12 10 1 1 1 16 1 12 10 15 1 16 1 12 18 1 12 9 1 12 10 12 10 15 1 16 1 12 18 12 10 1 12 10 15 1 12 18 1 12 9 1 12 9 1 1 100 1 12 11 12 9 1 12 11 1 1 12 10 1 100 1 12 10 1 12 11 1 1 12 10 1 8 1 100 1 12 10 1 100 1 12 9 1 100 1 1 12 10 1 100 1 12 10 12 9 100 10 1 1 12 10 1 100 12 9 12 9 1 12 10 1 12 10 1 1 12 10 1 100 11 1 100 12 9 12 9 12 9 1 12 10 15 1 16 1 12 18 12 10 1 12 10 15 1 16 1 12 18 12 10 1 1 100 1 12 11 1 12 9 12 10 10 1 12 9 10 1 12 10 1 100 1 100 1 12 10 1 12 10 1 12 10 10 1 12 10 15 1 16 1 12 18 12 10 1 12 10 15 1 16 18 12 10 1 12 10 1 12 9 1 100 1 12 10 1 12 10 1 12 10 1 12 10 1 1 12 10 1 12 10 1 100 12 10 12 10 1 1 12 10 1 1 12 10 1 100 1 12 10 1 100 1 12 10 1 12 10 1 100 1 12 9 12 10 1 1 12 9 1 100 10 1 1 1 1 1 1 1 1 7 1 12 9 1 1 100 12 9 1 7 1 12 9 1 12 11 12 10 1 1 12 10 1 100 1 12 10 1 100 1 1 12 10 1 100 12 9 1 100 1 12 10 1 100 1 12 10 1 16 1 12 10 15 1 16 1 1 12 18 1 1 12 10 1 1 12 10 1 12 10 1 1 12 10 10 1 100 1 1 12 10 1 12 9 1 1 12 11 100 1 12 10 1 10 11 1 100 1 1 12 10 11 9 1 12 10 1 100 1 100 12 11 12 9 1 100 10 12 10 1 12 9 1 1 12 10 1 12 10 1 12 9 12 10 12 9 1 12 10 1 1 1 100 12 9 1 100 1 12 11 1 1 1 1 12 9 1 12 11 1 1 1 1 1 1 1 1 1 1 12 10 12 10 15 16 1 12 18 1 100 1 12 10 1 1 12 10 12 10 15 18 1 1 12 10 12 10 15 18 1 12 10 12 10 15 18 1 1 12 10 15 18 12 10 1 1 16 1 12 10 15 1 16 1 12 18 1 12 10 1 12 10 15 18 12 10 1 1 12 10 12 9 1 100 12 9 1 1 12 10 1 1 8 1 12 10 1 100 1 1 12 10 1 100 1 12 10 1 12 9 1 12 10 1 100 1 1 12 9 1 12 10 1 12 10 1 1 12 11 1 12 11 16 10 15 1 12 18 12 9 12 10 1 1 1 12 10 15 16 1 12 18 1 100 1 12 10 12 10 15 18 1 12 10 15 16 18 1 12 10 15 16 18 1 12 10 15 16 18 12 10 1 12 10 15 16 18 12 10 15 16 18 1 12 10 1 1 12 10 15 1 16 18 1 12 10 15 1 16 18 12 10 15 1 16 18 12 10 15 18 12 10 12 10 15 18 1 12 10 15 18 1 12 10 1 1 100 1 8 1 100 1 1 12 10 15 1 12 18 1 12 9 1 12 10 1 100 1 12 11 1 100 1 12 10 12 10 12 10 12 9 12 9 1 12 10 10 1 12 10 1 1 12 10 1 100 1 12 10 1 1 12 10 1 100 1 12 11 1 12 9 1 100 1 12 9 100 10 10 12 10 10 1 100 1 1 12 11 1 100 12 11 1 1 12 9 1 1 7 1 12 10 12 9 10 12 10 15 18 12 10 12 10 15 18 12 10 12 10 15 18 12 10 15 18 12 10 12 10 15 1 12 18 12 10 15 18 10 1 1 1 1 1 1 1 1 1 1
staticfield com/android/tools/r8/graph/H2 B [Lcom/android/tools/r8/graph/H2; 0 [Lcom/android/tools/r8/graph/H2;
staticfield com/android/tools/r8/graph/H2 C Z 1
ciInstanceKlass com/android/tools/r8/graph/q5 1 1 63 1 8 1 1 100 1 100 1 100 1 1 1 1 12 11 1 16 1 12 11 15 1 16 1 100 1 1 12 10 15 1 12 18 1 100 1 100 1 1 12 10 12 11 1 1 1 1 1 1 100 1 8 1 1 12 10 1 1 1 8 1 1
ciInstanceKlass com/android/tools/r8/internal/GT 1 0 18 1 8 1 1 100 1 100 1 100 1 1 1 1 1 1 1 1
instanceKlass com/android/tools/r8/graph/W0
instanceKlass com/android/tools/r8/graph/i0
instanceKlass com/android/tools/r8/graph/u0
instanceKlass com/android/tools/r8/graph/g4
ciInstanceKlass com/android/tools/r8/graph/E 1 1 67 1 8 1 1 7 1 7 1 1 1 1 1 1 12 10 12 9 1 1 7 1 1 12 10 12 9 1 1 1 1 12 10 1 1 12 10 1 1 1 12 10 1 1 1 100 1 8 1 100 1 1 12 10 15 1 12 18 1 12 10 1 1 1 1 1 1
staticfield com/android/tools/r8/graph/E c Z 1
instanceKlass com/android/tools/r8/graph/D0
instanceKlass com/android/tools/r8/graph/I2
instanceKlass com/android/tools/r8/graph/D2
instanceKlass com/android/tools/r8/graph/L2
instanceKlass com/android/tools/r8/graph/J2
ciInstanceKlass com/android/tools/r8/graph/g4 1 1 36 1 8 1 1 7 1 7 1 1 1 1 12 10 1 1 1 1 7 1 1 12 10 12 9 1 1 1 100 10 1 1 1 1 1 1
staticfield com/android/tools/r8/graph/g4 d Z 1
instanceKlass com/android/tools/r8/graph/M2
instanceKlass com/android/tools/r8/graph/w2
ciInstanceKlass com/android/tools/r8/graph/J2 1 1 78 1 8 1 1 7 1 7 1 100 1 1 1 1 12 10 1 1 1 100 1 1 12 10 1 100 1 1 12 10 1 100 1 1 12 11 1 1 12 10 1 1 12 10 1 12 10 1 1 12 10 1 100 10 1 1 7 1 12 10 12 9 1 1 1 1 1 1 1 1 1 1 1 1 1 1 1 1
staticfield com/android/tools/r8/graph/J2 e Z 1
instanceKlass com/android/tools/r8/graph/B2
instanceKlass com/android/tools/r8/graph/l1
ciInstanceKlass com/android/tools/r8/graph/w2 1 1 136 1 8 1 1 7 1 1 7 1 100 1 1 1 1 1 1 1 1 1 12 10 12 9 1 100 10 1 100 1 100 12 9 12 9 1 1 1 12 10 1 1 7 1 1 12 10 1 1 1 1 1 1 1 1 1 1 1 1 1 1 1 1 1 1 12 10 1 16 12 10 15 1 16 1 100 1 1 12 10 15 1 1 12 18 1 100 1 1 12 10 1 100 1 12 10 1 12 10 1 100 1 12 10 1 100 1 1 12 11 1 1 12 10 1 1 1 1 1 1 1 1 1 100 1 8 1 1 12 10 1 1 1 8 1 1
staticfield com/android/tools/r8/graph/w2 h Z 1
ciInstanceKlass com/android/tools/r8/graph/M2 1 1 448 1 8 1 1 7 1 1 7 1 100 1 1 1 1 1 1 1 1 1 1 1 1 12 9 1 1 12 10 1 100 1 1 12 10 1 1 12 10 1 7 1 1 12 10 1 8 1 100 1 12 10 1 1 12 10 1 1 1 1 1 1 1 100 1 1 12 10 1 1 1 1 12 10 1 1 1 1 100 1 12 10 1 100 1 12 10 1 1 7 1 1 12 10 1 1 12 10 1 100 1 12 11 1 12 10 1 1 1 100 10 1 1 7 1 12 10 1 1 7 1 12 10 1 1 12 9 1 1 1 12 10 1 12 10 1 1 7 1 12 10 1 1 1 12 10 1 1 100 1 12 11 1 100 1 12 10 12 10 1 100 11 1 100 1 12 10 12 10 1 12 10 1 1 100 1 12 10 1 12 10 1 1 12 9 1 100 1 12 10 1 12 10 1 100 1 12 10 1 7 1 12 10 1 1 12 10 1 1 12 10 1 1 100 1 1 12 11 1 1 100 1 1 12 11 1 1 12 10 12 9 1 7 1 1 12 9 1 7 1 12 10 1 7 1 12 10 1 1 1 100 11 1 1 12 10 1 100 1 12 10 1 12 11 1 1 100 1 12 9 1 12 10 1 1 12 9 1 12 10 1 1 1 1 1 1 1 1 1 1 12 9 1 1 12 10 12 10 12 10 1 12 10 12 10 1 12 10 1 8 1 100 1 1 12 10 15 1 12 18 1 12 10 1 1 12 10 1 1 12 9 1 7 1 1 12 10 1 12 10 1 12 10 1 1 1 1 8 1 12 10 1 8 1 12 18 1 12 10 1 8 18 1 1 12 10 1 1 12 10 1 1 1 12 10 1 12 10 1 12 10 1 1 1 1 1 10 1 8 1 1 12 10 1 8 12 18 12 10 1 1 7 1 12 10 12 9 1 8 1 8 1 8 1 8 1 8 1 8 1 8 1 8 1 8 1 7 1 12 10 1 7 1 12 10 12 9 1 1 12 10 1 1 1 1 1 1 1
staticfield com/android/tools/r8/graph/M2 h [Lcom/android/tools/r8/graph/M2; 0 [Lcom/android/tools/r8/graph/M2;
staticfield com/android/tools/r8/graph/M2 i Lcom/android/tools/r8/internal/uC; com/android/tools/r8/internal/Rf0
staticfield com/android/tools/r8/graph/M2 j Z 1
ciInstanceKlass com/android/tools/r8/graph/B2 1 1 443 1 8 1 1 7 1 1 7 1 1 1 1 1 100 1 1 12 10 1 1 12 10 1 7 1 1 12 10 1 1 12 10 1 8 1 1 12 9 1 8 1 1 12 9 1 12 10 1 8 1 1 12 10 1 8 12 9 1 7 1 12 9 1 7 1 1 12 9 1 8 1 12 10 1 1 1 1 1 1 7 1 1 12 10 1 1 12 10 1 100 1 12 11 1 12 10 1 12 10 1 1 1 16 12 10 15 1 7 1 1 12 10 15 12 18 1 1 7 1 1 12 10 12 10 1 7 1 7 1 12 10 1 7 11 1 1 7 1 12 10 1 1 1 12 10 1 1 7 12 10 1 1 1 1 1 1 1 12 9 1 1 100 1 1 12 11 1 1 1 100 1 1 12 11 1 1 1 12 10 1 7 1 12 9 1 100 1 12 9 1 100 1 12 10 10 1 12 10 1 7 1 100 10 1 1 1 7 10 100 1 12 10 1 7 1 1 12 10 1 1 12 10 1 8 1 7 1 12 10 1 100 1 1 12 10 1 7 10 1 1 12 10 1 12 10 1 1 12 10 1 100 1 1 12 10 1 100 1 12 10 1 100 1 12 11 12 11 1 12 11 1 12 10 12 10 1 1 100 1 1 12 9 1 12 10 1 1 1 1 100 1 1 12 10 1 100 1 100 1 12 10 1 1 7 1 12 10 10 10 12 10 1 1 12 10 1 12 10 1 1 1 12 10 12 10 1 1 1 1 8 1 100 1 1 12 10 15 1 12 18 1 12 10 12 10 1 12 10 1 8 1 12 18 12 10 1 1 1 7 1 12 9 1 1 12 10 1 1 1 1 1 12 10 1 1 12 10 1 12 10 1 1 1 1 1 1 12 10 1 12 9 12 9 1 12 10 1 7 1 1 12 10 1 100 1 100 1 8 1 12 18 1 12 10 16 15 1 16 1 12 18 1 7 1 12 10 15 16 18 1 12 10 15 16 18 1 1 1 1 1 1 1
ciInstanceKlass com/android/tools/r8/graph/L2 1 1 337 1 8 1 1 7 1 1 7 1 100 1 100 1 100 1 1 1 1 1 1 1 1 1 1 12 9 100 1 1 1 12 10 1 7 1 1 12 10 1 1 1 12 10 1 12 10 1 1 12 10 1 1 12 10 1 1 12 9 1 1 1 12 10 1 1 12 10 12 10 1 12 10 1 1 12 10 1 100 12 9 1 100 1 12 10 1 1 1 1 1 1 12 10 12 10 1 12 10 12 10 1 1 1 100 10 1 1 1 12 10 1 1 12 10 1 12 10 1 1 7 1 12 9 1 7 1 12 11 1 1 7 1 12 10 1 1 7 1 12 10 1 1 1 1 12 10 1 12 10 1 100 1 8 1 12 10 1 1 100 1 12 10 1 1 12 10 1 12 10 1 1 12 10 1 1 100 1 12 9 1 12 10 1 1 7 1 1 12 9 1 7 1 12 11 1 12 10 1 1 100 10 1 1 12 10 1 8 1 8 1 100 1 1 12 10 1 8 10 12 10 1 1 12 10 1 1 12 10 1 1 8 12 10 1 100 1 100 12 10 12 9 1 100 1 1 12 10 1 100 1 1 12 10 1 12 10 1 1 1 12 10 1 1 12 10 1 1 1 1 1 1 10 1 1 1 100 1 8 1 100 1 1 12 10 15 12 18 12 10 1 8 1 12 18 1 8 1 12 18 1 12 10 1 12 10 1 7 1 12 10 1 7 1 12 10 1 1 7 1 12 10 12 9 12 10 1 12 10 1 1 1 1 1 1 1 1
staticfield com/android/tools/r8/graph/L2 g [Lcom/android/tools/r8/graph/L2; 0 [Lcom/android/tools/r8/graph/L2;
staticfield com/android/tools/r8/graph/L2 h Z 1
instanceKlass com/android/tools/r8/internal/ut0
instanceKlass com/android/tools/r8/internal/A7
instanceKlass com/android/tools/r8/internal/s80
instanceKlass com/android/tools/r8/internal/Se0
ciInstanceKlass com/android/tools/r8/internal/mv0 1 1 312 1 8 1 1 7 1 7 1 1 1 1 1 16 1 12 10 15 1 16 1 100 1 1 12 10 15 1 1 12 18 12 10 1 1 1 1 12 10 1 7 1 12 10 1 1 1 1 1 12 10 1 12 10 1 1 7 1 1 12 10 1 7 1 12 10 12 10 12 9 1 12 10 1 100 1 1 12 10 1 7 12 10 1 1 12 10 1 12 10 1 7 1 12 10 1 10 1 1 1 1 1 1 1 7 1 12 10 12 10 1 12 10 1 100 1 1 12 10 1 1 1 1 12 10 1 7 1 7 1 7 1 7 1 7 1 12 10 1 1 1 1 1 10 1 1 1 12 9 1 1 1 12 9 1 1 1 7 1 12 9 1 1 7 1 12 9 1 1 1 7 1 12 9 1 1 7 1 12 9 1 1 1 12 9 1 1 1 12 9 1 1 1 100 1 12 9 1 1 1 12 9 1 1 1 12 9 1 1 1 100 1 12 9 1 1 12 9 1 1 12 10 1 100 1 1 12 11 1 100 1 12 11 1 1 12 11 1 1 1 12 10 1 7 1 1 12 9 1 12 10 1 1 12 9 12 10 1 12 10 1 7 12 9 1 12 9 1 7 1 12 9 1 12 10 1 12 10 1 100 1 12 10 1 1 7 1 12 10 12 10 12 10 12 10 12 10 12 10 12 10 12 10 1 12 10 1 1 1 1 1 1
staticfield com/android/tools/r8/internal/mv0 a Z 1
ciInstanceKlass com/android/tools/r8/internal/Ky 1 0 15 1 8 1 1 100 1 100 1 1 1 1 1 1 1
ciInstanceKlass com/android/tools/r8/graph/I2 1 1 273 1 8 1 1 7 1 1 7 1 100 1 100 1 1 1 1 1 1 1 1 1 16 1 12 10 15 1 7 1 1 12 10 15 12 18 1 1 12 9 1 7 1 12 10 12 9 1 7 10 1 1 1 12 10 1 1 12 9 1 7 1 12 10 1 1 1 1 1 1 1 100 1 1 12 11 1 12 10 1 1 1 1 12 10 1 1 1 8 1 100 1 1 12 10 15 1 12 18 1 1 100 1 12 11 1 100 1 1 12 10 1 12 11 1 100 1 1 12 10 1 100 1 12 10 1 12 11 100 1 7 12 10 1 1 100 1 12 9 1 12 10 1 12 10 1 12 10 1 100 1 8 1 1 12 10 1 1 12 10 1 8 1 12 10 12 10 1 1 12 10 1 12 9 1 100 1 12 9 1 12 10 1 1 100 1 12 11 1 12 11 1 1 1 1 100 1 1 12 10 1 100 1 100 1 12 10 1 16 1 12 10 15 1 16 1 1 12 18 1 100 1 12 10 1 1 10 12 10 15 1 16 1 12 18 1 7 1 12 10 1 12 10 15 16 18 1 12 10 1 12 10 1 12 10 1 7 1 1 12 10 1 7 1 12 10 1 1 1 1 1 1 1
staticfield com/android/tools/r8/graph/I2 g I 0
ciInstanceKlass com/android/tools/r8/internal/Em0 1 1 89 1 8 1 1 100 1 100 1 1 1 100 1 1 12 10 1 1 1 100 12 10 1 1 7 10 1 1 100 1 1 12 11 1 100 1 1 12 11 1 1 12 11 1 1 12 10 1 1 1 12 10 1 100 1 12 11 1 100 1 12 11 11 1 1 12 11 1 12 11 11 12 11 1 1 12 10 1 100 11 1 100 1 12 10 1 1 1 1
ciInstanceKlass com/android/tools/r8/internal/Gl0 1 1 25 1 8 1 1 100 1 100 1 1 1 7 1 1 12 10 1 7 1 1 12 10 1 1 1
ciInstanceKlass com/android/tools/r8/internal/wA 1 1 69 1 8 1 1 7 1 100 1 1 3 1 5 0 1 1 1 7 1 1 12 10 1 1 12 10 12 10 5 0 1 1 12 10 5 0 1 100 1 100 1 8 1 1 12 10 1 1 12 10 1 8 1 12 10 1 12 10 1 8 1 1 12 10 10 1 1 1 1
instanceKlass com/android/tools/r8/graph/g1
instanceKlass com/android/tools/r8/graph/j1
ciInstanceKlass com/android/tools/r8/graph/h1 1 1 131 1 8 1 1 7 1 1 7 1 100 1 100 1 1 1 1 1 1 1 1 1 12 10 12 9 12 9 12 9 1 1 1 100 1 1 12 11 1 1 1 1 1 1 1 1 1 1 1 1 12 10 1 7 1 12 10 1 1 1 1 1 1 12 10 1 1 1 1 1 1 1 1 1 12 10 1 7 1 12 10 1 1 12 10 1 1 1 16 12 10 15 1 16 1 100 1 1 12 10 15 1 1 12 18 12 10 15 1 16 18 12 10 1 1 1 1 1 1 1 1 12 10 1 1 1 1 1 1 1 1
ciInstanceKlass com/android/tools/r8/graph/O2 1 1 169 1 8 1 1 7 1 1 7 1 100 1 100 1 1 1 1 1 1 1 1 12 9 1 1 1 1 1 1 16 1 12 10 15 1 7 1 1 12 10 15 12 18 1 1 7 1 12 10 1 1 1 1 1 100 1 7 1 1 12 11 1 1 1 1 1 1 7 1 12 10 1 1 100 1 12 10 1 1 1 12 10 1 1 1 1 1 1 1 100 1 1 12 11 1 1 1 100 1 1 12 10 1 1 12 10 1 12 10 12 10 1 1 1 1 7 1 12 10 1 1 1 16 1 12 10 15 16 1 1 12 18 1 7 1 1 12 10 1 1 12 9 10 1 7 1 12 9 1 12 9 1 100 10 1 1 7 1 12 10 10 1 1 1 1 1 1 1 1
staticfield com/android/tools/r8/graph/O2 c Lcom/android/tools/r8/graph/O2; com/android/tools/r8/graph/O2
staticfield com/android/tools/r8/graph/O2 d Z 1
ciInstanceKlass com/android/tools/r8/graph/j1 1 1 1318 1 8 1 1 7 1 1 7 1 100 1 7 1 7 1 7 1 1 7 1 100 1 1 7 1 100 1 1 100 1 100 1 1 100 1 1 100 1 100 1 100 1 100 1 100 1 100 1 100 1 1 100 1 100 1 100 1 1 1 1 1 1 1 1 1 1 1 1 1 1 1 1 1 1 1 1 1 1 1 1 1 1 1 1 1 1 1 1 1 1 12 9 12 9 1 100 1 12 10 1 12 10 1 7 1 12 10 1 1 12 10 1 7 1 12 10 1 100 1 1 12 9 1 100 1 1 12 10 1 8 1 100 1 1 12 10 15 1 12 18 1 100 1 12 10 1 8 1 12 9 1 12 9 1 12 10 1 8 1 12 10 1 12 9 1 8 1 12 9 1 1 12 9 1 100 1 12 10 1 100 1 12 10 1 12 10 1 100 1 1 12 10 1 12 10 1 100 10 1 1 12 10 1 1 12 10 1 100 1 12 10 1 100 1 100 1 100 1 12 10 1 12 10 1 12 10 10 1 12 10 1 100 1 12 10 1 12 10 1 12 9 1 100 1 12 10 1 100 1 1 12 10 1 1 12 9 1 12 10 1 100 1 12 10 1 100 1 12 10 1 12 10 1 1 12 9 1 7 1 12 9 1 100 1 12 10 1 100 1 12 10 1 100 1 12 10 1 12 10 1 100 1 12 10 1 100 1 100 1 12 9 1 12 10 1 100 10 1 100 1 12 10 1 1 12 9 1 12 10 1 100 10 1 100 1 12 10 1 100 1 1 12 9 1 100 1 12 9 1 12 10 1 1 100 1 12 10 16 1 12 10 15 1 16 1 100 1 1 12 10 15 1 1 12 18 12 10 15 18 1 12 10 1 1 12 10 12 10 12 10 1 12 10 1 7 1 12 10 1 7 1 1 12 10 15 1 16 1 12 18 1 12 10 12 9 12 9 1 1 12 10 1 100 1 12 11 1 100 1 12 10 12 9 1 100 1 12 9 12 9 1 100 1 1 12 10 1 12 9 1 12 10 1 12 9 1 12 10 1 1 12 10 1 12 10 1 100 12 9 12 9 12 9 12 11 1 1 100 12 10 12 9 9 12 9 1 100 1 1 12 10 1 12 10 1 12 9 1 12 9 1 1 1 16 12 10 15 12 18 1 1 1 12 10 1 12 10 1 1 1 1 12 10 1 1 12 10 1 12 9 1 1 1 12 10 12 9 1 7 12 9 1 1 100 12 10 12 10 10 10 1 8 1 12 18 10 1 8 18 1 1 100 1 1 12 11 1 1 12 10 1 12 10 1 100 1 100 1 12 10 1 12 9 12 9 1 1 12 10 1 12 10 1 1 7 10 1 1 12 10 1 1 12 10 1 12 10 12 9 3 1 12 10 12 10 1 12 10 1 12 10 1 12 10 1 12 10 1 1 12 10 1 1 7 1 12 9 12 9 1 1 12 10 1 100 1 7 1 12 10 1 100 1 8 1 12 18 1 12 10 1 100 1 100 12 10 1 12 10 12 10 1 100 1 12 10 12 10 1 100 1 12 11 12 10 1 12 10 12 10 12 10 12 10 1 1 12 9 1 12 9 12 9 12 9 12 9 12 9 12 9 12 9 1 1 1 12 10 1 12 10 12 9 1 10 1 1 100 1 12 10 1 1 1 1 12 10 1 12 10 9 1 12 10 1 12 10 1 12 10 1 12 10 12 9 1 1 1 12 9 1 1 1 7 1 7 1 12 11 1 1 12 10 1 1 100 1 12 10 1 12 10 1 100 1 8 10 1 12 9 100 1 12 10 12 10 1 1 12 10 1 8 10 1 1 100 1 1 12 10 1 7 1 12 10 1 1 12 10 1 7 10 1 1 12 10 1 12 9 12 9 12 9 1 16 1 12 10 15 1 16 1 12 18 1 12 10 12 10 15 18 1 12 10 1 12 10 1 12 10 15 1 16 1 12 18 1 12 10 12 10 12 9 1 12 10 1 12 10 1 12 10 1 1 12 10 12 10 15 18 12 10 1 1 8 1 100 1 12 9 1 12 10 1 1 1 1 7 12 9 1 12 9 12 10 1 12 11 1 1 12 9 1 7 1 12 11 1 7 1 1 12 10 12 10 12 10 1 12 10 1 100 10 12 10 1 1 12 9 1 12 10 12 10 1 1 10 1 12 10 1 1 12 10 1 1 1 1 12 10 1 1 12 10 12 10 15 1 16 1 12 18 1 12 10 1 1 12 10 12 9 12 9 1 7 1 12 10 1 7 15 1 16 1 12 18 1 100 1 12 10 15 1 16 18 15 1 16 18 1 12 10 15 16 18 1 12 10 15 16 18 12 10 16 15 1 16 1 1 12 18 1 12 10 12 10 15 18 12 10 15 18 12 10 15 1 16 18 1 16 1 12 10 15 16 1 12 18 1 16 1 12 10 15 16 1 12 18 1 12 10 12 10 12 10 1 12 11 1 12 10 1 12 10 1 100 1 12 11 1 100 1 12 10 1 100 1 12 10 10 1 12 11 1 12 10 1 100 1 12 11 1 8 1 12 18 1 12 10 1 12 11 11 1 100 11 1 12 10 1 1 12 10 1 7 1 12 10 1 100 1 12 9 1 12 10 1 12 10 10 12 10 12 9 1 12 9 1 1 100 12 10 1 12 10 1 12 10 12 10 12 9 1 12 10 1 12 10 12 10 12 10 12 10 12 10 12 9 10 1 12 10 12 9 12 9 1 12 10 12 9 12 9 1 1 1 12 10 1 1 12 10 15 18 1 12 10 12 10 12 10 1 100 1 12 9 1 100 1 12 11 1 100 12 9 12 11 1 1 7 1 12 10 12 9 1 12 10 12 9 1 7 1 12 9 1 7 1 12 9 12 10 12 9 1 7 10 1 1 12 10 10 12 10 12 10 12 10 10 1 100 10 1 12 10 15 18 12 10 15 1 12 18 1 12 10 12 10 1 1 1 1 1 1 1 1 1
staticfield com/android/tools/r8/graph/j1 u [Lcom/android/tools/r8/graph/j1; 0 [Lcom/android/tools/r8/graph/j1;
staticfield com/android/tools/r8/graph/j1 v Lcom/android/tools/r8/graph/j1; com/android/tools/r8/graph/j1
staticfield com/android/tools/r8/graph/j1 w Lcom/android/tools/r8/internal/TG; com/android/tools/r8/internal/TG
staticfield com/android/tools/r8/graph/j1 x Z 1
ciInstanceKlass com/android/tools/r8/graph/L4 1 1 21 1 8 1 1 100 1 100 1 1 1 1 1 1 1 1 1 1 1 1 1
instanceKlass com/android/tools/r8/graph/F0
instanceKlass com/android/tools/r8/graph/H0
ciInstanceKlass com/android/tools/r8/graph/G0 1 1 126 1 8 1 1 7 1 1 7 1 100 1 1 1 1 1 1 1 1 12 10 12 9 12 9 1 12 9 1 100 10 1 7 1 7 1 1 12 9 1 1 12 10 1 1 7 1 1 12 10 1 1 1 12 10 1 1 12 10 1 1 1 1 1 1 1 1 1 12 10 1 1 1 12 9 1 1 12 10 1 100 1 12 10 1 12 10 1 1 1 100 1 8 1 12 10 1 1 1 8 1 1 1 12 10 1 1 1 1 1 1 1 1 100 1 8 1 1 12 10 1 1 1 8 1 1
staticfield com/android/tools/r8/graph/G0 d Z 1
ciInstanceKlass com/android/tools/r8/graph/G4 1 1 36 1 8 1 1 100 1 100 1 100 1 1 1 1 1 1 1 1 1 100 1 1 12 11 1 1 1 1 1 1 1 1 1 1 1 1
instanceKlass com/android/tools/r8/graph/e0
instanceKlass com/android/tools/r8/graph/D4
instanceKlass com/android/tools/r8/graph/K5
ciInstanceKlass com/android/tools/r8/graph/H0 1 1 195 1 8 1 1 7 1 1 7 1 100 1 1 1 1 12 10 1 1 12 10 12 9 1 100 1 1 12 10 1 100 1 100 1 100 10 1 7 1 1 12 10 1 7 1 7 1 12 10 1 7 1 1 1 1 12 10 1 12 10 1 1 12 10 1 12 10 1 7 1 1 12 10 1 12 10 1 1 7 1 12 10 1 1 1 12 10 1 12 10 1 1 12 10 1 12 10 1 1 1 1 12 10 1 1 1 1 1 1 12 10 1 7 1 12 10 1 1 1 12 10 1 1 1 100 1 12 10 1 1 1 12 10 1 1 12 9 1 1 100 1 12 10 12 10 1 12 10 1 12 10 1 1 1 1 1 12 10 1 1 1 12 10 1 1 1 12 10 1 1 1 1 1 1 12 10 1 1 1 1 1 1 1 1 1 1 100 1 8 1 1 12 10 1 1
staticfield com/android/tools/r8/graph/H0 e Z 1
instanceKlass com/android/tools/r8/graph/O4
instanceKlass com/android/tools/r8/graph/Q
instanceKlass com/android/tools/r8/graph/k3
ciInstanceKlass com/android/tools/r8/graph/g 1 1 229 1 8 1 1 7 1 1 7 1 100 1 100 1 1 1 1 1 1 1 1 1 1 12 10 12 10 1 100 1 1 12 10 1 7 1 100 1 1 12 11 1 1 12 11 1 100 1 1 12 11 1 100 1 8 1 1 12 10 1 12 10 1 1 12 10 1 12 10 1 1 12 10 1 1 1 16 12 10 15 1 100 1 1 12 10 15 12 18 1 1 12 9 12 9 1 1 12 10 1 12 10 1 12 10 1 1 1 1 1 1 12 10 1 12 9 1 100 10 1 12 10 1 12 10 1 1 1 1 1 1 1 1 1 1 12 10 1 1 1 12 10 1 12 10 1 1 16 15 1 12 18 15 18 15 18 12 10 15 18 12 10 15 18 12 10 15 18 1 12 10 12 9 1 1 100 1 1 12 11 1 10 1 16 1 12 10 15 16 1 1 12 18 1 100 1 12 10 12 10 15 18 1 1 7 1 12 10 1 8 1 8 1 8 1 8 1 8 1 8 1 1 1 1 1 1 1 1 1
staticfield com/android/tools/r8/graph/g d Lcom/android/tools/r8/internal/uC; com/android/tools/r8/internal/Rf0
staticfield com/android/tools/r8/graph/g e Z 1
ciInstanceKlass java/security/Provider$ServiceKey 1 1 75 10 7 12 1 1 1 9 7 12 1 1 1 9 12 1 9 7 12 1 1 1 10 7 12 1 1 1 10 12 1 1 9 12 1 10 12 1 1 10 12 1 1 100 1 10 10 12 1 1 8 1 10 12 1 1 1 1 1 1 1 1 1 1 1 1 1 1 1 1 1 7 1 1 1
ciInstanceKlass java/lang/AssertionError 0 0 79 10 100 12 1 1 1 10 12 1 10 100 12 1 1 1 10 100 1 100 1 10 12 1 1 10 12 1 10 12 1 10 12 1 10 12 1 10 12 1 10 12 1 10 12 1 1 1 1 5 0 1 1 1 1 1 1 1 1 1 1 100 1 1 1 1 1 1 1 1 1 1 1 1 1 1 1 1 1
instanceKlass java/lang/ArrayIndexOutOfBoundsException
ciInstanceKlass java/lang/IndexOutOfBoundsException 0 0 49 10 100 12 1 1 1 10 12 1 100 1 10 8 1 10 12 1 1 10 12 1 10 12 1 1 10 12 1 100 1 1 1 1 5 0 1 1 1 1 1 1 1 1 1 1 1 1 1
ciInstanceKlass java/util/NoSuchElementException 0 0 34 10 100 12 1 1 1 10 12 1 10 12 1 10 12 1 100 1 1 1 1 5 0 1 1 1 1 1 1 1 1 1 1 1
ciInstanceKlass java/util/ConcurrentModificationException 0 0 34 10 100 12 1 1 1 10 12 1 10 12 1 10 12 1 100 1 1 1 1 5 0 1 1 1 1 1 1 1 1 1 1 1
instanceKlass com/android/tools/r8/synthesis/U
instanceKlass com/android/tools/r8/synthesis/S
ciInstanceKlass com/android/tools/r8/synthesis/Q$b 1 1 63 1 8 1 1 7 1 1 7 1 100 1 100 1 1 1 1 1 1 1 12 10 12 9 12 9 1 1 1 7 1 1 12 10 1 1 1 1 1 100 1 12 11 1 1 1 1 1 1 1 1 1 1 1 1 1 1 1 1 1 1 1 1
instanceKlass com/android/tools/r8/graph/j
ciInstanceKlass com/android/tools/r8/graph/h 1 1 354 1 8 1 1 7 1 7 1 7 1 100 1 7 1 1 100 1 7 1 1 1 1 1 1 1 1 1 1 1 1 1 1 12 9 1 1 12 10 1 100 1 1 12 10 1 100 1 100 12 10 12 9 1 12 10 1 12 10 1 8 1 12 10 12 9 1 100 1 12 10 1 12 10 1 12 9 1 12 9 1 12 9 1 12 9 1 12 9 1 12 10 1 12 10 1 100 1 12 10 1 100 9 1 12 10 1 100 10 1 12 10 1 12 10 1 1 12 10 1 12 10 12 9 1 9 12 9 1 1 1 7 1 12 9 1 12 9 12 10 1 1 1 12 9 1 1 12 10 1 1 7 1 1 12 10 16 12 11 15 16 1 7 1 1 12 10 15 1 1 12 18 1 12 10 1 1 1 12 10 1 7 1 1 12 11 1 1 7 1 12 10 12 10 1 7 1 1 12 9 1 100 1 12 9 1 1 12 10 1 12 10 1 100 1 12 11 1 100 1 12 10 1 100 1 1 12 11 1 100 1 1 12 11 1 100 1 12 11 1 1 12 11 1 1 1 1 1 1 1 1 7 1 12 10 12 9 1 7 1 12 9 1 100 1 7 1 1 12 10 1 12 9 1 7 1 12 9 1 7 1 12 10 1 12 10 1 7 1 12 9 10 1 12 10 1 1 12 10 12 10 9 12 9 1 100 1 1 12 9 1 100 1 100 1 12 9 1 100 12 9 1 100 1 12 9 1 12 10 1 100 1 12 9 1 12 10 1 1 10 1 1 7 1 12 10 1 1 1 1 1 1 1 1
staticfield com/android/tools/r8/graph/h g Z 1
instanceKlass com/android/tools/r8/shaking/i
ciInstanceKlass com/android/tools/r8/graph/j 1 1 750 1 8 1 1 7 1 7 1 100 1 100 1 100 1 1 100 1 100 1 100 1 7 1 1 1 1 1 1 1 1 1 12 10 1 12 10 1 12 10 1 12 9 1 1 12 10 12 9 1 1 12 10 1 1 1 12 9 12 10 1 12 10 1 100 1 1 12 11 1 100 1 1 100 1 1 12 10 1 100 12 10 1 100 1 1 100 1 100 1 12 9 1 12 10 1 8 1 12 10 1 1 12 9 1 1 12 9 1 12 9 1 12 9 1 12 9 1 12 10 1 7 1 12 10 1 12 10 1 12 10 1 1 1 1 7 1 1 12 10 1 12 10 1 7 1 12 11 1 7 12 10 1 7 1 12 9 1 12 9 1 7 1 12 9 1 12 9 1 7 1 7 1 1 12 9 1 100 1 12 10 1 100 10 1 100 100 1 1 12 11 1 12 9 1 1 12 10 1 12 10 1 1 12 10 1 1 12 10 12 10 1 12 10 1 12 9 16 1 12 10 15 1 16 1 7 1 1 12 10 15 1 12 18 12 10 1 1 1 1 1 1 12 10 1 12 10 12 10 12 10 1 1 1 1 12 10 15 1 16 1 12 18 12 10 1 12 10 1 7 12 10 1 12 10 1 12 10 1 1 12 9 10 12 10 1 12 10 1 12 10 1 1 12 10 1 100 1 12 11 1 12 11 1 12 11 1 1 12 10 1 12 10 1 100 1 1 12 10 1 12 10 10 1 100 1 12 10 1 12 10 12 10 12 10 1 12 10 1 1 100 1 1 12 10 1 100 11 1 100 1 1 12 10 1 7 1 12 10 1 1 12 10 1 100 1 12 10 1 100 12 10 12 10 1 12 10 1 12 9 12 10 1 1 12 10 1 100 1 12 10 12 10 1 16 15 16 1 12 18 1 7 1 12 10 1 7 1 12 9 1 12 9 1 12 10 1 1 12 10 1 7 1 1 12 10 1 7 1 1 12 10 1 12 10 1 12 10 1 7 1 1 12 10 1 1 1 1 1 1 100 1 12 9 1 1 12 10 1 100 1 100 1 12 10 1 12 10 1 100 1 12 10 1 100 1 1 12 10 12 10 1 1 1 1 1 100 1 1 12 10 1 100 1 12 10 1 100 1 12 10 1 12 10 1 1 1 1 1 1 1 1 12 10 1 1 12 10 1 1 12 10 12 10 1 1 12 10 12 10 1 1 12 10 12 10 12 10 12 10 1 12 10 1 12 10 12 10 12 10 10 10 1 12 10 15 16 18 1 12 10 12 10 10 1 1 1 1 10 1 12 9 1 1 12 9 12 9 1 100 10 1 100 1 12 10 1 12 10 1 100 1 12 9 1 12 9 1 12 10 1 1 12 10 1 12 10 1 12 9 1 100 10 1 100 1 12 10 1 12 10 10 1 1 12 10 15 1 12 18 1 1 12 9 1 100 1 12 10 11 1 100 1 12 11 1 12 9 1 12 10 12 9 1 12 9 1 100 12 9 1 1 12 9 1 100 1 100 1 12 9 1 100 12 9 1 100 1 12 9 1 12 10 1 100 1 12 9 1 12 10 1 7 1 7 12 10 1 12 10 9 1 12 10 1 100 10 1 12 10 12 10 1 12 9 1 100 1 12 11 1 1 7 1 12 10 1 1 12 10 9 1 12 9 1 12 9 1 12 9 1 1 1 1 1 1 1 1 1 1
staticfield com/android/tools/r8/graph/j i Z 1
ciInstanceKlass com/android/tools/r8/shaking/i 1 1 1386 1 8 1 1 7 1 100 1 100 1 100 1 100 1 1 100 1 100 1 1 100 1 100 1 1 1 1 1 1 1 1 1 1 1 1 1 1 1 1 1 1 1 1 1 1 1 1 1 1 1 1 1 1 1 1 1 1 1 1 1 1 1 1 12 9 1 100 1 1 12 9 1 12 10 1 100 1 100 1 8 1 100 1 1 12 10 15 1 12 18 1 1 12 10 1 12 9 1 100 12 10 1 1 100 1 12 9 12 9 1 1 100 1 1 12 10 1 12 10 1 100 1 12 10 1 12 9 1 1 12 9 12 9 12 9 12 9 12 9 12 9 12 9 12 9 12 9 12 9 12 9 12 9 12 9 12 9 12 9 12 9 12 9 12 9 12 9 12 9 12 9 12 9 12 9 12 9 1 12 10 1 12 10 1 12 10 1 100 1 1 12 9 1 100 1 1 12 11 1 100 12 9 1 100 1 1 12 9 1 100 1 1 12 10 1 8 1 100 1 1 12 10 1 100 1 12 10 1 100 12 9 1 8 18 1 1 1 1 1 12 10 10 1 100 1 1 12 10 1 12 9 1 100 1 12 10 1 12 10 1 12 10 1 100 12 10 1 12 9 1 100 12 10 12 10 1 1 100 1 12 10 1 100 12 9 1 100 1 1 12 11 1 100 1 12 9 1 100 12 10 12 9 1 100 1 12 10 1 100 12 10 1 12 10 12 10 1 8 1 12 18 1 100 12 10 1 12 9 1 12 10 12 10 12 10 1 12 10 16 1 12 10 15 1 16 1 100 1 1 12 10 15 1 1 12 18 1 12 10 1 1 12 10 1 1 12 10 12 10 1 1 1 100 1 1 12 10 12 10 1 100 1 100 1 100 12 10 1 12 9 1 8 1 12 10 12 9 1 12 11 16 1 12 10 15 1 16 1 1 12 18 1 12 10 1 12 10 15 1 16 18 1 100 1 12 10 12 9 12 9 12 10 15 18 1 100 1 12 10 1 12 10 1 12 9 1 12 9 1 12 9 12 9 1 12 9 1 12 10 1 100 1 12 10 1 12 10 1 100 1 12 10 1 12 10 1 1 12 11 1 1 12 11 1 100 1 100 1 12 11 1 1 12 11 1 100 1 12 11 1 12 10 1 12 11 1 12 11 1 12 10 1 12 11 1 12 10 1 12 10 12 9 1 12 10 1 12 10 1 100 12 9 1 100 10 1 100 1 12 10 1 12 10 1 100 1 100 1 12 10 1 12 10 1 12 10 1 1 12 9 1 100 1 1 12 11 1 1 12 11 1 1 12 11 16 1 12 10 15 16 1 1 12 18 1 100 1 1 12 11 1 100 12 10 15 1 16 1 12 18 1 1 12 11 1 12 10 15 1 16 1 12 18 1 100 1 1 12 10 1 1 12 11 1 100 11 1 100 1 100 1 100 1 100 1 100 1 12 10 12 9 1 12 10 1 12 10 1 12 10 9 1 100 1 12 10 1 12 10 1 12 10 1 12 10 1 12 10 1 12 10 1 12 10 1 12 10 1 100 1 12 9 1 12 10 1 16 1 12 10 15 16 1 12 18 1 12 10 1 12 10 15 16 1 12 18 10 9 1 100 1 100 1 100 12 11 1 12 11 1 12 9 1 100 10 10 1 100 1 12 10 1 100 1 12 10 10 10 1 100 1 12 9 1 100 1 12 10 12 9 1 12 10 1 12 10 1 12 10 1 12 10 1 12 9 1 1 12 11 11 1 100 1 12 10 11 1 100 1 12 10 11 1 1 1 100 1 12 10 1 12 10 1 12 10 1 12 10 1 100 1 100 1 100 1 100 1 100 1 12 10 12 10 1 12 10 1 12 9 16 1 12 10 15 1 16 1 12 18 1 100 1 12 10 1 12 9 1 100 1 12 10 1 12 10 1 12 10 10 12 10 1 12 10 1 12 10 1 100 10 12 9 1 12 9 1 100 1 12 10 1 12 10 1 12 10 1 12 10 1 100 10 1 100 12 11 1 12 10 1 100 12 10 1 12 10 1 100 1 12 11 1 100 1 12 11 1 12 10 1 12 10 1 100 1 12 10 1 100 1 12 10 1 100 1 12 10 1 12 10 1 12 10 1 100 1 12 10 1 12 9 1 12 10 1 12 10 12 10 12 10 12 9 1 12 10 1 12 10 1 12 10 10 9 11 1 12 9 1 100 11 1 1 12 11 1 100 1 12 11 11 1 12 11 1 12 10 1 12 11 1 1 12 10 1 1 12 10 1 12 10 1 12 10 12 9 1 12 10 1 100 11 1 1 12 10 10 12 10 1 12 10 12 9 1 12 10 1 12 10 1 12 10 1 1 1 1 1 1 12 10 1 12 9 10 12 9 9 12 9 1 12 11 1 12 11 1 12 10 12 10 1 12 10 15 16 18 12 10 1 12 9 1 100 1 12 10 1 12 10 1 100 1 12 9 1 100 1 12 10 10 10 1 1 12 10 12 10 12 10 12 10 1 1 12 10 1 100 1 12 9 11 12 11 12 10 12 10 15 16 1 12 18 1 12 10 10 12 9 12 10 1 12 10 15 1 16 1 12 18 1 12 11 16 1 12 10 15 1 12 18 1 12 10 1 12 10 15 1 12 18 1 12 10 15 1 12 18 11 1 12 10 15 1 12 18 1 100 1 12 9 12 9 12 9 12 9 1 100 1 12 10 1 100 1 12 10 10 1 12 10 12 10 1 12 10 1 100 1 12 10 15 1 16 1 12 18 1 12 10 1 12 10 1 1 12 10 1 12 10 1 16 18 1 12 10 1 12 10 1 12 10 1 16 18 1 12 10 1 12 11 12 11 15 1 12 18 11 1 100 1 12 10 12 10 15 1 16 1 12 18 1 16 18 12 11 15 1 12 18 1 100 1 12 10 1 100 12 9 11 1 1 7 1 12 10 1 1 12 9 1 100 12 10 1 1 100 1 12 10 1 12 9 1 100 12 9 11 1 100 1 12 9 1 100 10 1 100 1 12 10 1 100 12 10 10 1 12 10 1 1 12 10 1 100 10 1 100 1 12 9 12 10 1 1 12 10 12 9 1 100 10 1 12 10 1 12 9 1 100 1 12 9 1 12 10 1 1 1 1 1 1 1 1 1
staticfield com/android/tools/r8/shaking/i K Z 1
ciInstanceKlass com/android/tools/r8/graph/h0 1 1 47 1 8 1 1 100 1 100 1 100 1 1 1 1 1 100 1 8 1 1 12 10 1 1 1 8 1 1 1 8 1 1 1 8 1 1 1 8 1 1 1 8 1 1 1 8 1
ciInstanceKlass com/android/tools/r8/graph/B4 1 1 51 1 8 1 1 100 1 100 1 100 1 1 1 100 1 1 12 10 1 1 1 1 100 1 8 1 1 12 10 1 1 1 8 1 1 1 8 1 1 1 8 1 1 1 8 1 1 1 8 1 1
ciInstanceKlass com/android/tools/r8/graph/f0 1 0 75 1 8 1 1 100 1 100 1 100 1 100 1 1 100 1 8 1 1 12 10 1 1 1 8 1 1 1 8 1 1 8 1 1 1 8 1 1 8 1 1 1 8 1 1 1 8 1 1 1 8 1 1 1 8 1 1 1 8 1 1 1 8 1 1 8 1 1 1 8 1 1 1 8 1
ciInstanceKlass com/android/tools/r8/graph/A4 1 0 72 1 8 1 1 100 1 100 1 100 1 100 1 1 100 1 8 1 1 12 10 1 1 1 8 1 1 1 8 1 1 1 8 1 1 1 8 1 1 1 8 1 1 1 8 1 1 1 8 1 1 1 8 1 1 8 1 1 1 8 1 1 8 1 1 1 8 1 1 8 1 1
ciInstanceKlass com/android/tools/r8/graph/v2 1 1 276 1 8 1 1 7 1 1 7 1 100 1 100 1 100 1 100 1 1 100 1 100 1 1 100 1 100 1 1 100 1 100 1 1 1 1 1 12 10 12 9 1 1 12 10 1 100 1 12 10 1 16 1 1 12 10 15 16 1 100 1 1 12 10 15 1 1 12 18 1 100 1 1 12 11 1 100 1 12 10 1 100 1 12 10 1 12 10 15 16 18 1 1 12 10 1 7 1 1 12 11 1 7 1 1 12 11 1 1 12 11 1 7 1 12 9 1 1 12 9 1 100 1 12 10 1 1 12 9 1 1 12 9 1 8 1 100 1 1 12 10 15 1 12 18 1 12 10 1 100 1 12 10 1 12 10 1 12 9 12 10 1 12 10 1 100 1 12 10 1 12 10 12 10 1 1 7 1 12 10 1 1 100 1 12 11 1 1 1 1 12 9 12 10 1 8 1 12 18 1 12 10 1 1 1 1 1 1 1 1 1 100 1 12 9 1 1 1 12 10 1 100 1 12 11 1 100 12 11 1 12 10 1 100 1 1 12 10 1 100 1 12 9 1 12 10 1 100 1 1 12 9 1 12 11 1 1 1 1 1 1 1 1 1 1 1 1 100 1 8 1 1 12 10 1 1
staticfield com/android/tools/r8/graph/v2 u Z 1
ciInstanceKlass com/android/tools/r8/graph/J5 1 1 61 1 8 1 1 100 1 100 1 100 1 1 1 1 1 1 1 1 12 11 1 100 12 10 1 1 1 1 100 1 8 1 1 12 10 1 1 1 8 1 1 1 8 1 1 1 8 1 1 1 8 1 1 1 8 1 1 1 8 1 1
ciInstanceKlass com/android/tools/r8/graph/K5 1 1 411 1 8 1 1 7 1 1 7 1 100 1 100 1 100 1 1 100 1 100 1 1 7 1 7 1 1 1 1 1 1 12 10 1 12 10 1 1 7 1 1 12 10 1 7 1 1 12 10 1 1 12 10 1 7 1 12 10 1 1 7 1 1 12 10 1 100 1 1 12 10 1 1 12 10 1 100 1 12 10 1 12 10 1 1 12 10 1 100 1 12 10 1 100 1 12 10 1 12 10 1 12 10 1 12 10 1 100 1 1 12 10 1 100 1 12 9 1 100 1 1 12 11 12 10 1 12 10 1 1 12 10 1 12 10 1 12 9 1 100 12 9 1 100 1 12 9 1 1 12 9 1 1 12 10 1 1 12 9 1 100 1 12 10 1 1 12 10 1 100 12 11 1 100 1 12 10 1 12 10 1 12 10 12 10 1 12 10 12 10 1 100 12 11 12 10 1 12 10 1 12 10 1 12 10 1 12 10 12 10 12 10 1 12 10 12 10 12 10 1 12 10 1 12 10 12 10 1 12 9 1 12 10 1 100 1 12 9 1 12 10 1 12 9 1 12 10 1 100 10 1 12 10 1 100 1 12 10 1 1 12 10 1 100 12 9 1 100 1 12 10 1 12 10 1 12 10 1 100 1 1 12 10 1 1 12 10 1 12 10 1 100 12 9 1 100 1 100 12 10 1 1 12 10 1 1 1 1 12 9 12 9 1 7 1 12 10 1 12 10 1 1 1 1 12 9 1 12 10 1 1 12 9 1 100 1 12 10 12 9 12 9 1 100 1 12 10 1 12 10 1 12 10 1 1 1 1 1 1 1 1 1 1 1 12 9 1 1 10 1 1 12 10 1 1 1 1 1 1 7 1 12 10 1 1 100 1 12 10 1 12 10 12 9 1 100 1 12 11 1 100 12 11 1 1 1 1 1 1 1 1
staticfield com/android/tools/r8/graph/K5 f Z 1
ciInstanceKlass com/android/tools/r8/internal/hi 1 1 81 1 8 1 1 7 1 100 1 1 1 16 1 12 10 15 1 7 1 1 12 10 15 1 1 12 18 1 1 16 1 12 10 15 1 12 18 1 1 1 12 10 15 12 18 1 12 10 15 12 18 1 1 1 12 10 15 12 18 1 100 1 1 12 11 1 100 12 11 1 100 1 1 12 11 1 1 1 1 1 1
ciInstanceKlass  @bci com/android/tools/r8/internal/hi b ()Ljava/util/function/Consumer; 0 <appendix> argL0 ; 1 1 20 1 7 1 7 1 100 1 1 12 10 1 1 1 7 1 12 10 1 1
ciInstanceKlass com/android/tools/r8/shaking/j2 1 0 32 1 8 1 1 100 1 100 1 1 1 1 16 1 12 11 15 1 100 1 1 12 10 15 1 12 18 1 1 1 1 1
ciInstanceKlass com/android/tools/r8/graph/y 1 1 1365 1 8 1 1 7 1 1 7 1 100 1 100 1 100 1 100 1 100 1 100 1 100 1 100 1 100 1 100 1 100 1 100 1 100 1 100 1 100 1 100 1 1 100 1 100 1 1 100 1 7 1 1 100 1 1 100 1 100 1 100 1 1 1 1 1 1 1 1 1 1 1 1 1 1 1 1 1 1 1 1 1 1 1 1 1 1 1 1 1 1 1 1 1 1 1 1 1 1 1 1 1 1 1 1 1 1 1 1 1 1 1 1 1 1 1 1 1 1 1 1 1 1 1 1 1 1 1 1 1 1 1 1 1 1 1 1 1 1 1 1 1 1 1 1 1 1 1 1 100 1 12 11 1 12 10 1 1 12 11 1 12 10 1 1 1 12 11 1 12 10 1 100 1 12 10 1 12 9 1 12 10 1 7 1 12 10 1 1 12 10 1 1 12 10 1 12 10 1 1 12 10 1 100 12 10 1 100 1 12 10 1 1 12 10 1 12 9 1 12 10 1 12 9 1 100 1 8 1 12 10 1 100 1 1 12 10 12 9 12 9 12 9 12 9 12 9 1 100 1 12 10 1 1 7 1 12 10 1 1 7 1 12 10 1 1 12 10 1 7 1 12 10 1 1 7 1 12 10 1 12 9 12 9 1 100 1 1 12 11 1 1 12 10 1 7 12 10 1 1 1 1 12 9 12 9 12 10 1 100 1 12 10 1 12 10 12 10 1 12 10 12 9 1 7 12 9 1 12 10 1 1 1 12 9 1 100 10 12 10 1 100 12 9 12 9 1 1 12 10 1 12 10 12 10 1 12 10 1 12 10 1 12 10 12 10 12 10 1 100 1 12 10 12 10 1 12 10 1 12 10 1 7 12 10 1 12 10 1 100 1 12 10 1 12 9 1 1 12 9 1 1 12 9 1 1 12 9 12 9 1 100 1 12 10 12 9 1 100 1 12 11 1 12 10 10 1 12 11 10 1 12 9 1 100 10 12 9 1 12 9 1 7 1 1 12 10 12 9 1 7 12 9 1 12 10 9 1 12 10 12 9 1 8 1 12 10 1 12 9 1 12 9 1 100 1 12 11 12 9 1 1 12 10 1 100 12 9 12 9 1 12 10 12 10 1 1 1 12 9 1 12 9 1 1 1 1 1 12 11 1 16 12 10 15 1 16 1 7 1 1 12 10 15 1 1 12 18 12 10 15 1 16 18 12 10 15 1 16 18 1 100 1 12 10 1 100 1 100 1 12 10 1 100 1 100 1 12 10 1 12 10 1 100 1 100 10 1 12 10 1 12 9 1 1 100 10 12 9 1 7 1 12 9 1 100 1 12 11 1 12 9 1 100 1 12 10 12 9 1 12 10 1 12 9 1 100 1 12 11 1 12 9 12 9 1 12 10 1 100 1 100 1 12 9 1 12 10 1 12 9 1 1 1 12 10 1 7 1 12 10 1 100 1 12 9 1 12 9 12 9 1 1 12 9 1 12 9 1 100 12 9 1 100 1 1 12 10 1 12 9 1 100 11 1 1 100 10 1 12 9 1 100 1 7 1 8 1 12 10 1 12 10 1 12 10 1 12 10 1 100 1 12 10 12 10 1 7 1 12 10 1 100 1 12 10 12 9 1 8 1 100 1 12 10 1 100 12 9 1 1 12 11 1 100 1 12 11 1 1 12 11 12 9 11 1 12 10 1 12 10 1 12 9 1 12 10 1 7 1 12 10 12 9 1 100 1 12 10 1 7 1 12 10 12 10 1 1 100 12 9 1 12 10 12 10 1 1 12 10 9 12 9 1 100 1 100 1 1 12 10 1 100 12 10 1 12 10 1 100 1 12 10 12 9 1 1 12 9 1 100 1 12 11 1 100 1 12 10 1 1 1 12 9 1 100 12 11 12 9 1 1 12 9 1 100 1 12 10 1 1 12 11 12 9 12 10 1 8 1 100 1 1 12 10 15 1 12 18 12 10 1 8 18 1 12 10 1 12 10 16 1 12 10 15 16 1 12 18 1 1 12 10 1 1 100 12 9 1 1 12 10 12 10 12 10 1 12 10 1 1 1 1 12 10 1 1 1 100 1 12 10 1 12 9 1 100 9 1 1 12 9 1 100 1 12 10 1 100 1 12 9 12 10 1 12 9 1 12 10 1 12 11 1 12 10 12 10 1 1 1 8 1 100 1 100 16 12 10 15 1 16 1 12 18 10 1 12 10 1 12 10 1 12 10 1 12 10 1 1 1 12 10 1 100 12 10 1 12 10 1 12 10 15 1 16 1 12 18 1 12 10 1 100 1 12 10 1 12 9 1 12 10 1 12 10 15 16 18 12 10 12 10 1 100 1 12 10 1 8 1 12 10 1 100 1 12 11 1 12 10 1 12 10 10 1 12 10 10 10 10 10 10 10 10 10 1 100 1 100 12 11 1 100 1 12 10 1 12 10 11 1 100 1 12 10 12 10 1 100 9 1 100 1 1 12 10 1 1 12 10 1 100 1 12 10 9 1 12 11 1 12 11 12 11 1 1 7 1 12 10 10 1 7 10 1 12 10 12 9 12 9 1 7 12 10 1 7 12 9 12 9 1 7 10 12 9 1 7 10 12 9 12 9 1 7 1 12 9 1 7 10 1 12 10 9 1 7 1 12 9 1 7 12 9 1 7 1 12 9 1 7 10 12 9 12 9 12 9 16 12 10 15 16 1 12 18 1 8 1 12 10 1 7 10 12 9 1 7 10 12 9 1 100 10 12 9 1 100 10 12 9 12 10 15 16 18 1 8 1 7 1 12 10 15 16 1 12 18 1 8 12 9 1 8 1 12 10 12 9 12 10 9 1 100 10 12 9 12 10 1 100 1 12 10 12 10 15 16 18 1 8 12 9 12 10 15 1 16 1 12 18 1 8 12 10 15 16 18 1 8 12 10 15 16 18 1 8 12 10 15 16 18 1 8 1 7 12 9 1 1 12 9 1 12 9 1 100 1 8 1 100 12 9 1 12 9 1 100 11 1 12 10 1 12 10 10 12 9 1 8 12 10 12 10 16 12 10 15 1 12 18 1 100 11 1 1 1 1 1 1 1 1 1 1
staticfield com/android/tools/r8/graph/y W Z 1
ciInstanceKlass com/android/tools/r8/graph/I0 0 0 375 1 8 1 1 100 1 100 1 100 1 100 1 100 1 100 1 100 1 100 1 100 1 1 100 1 100 1 1 100 1 100 1 1 100 1 100 1 1 1 1 1 12 10 12 9 1 1 12 9 1 100 1 100 1 8 1 100 1 1 12 10 15 1 12 18 1 12 10 1 1 100 1 100 1 1 12 11 1 12 10 1 1 12 11 1 100 1 1 12 11 1 1 12 11 1 100 1 1 12 10 12 9 1 1 12 9 1 1 12 10 1 12 10 1 1 12 10 1 1 12 10 1 1 12 10 1 1 12 10 1 12 10 1 12 10 1 1 12 10 1 12 10 1 1 12 10 1 100 1 1 12 10 1 1 12 9 1 12 11 1 1 12 10 1 12 11 12 10 1 1 12 10 1 1 16 15 1 16 1 100 1 1 12 10 15 1 1 12 18 1 100 1 1 12 10 15 18 15 1 16 18 15 1 16 18 15 1 16 18 1 12 10 15 1 16 18 15 1 16 18 1 12 10 15 1 16 18 1 16 1 12 10 15 16 1 1 12 18 1 12 10 1 12 10 15 18 1 12 10 15 18 1 1 12 9 1 12 10 1 1 1 100 1 12 10 1 1 100 1 12 11 1 1 100 1 12 9 1 1 12 9 16 1 12 10 15 1 16 1 12 18 1 12 10 1 1 1 12 9 12 10 1 8 1 12 18 1 1 1 1 1 100 1 12 9 1 1 100 1 12 11 1 100 12 11 1 12 10 1 100 1 1 12 10 1 100 1 1 12 10 1 1 16 12 10 15 12 18 1 1 1 1 1 1 100 1 12 10 1 1 1 1 1 1 1 100 1 8 1 1 12 10 1 1
ciInstanceKlass com/android/tools/r8/internal/re 1 1 69 1 8 1 1 100 1 7 1 1 1 12 10 1 1 1 1 100 1 100 1 1 12 9 1 100 1 1 12 10 1 8 1 100 1 1 12 10 15 1 12 18 1 12 10 1 1 1 100 1 1 12 9 1 12 10 1 8 18 1 1 100 1 12 10 1 1 1 1
ciInstanceKlass com/android/tools/r8/internal/AS 1 1 46 1 8 1 1 100 1 7 1 1 1 12 10 1 1 1 100 1 1 12 9 1 1 12 10 1 8 1 100 1 1 12 10 15 1 12 18 1 1 1 100 1 1 1 1 1
ciInstanceKlass com/android/tools/r8/graph/c0 0 0 53 1 8 1 1 100 1 100 1 100 1 100 1 1 1 100 1 1 12 10 1 1 1 1 100 1 8 1 1 12 10 1 1 1 8 1 1 1 8 1 1 1 8 1 1 1 8 1 1 1 8 1 1
instanceKlass com/android/tools/r8/internal/AS
instanceKlass com/android/tools/r8/internal/re
instanceKlass com/android/tools/r8/internal/O80
ciInstanceKlass com/android/tools/r8/internal/rd 1 1 253 1 8 1 1 7 1 7 1 7 1 1 1 1 1 1 1 1 1 12 10 1 7 10 12 9 12 9 1 7 1 12 9 1 12 10 1 100 10 1 7 10 12 9 1 1 12 10 1 1 7 1 1 12 11 1 7 1 100 1 1 12 11 1 1 7 1 1 12 10 1 1 1 1 1 7 1 1 12 11 10 1 100 1 12 10 1 8 1 100 1 1 12 10 15 1 12 18 1 1 12 11 1 100 16 1 12 10 15 1 16 1 7 1 1 12 10 15 1 1 12 18 1 1 12 11 1 100 1 1 7 10 1 1 12 11 1 7 1 1 12 11 1 7 1 12 11 1 12 11 1 1 12 10 1 100 1 8 1 12 10 1 1 100 1 12 10 16 1 12 10 15 1 16 1 12 18 1 12 10 12 10 12 10 15 1 16 1 12 18 1 12 11 1 1 100 1 12 10 1 12 11 1 100 1 1 12 11 12 10 11 1 100 1 12 11 12 10 1 12 11 1 100 1 12 11 1 12 11 1 12 11 1 1 12 9 12 10 1 12 11 1 12 11 1 12 10 1 1 1 1 1 1
staticfield com/android/tools/r8/internal/rd c Z 1
ciInstanceKlass com/android/tools/r8/internal/O80 1 1 227 1 8 1 1 7 1 7 1 1 1 1 1 1 1 7 1 1 12 10 1 7 1 1 12 10 1 100 1 7 1 1 12 11 1 1 12 11 1 7 1 7 1 12 9 1 16 1 12 10 15 1 16 1 7 1 1 12 10 15 1 1 12 18 1 1 12 10 1 12 10 1 12 10 12 9 1 1 16 1 12 10 15 12 18 12 9 1 100 10 1 100 1 100 1 1 12 9 1 100 1 12 10 1 100 1 1 12 10 1 1 12 9 1 100 11 1 100 1 1 12 10 1 1 12 10 1 100 1 12 10 1 1 12 9 1 100 1 12 10 1 12 9 1 100 10 1 1 12 10 1 1 12 10 1 1 12 11 1 100 1 100 1 12 10 1 100 1 1 12 10 1 100 1 12 10 1 12 10 1 12 10 1 1 12 9 1 100 1 12 11 12 11 1 1 7 1 12 10 1 12 10 1 8 1 100 1 1 12 10 15 1 12 18 1 1 100 1 12 9 1 1 1 1 1 1 1
staticfield com/android/tools/r8/internal/O80 e Z 1
ciInstanceKlass com/android/tools/r8/graph/O4 1 1 155 1 8 1 1 7 1 1 7 1 100 1 1 1 1 1 12 10 1 12 10 1 1 12 9 3 1 1 12 10 1 1 3 1 1 1 1 1 1 1 12 10 1 1 1 1 1 1 1 12 10 1 1 1 1 1 1 1 100 1 12 10 1 12 9 1 12 10 1 8 1 12 10 1 8 1 8 1 8 1 8 1 8 12 10 12 10 16 12 10 15 1 100 1 1 12 10 15 1 1 12 18 12 10 15 18 12 10 15 18 12 10 15 18 12 10 15 18 12 10 15 18 1 12 10 1 12 9 1 100 12 10 12 10 1 1 10 1 1 3 3 1 1 7 1 12 10 1 1 1 1 1 1 1 1
staticfield com/android/tools/r8/graph/O4 f Z 1
ciInstanceKlass com/android/tools/r8/synthesis/F 1 1 112 1 8 1 1 7 1 7 1 7 1 100 1 100 1 1 1 1 1 1 12 10 1 7 10 12 9 1 1 7 1 1 12 10 12 9 1 1 1 12 10 1 1 12 10 1 100 1 1 12 9 1 100 1 1 12 11 1 100 1 100 1 100 1 100 1 12 11 1 1 12 11 1 100 1 100 1 1 12 10 1 1 12 10 1 100 1 1 12 10 1 12 10 1 12 10 1 12 10 1 1 12 10 1 100 10 1 1 1 1 1 1
staticfield com/android/tools/r8/synthesis/F b Z 1
ciInstanceKlass com/android/tools/r8/internal/V6 1 1 50 1 8 1 1 7 1 7 1 1 1 1 1 12 10 12 9 1 1 12 10 1 1 12 10 1 100 1 12 11 12 9 12 10 1 1 1 1 12 10 1 100 1 1 12 10 1 1 1 1
ciInstanceKlass com/android/tools/r8/synthesis/q 0 0 103 1 8 1 1 100 1 100 1 100 1 100 1 100 1 1 1 1 12 10 1 1 1 1 1 1 12 9 1 100 1 100 1 12 10 1 12 10 1 12 9 1 100 1 12 10 1 1 100 12 11 1 1 1 1 12 9 1 100 1 12 10 1 100 1 12 9 1 12 9 1 8 1 100 1 1 12 10 15 1 12 18 1 1 12 11 1 1 1 100 1 1 12 10 1 12 10 1 1 1 1 1 1
ciInstanceKlass com/android/tools/r8/synthesis/Y 1 0 13 1 8 1 1 100 1 100 1 1 1 1 1
ciInstanceKlass com/android/tools/r8/synthesis/W 1 1 116 1 8 1 1 100 1 7 1 100 1 100 1 100 1 1 1 1 12 10 1 1 1 100 1 1 12 11 1 1 1 1 1 1 1 12 9 1 100 1 100 1 12 10 1 12 9 1 100 1 12 10 1 12 10 1 12 10 1 1 100 12 11 1 1 1 12 9 1 100 1 12 10 1 100 1 12 9 1 12 9 1 8 1 100 1 1 12 10 15 1 12 18 1 1 12 11 1 1 1 100 1 1 12 10 1 12 10 1 1 1 1 1 1 1 1
ciInstanceKlass java/util/concurrent/atomic/AtomicReference 1 1 178 10 7 12 1 1 1 9 7 12 1 1 1 9 12 1 1 10 100 12 1 1 1 10 12 1 1 10 12 1 10 12 1 1 10 12 1 1 11 100 12 1 1 1 10 12 1 1 11 100 12 1 1 10 100 12 1 1 1 10 12 1 10 12 1 10 12 1 10 12 1 10 12 1 10 12 1 1 10 12 1 10 12 1 10 12 1 10 12 1 10 12 1 10 7 12 1 1 1 8 10 7 12 1 1 1 100 1 100 1 10 12 1 100 1 1 1 1 5 0 1 1 1 1 1 1 1 1 1 1 1 1 1 1 1 1 1 1 1 1 1 1 1 1 1 1 1 1 1 1 1 1 1 1 1 1 1 1 1 1 1 1 1 1 1 1 1 1 1 1 1 1 1 1 1 1 1 1
staticfield java/util/concurrent/atomic/AtomicReference VALUE Ljava/lang/invoke/VarHandle; java/lang/invoke/VarHandleReferences$FieldInstanceReadWrite
instanceKlass java/util/LinkedList
ciInstanceKlass java/util/AbstractSequentialList 1 1 110 10 7 12 1 1 1 10 7 12 1 1 1 11 100 12 1 1 1 100 1 100 1 100 1 10 8 1 10 12 1 1 10 12 1 10 12 1 1 10 12 1 11 12 1 1 11 12 1 11 12 1 11 100 12 1 1 1 11 100 12 1 1 1 11 10 12 1 1 1 1 1 1 1 1 1 1 1 1 1 1 1 1 1 1 1 1 1 1 1 1 1 1 1 1 1 1 1 1 1 1 1 1 1 1 1 1 1 1 1
ciInstanceKlass java/util/LinkedList 1 1 346 10 7 12 1 1 1 9 7 12 1 1 1 10 10 12 1 1 9 12 1 1 7 1 10 12 1 9 12 1 9 12 1 9 12 1 9 12 1 9 12 1 1 100 1 10 10 12 1 1 10 12 1 10 12 1 1 10 12 1 10 12 1 1 10 12 1 10 7 12 1 1 1 10 12 1 10 12 1 1 11 7 12 1 1 1 10 12 1 1 10 12 1 10 12 1 1 100 1 10 8 1 10 12 1 1 10 12 1 8 1 10 12 1 1 10 12 1 1 100 1 10 12 1 1 10 12 1 10 12 1 10 12 1 1 10 12 1 10 12 1 10 12 1 10 12 1 10 12 1 7 1 10 12 1 100 1 10 12 1 10 12 1 100 1 100 1 10 12 1 10 12 1 1 10 12 1 1 10 100 12 1 1 10 100 12 1 1 1 100 1 10 100 12 1 1 10 12 1 10 12 1 10 100 12 1 1 10 12 1 1 10 12 1 100 1 10 12 1 100 1 10 12 1 1 11 100 12 1 1 10 12 1 10 12 100 1 100 1 100 1 1 1 1 1 1 5 0 1 1 1 1 1 1 1 1 1 1 1 1 1 1 1 1 1 1 1 1 1 1 1 1 1 1 1 1 1 1 1 1 1 1 1 1 1 1 1 1 1 1 1 1 1 1 1 1 1 1 1 1 1 1 1 1 1 1 1 1 1 1 1 1 1 1 1 1 1 1 1 1 1 1 1 1 1 1 100 1 1 1 100 1 1 1 1 1 1 1 1 1 1 1 1 1 1 1
ciInstanceKlass java/util/LinkedList$Node 1 1 39 10 7 12 1 1 1 9 7 12 1 1 1 9 12 1 1 9 12 1 1 1 1 1 1 1 1 1 1 1 1 1 1 1 1 100 1 1 1
ciInstanceKlass java/util/LinkedList$ListItr 1 1 134 9 7 12 1 1 1 10 7 12 1 1 1 9 7 12 1 1 1 9 12 1 9 12 1 10 12 1 1 9 12 1 1 9 12 1 10 12 1 10 12 1 1 100 1 10 9 12 1 9 7 1 9 12 1 1 10 12 1 9 12 1 9 12 1 100 1 10 10 12 1 1 10 12 1 1 10 12 1 1 10 100 12 1 1 1 11 100 12 1 1 100 1 10 100 1 1 1 1 1 1 1 1 1 1 1 1 1 1 1 1 1 1 1 1 1 1 1 1 1 1 1 1 1 1 1 1 1 1 1 1 1 1 1
instanceKlass com/android/tools/r8/synthesis/N
instanceKlass com/android/tools/r8/synthesis/n
ciInstanceKlass com/android/tools/r8/synthesis/t 1 1 172 1 8 1 1 7 1 7 1 100 1 100 1 1 1 1 1 1 1 1 1 12 10 12 9 1 100 10 1 100 12 9 12 9 1 1 100 1 1 12 11 1 100 1 1 100 1 12 10 1 1 1 12 9 1 1 7 1 1 12 10 1 1 1 1 100 1 1 1 1 1 1 1 1 12 10 12 10 1 100 1 1 12 10 1 12 10 1 100 1 12 11 1 12 10 1 100 1 100 1 12 9 1 1 12 10 9 1 100 1 12 10 1 12 9 1 1 12 11 1 100 1 1 12 10 1 12 10 1 12 10 1 16 12 10 15 16 1 100 1 1 12 10 15 1 12 18 1 100 12 10 15 1 12 18 12 10 15 1 16 1 12 18 1 12 10 1 1 1 1 1 1
staticfield com/android/tools/r8/synthesis/t c Z 1
instanceKlass com/android/tools/r8/synthesis/W
instanceKlass com/android/tools/r8/synthesis/q
ciInstanceKlass com/android/tools/r8/synthesis/n 1 1 27 1 8 1 1 7 1 7 1 100 1 100 1 1 1 1 1 1 12 10 12 9 1 1 1 1 1
ciInstanceKlass com/android/tools/r8/internal/yW 1 1 21 1 8 1 1 100 1 100 1 1 1 100 1 1 1 1 1 1 1 1 1
instanceKlass com/android/tools/r8/internal/W10
instanceKlass com/android/tools/r8/internal/It
ciInstanceKlass com/android/tools/r8/internal/Gt 1 1 151 1 8 1 1 7 1 7 1 1 1 1 1 1 1 1 1 1 1 1 1 1 1 12 10 1 1 1 1 1 1 12 10 12 10 1 12 10 1 100 1 100 12 10 12 10 12 10 1 100 10 1 12 10 1 12 10 12 9 12 10 1 100 1 1 12 10 12 10 1 7 1 12 10 1 1 10 1 1 100 1 12 10 12 10 1 100 1 1 12 10 1 12 10 1 100 1 12 10 1 12 10 1 1 12 10 1 100 1 12 9 1 100 12 9 1 100 1 12 10 1 100 1 12 9 10 1 100 1 12 10 1 100 1 12 10 1 12 10 12 9 1 1 7 1 12 10 1 1 1 1
staticfield com/android/tools/r8/internal/Gt a Z 1
instanceKlass com/android/tools/r8/internal/Ht
instanceKlass com/android/tools/r8/internal/wv
ciInstanceKlass com/android/tools/r8/internal/It 1 1 220 1 8 1 1 7 1 7 1 1 1 1 1 1 1 1 1 1 1 12 10 12 9 1 100 10 1 7 12 9 1 1 1 1 1 12 10 1 12 10 1 100 1 1 12 10 1 100 1 1 12 10 1 100 1 12 10 1 12 10 1 1 7 1 1 12 10 1 100 12 9 1 100 12 9 1 7 1 1 12 10 1 1 12 10 1 100 1 12 9 1 1 12 10 1 100 1 12 10 1 100 1 12 10 12 10 1 1 7 1 12 10 1 12 10 1 12 10 1 1 12 10 12 9 1 1 1 12 10 1 12 10 12 10 10 1 12 10 1 1 1 1 1 12 10 1 100 12 10 1 12 10 1 12 10 1 12 10 1 100 1 12 10 1 1 12 10 12 10 1 10 12 10 1 1 12 10 1 1 1 8 1 12 10 1 8 1 8 1 8 1 8 1 100 1 1 12 10 15 1 12 18 1 1 12 10 12 10 1 12 10 1 12 10 1 1 1 1 1 1
staticfield com/android/tools/r8/internal/It c Lcom/android/tools/r8/internal/It; com/android/tools/r8/internal/It
staticfield com/android/tools/r8/internal/It d Lcom/android/tools/r8/internal/It; com/android/tools/r8/internal/It
staticfield com/android/tools/r8/internal/It e Lcom/android/tools/r8/internal/It; com/android/tools/r8/internal/It
staticfield com/android/tools/r8/internal/It f Z 1
instanceKlass com/android/tools/r8/internal/n70
instanceKlass com/android/tools/r8/internal/p70
instanceKlass com/android/tools/r8/internal/q70$b
instanceKlass com/android/tools/r8/internal/q70$c
ciInstanceKlass com/android/tools/r8/internal/q70 1 1 272 1 8 1 1 7 1 1 7 1 7 1 100 1 100 1 7 1 100 1 100 1 100 1 7 1 100 1 7 1 1 1 1 1 1 1 1 1 1 1 1 1 1 12 10 12 9 12 10 1 100 1 1 12 11 1 12 9 1 12 9 1 1 1 1 1 1 1 12 9 12 9 1 1 1 1 1 1 12 10 12 10 12 9 12 10 12 10 1 12 10 1 1 7 1 12 11 1 1 7 12 9 1 1 12 11 1 12 10 1 1 12 10 1 8 1 100 1 1 12 10 12 10 12 10 1 1 12 10 1 8 1 12 10 1 8 1 12 10 1 100 1 12 9 1 100 1 8 1 12 10 12 10 1 8 12 10 1 8 12 10 1 8 12 10 1 1 1 1 10 12 9 1 100 1 8 1 12 10 1 100 1 1 12 9 1 1 16 12 10 15 1 16 1 7 1 1 12 10 15 1 1 12 18 1 7 1 12 10 12 10 15 18 1 16 12 10 15 1 16 1 1 12 18 1 12 10 12 10 15 16 18 16 12 10 15 1 16 1 12 18 1 12 10 12 10 15 18 1 1 7 1 12 10 1 1 1 1 1 1 1 1 1 100 1 8 1 1 12 10 1 1
staticfield com/android/tools/r8/internal/q70 g Z 1
instanceKlass com/android/tools/r8/internal/Kj
instanceKlass com/android/tools/r8/internal/KZ
ciInstanceKlass com/android/tools/r8/internal/HX 1 1 96 1 8 1 1 7 1 1 7 1 100 1 1 1 1 1 1 1 1 1 1 1 1 1 1 1 1 1 1 1 1 1 1 1 1 1 1 1 1 1 1 1 1 1 1 1 1 1 1 12 9 1 12 10 1 100 1 12 10 1 100 1 1 12 10 1 1 1 1 1 1 1 1 1 10 1 1 7 1 12 10 1 1 1 1 1 1 100 1 8 1 1 12 10 1 1
staticfield com/android/tools/r8/internal/HX a Z 1
ciInstanceKlass com/android/tools/r8/internal/Kj 1 1 128 1 8 1 1 7 1 7 1 1 1 1 1 1 1 1 1 1 7 1 1 12 9 1 1 1 100 1 12 9 1 1 1 100 1 12 9 1 1 1 100 1 1 12 10 1 1 12 9 1 1 100 1 12 9 1 1 1 1 1 1 1 1 1 1 1 1 1 1 1 7 1 12 9 1 7 1 12 9 1 1 1 1 1 100 1 12 9 1 1 1 1 1 1 1 100 1 12 9 1 1 1 1 1 1 1 7 1 1 12 10 1 10 1 10 12 9 1 7 12 9 1 7 12 9 1 1 1
staticfield com/android/tools/r8/internal/Kj b Lcom/android/tools/r8/internal/Kj; com/android/tools/r8/internal/Kj
staticfield com/android/tools/r8/internal/Kj c Lcom/android/tools/r8/internal/Yf0; com/android/tools/r8/internal/Yf0
ciInstanceKlass com/android/tools/r8/graph/a6 1 0 16 1 8 1 1 100 1 100 1 1 1 1 1 1 1 1
ciInstanceKlass com/android/tools/r8/synthesis/E 1 1 1342 1 8 1 1 7 1 7 1 100 1 7 1 100 1 7 1 100 1 100 1 100 1 7 1 100 1 1 100 1 7 1 1 100 1 7 1 1 1 1 1 1 1 1 1 1 1 1 1 1 12 9 1 7 1 12 10 1 7 1 1 12 10 1 7 1 7 1 1 12 10 1 1 12 10 1 100 1 12 9 1 7 1 1 12 11 12 9 1 12 9 1 7 1 1 12 10 1 7 9 1 1 7 1 1 12 11 1 7 1 7 1 12 11 1 100 1 7 1 16 1 12 10 15 16 1 7 1 1 12 10 15 1 1 12 18 1 100 12 11 1 1 12 10 1 1 12 11 1 12 10 1 7 1 1 12 11 1 1 12 10 1 16 1 12 10 15 1 16 1 1 12 18 1 7 12 11 1 7 1 12 10 1 7 1 7 1 12 10 1 1 12 10 1 12 10 12 10 1 7 1 100 12 9 1 12 10 1 100 1 12 10 16 1 12 10 15 1 16 1 12 18 1 1 12 10 1 1 12 10 1 7 1 12 10 1 12 9 1 7 1 12 10 1 100 12 10 1 100 1 1 12 9 1 12 10 1 7 1 12 10 1 12 10 1 7 1 12 10 1 12 9 1 12 9 1 100 1 12 10 1 100 12 10 1 7 1 12 10 1 7 12 10 1 12 10 1 1 12 10 1 8 1 12 10 1 12 10 15 18 1 12 10 1 7 12 10 1 100 1 1 12 10 1 8 1 100 10 1 100 1 12 10 1 12 10 1 7 1 12 9 12 10 12 9 1 12 11 12 11 1 7 1 12 9 10 1 8 1 12 9 12 9 1 1 12 10 1 12 10 1 7 1 12 10 1 12 10 15 16 1 12 18 1 12 11 1 12 10 1 7 1 1 12 10 1 7 11 11 1 7 1 12 10 1 7 1 12 10 10 1 1 12 9 1 12 9 1 100 1 12 11 12 10 1 1 100 1 1 12 11 1 12 9 9 12 10 1 16 1 12 10 15 16 1 12 18 1 100 1 12 10 1 1 100 1 12 10 1 12 9 1 16 1 12 10 15 1 16 1 12 18 1 7 1 1 12 11 12 9 12 10 15 18 12 9 10 12 10 1 12 10 1 7 10 1 100 1 1 12 11 1 12 11 1 100 11 11 12 10 1 1 12 10 12 10 15 1 16 1 12 18 1 100 1 12 10 1 1 100 1 16 10 15 1 12 18 12 10 1 12 10 11 1 12 10 1 8 1 100 1 1 12 10 15 1 12 18 12 10 1 100 1 12 10 15 1 16 1 12 18 12 9 1 1 7 1 12 9 1 12 10 15 1 12 18 1 10 10 12 10 15 18 1 1 1 12 11 10 1 12 9 1 12 10 1 8 1 12 18 1 1 7 12 10 12 10 1 11 12 10 1 12 10 1 12 10 1 12 10 1 1 1 12 9 1 1 12 9 1 100 1 100 1 12 10 1 12 9 1 1 12 9 1 12 9 12 9 1 12 11 1 16 12 10 15 16 1 12 18 12 10 1 1 100 10 1 12 9 1 12 10 12 9 1 12 10 1 1 8 1 100 1 12 10 1 12 10 1 100 12 9 1 100 10 12 9 1 12 10 12 9 1 12 10 1 12 10 1 12 10 1 1 100 1 7 10 1 12 10 15 1 16 1 12 18 1 12 10 16 12 10 15 1 12 18 1 100 1 12 10 1 1 1 12 10 11 1 12 10 1 12 10 15 1 16 1 12 18 1 1 100 10 10 1 1 12 10 11 12 10 1 12 10 1 100 1 12 11 1 12 10 1 100 1 1 12 10 1 12 10 15 1 16 18 1 100 1 12 10 1 12 10 1 100 1 12 10 1 100 9 1 100 10 1 12 10 15 1 16 1 12 18 1 12 10 1 1 1 12 9 12 10 15 18 1 1 12 10 12 10 15 1 12 18 1 100 12 11 1 1 7 12 9 9 12 9 10 10 1 12 11 1 1 12 9 1 12 10 10 12 9 1 12 9 1 100 10 1 7 1 12 10 12 10 1 12 10 15 1 16 1 12 18 12 11 1 12 10 1 12 9 1 12 9 1 12 10 1 100 1 12 10 12 9 1 12 10 1 12 10 1 100 1 12 9 1 12 10 1 12 10 1 1 12 10 1 1 12 10 1 100 1 12 10 1 12 10 1 12 10 1 12 10 1 1 7 9 12 10 1 12 10 15 1 16 1 12 18 12 10 12 9 1 12 10 1 12 10 1 12 10 15 1 12 18 12 10 11 12 10 1 1 12 11 1 7 1 12 9 1 8 1 12 10 1 12 10 1 1 12 9 1 7 10 1 12 10 1 12 10 12 9 12 10 1 100 1 12 10 1 1 100 12 10 12 10 9 1 12 10 1 12 9 1 9 1 12 10 1 100 1 8 1 12 10 1 1 12 10 1 12 10 12 10 12 9 1 100 1 12 10 1 7 1 12 10 1 12 10 1 12 10 12 9 1 12 9 1 100 1 12 10 1 12 10 15 16 1 12 18 1 100 1 12 10 1 100 1 12 10 15 1 16 1 12 18 11 11 1 12 10 15 1 16 18 1 1 7 1 12 10 1 8 1 8 1 12 18 1 12 10 1 12 10 15 18 1 100 1 12 10 1 1 12 10 1 7 1 12 9 1 1 12 10 1 7 1 1 12 10 1 7 1 12 10 1 12 10 1 12 9 1 1 12 10 1 12 10 1 1 12 9 12 9 1 12 10 1 7 1 12 10 1 100 9 1 12 9 1 100 1 12 10 1 100 1 100 10 1 12 11 1 12 10 1 100 1 1 12 10 10 12 10 1 12 9 1 12 10 1 12 9 1 12 10 1 12 10 1 12 10 1 12 10 10 11 1 100 1 12 9 1 100 1 12 9 1 12 10 1 12 10 1 12 9 12 9 1 100 12 9 1 100 1 12 10 1 100 1 12 10 11 12 9 1 1 7 1 12 11 1 8 18 1 10 12 10 15 1 12 18 12 10 15 1 16 1 12 18 1 1 12 11 11 1 1 1 1 1 1 1
staticfield com/android/tools/r8/synthesis/E g Z 1
instanceKlass com/android/tools/r8/graph/P4
instanceKlass com/android/tools/r8/graph/S4
ciInstanceKlass com/android/tools/r8/graph/R4 1 1 109 1 8 1 1 7 1 7 1 1 1 1 7 1 1 12 9 1 7 1 1 12 10 1 1 1 1 1 1 1 1 1 16 1 12 10 15 1 16 1 7 1 1 12 10 15 1 1 12 18 12 10 1 1 16 12 10 15 16 1 1 12 18 12 10 12 10 15 18 1 1 1 1 1 1 1 1 1 1 1 1 1 1 1 1 1 1 12 10 1 7 12 11 1 7 1 1 12 11 1 7 1 12 9 1 1 1 1 1
ciInstanceKlass com/android/tools/r8/graph/S4 1 1 411 1 8 1 1 7 1 7 1 1 1 1 1 1 1 100 1 1 12 10 1 16 1 12 10 15 1 16 1 7 1 1 12 10 15 1 1 12 18 1 12 10 1 12 10 1 7 1 1 1 12 9 1 7 1 1 12 10 1 7 12 11 1 1 7 1 1 12 10 1 7 1 7 1 12 10 1 7 1 1 12 11 1 1 12 9 1 12 11 1 1 1 7 1 1 12 11 1 7 1 12 11 1 16 1 1 12 10 15 16 1 1 12 18 1 7 1 12 10 1 1 12 10 15 18 1 12 9 1 8 1 8 1 100 1 8 1 100 1 1 12 10 15 1 12 18 1 1 100 1 7 1 12 11 1 12 11 12 11 1 1 12 11 1 1 12 11 1 7 11 1 7 1 12 11 1 7 12 10 1 7 1 12 9 1 16 12 10 15 1 12 18 1 12 10 15 18 1 1 7 1 12 9 1 7 1 12 10 1 12 11 1 1 1 12 10 1 7 1 1 12 10 12 10 1 1 12 11 12 10 12 9 1 100 10 12 10 1 12 10 1 1 12 11 1 100 1 12 10 1 1 16 12 10 15 16 1 1 12 18 1 1 12 11 1 1 12 11 1 1 12 9 1 100 10 1 7 1 12 10 100 1 100 12 10 15 1 12 18 1 7 1 12 9 1 12 10 12 10 15 18 1 1 100 12 10 10 1 1 12 10 1 16 1 12 10 15 1 16 1 12 18 1 12 11 1 12 10 15 1 12 18 1 1 100 12 10 1 12 10 15 1 16 1 12 18 12 10 12 10 15 18 12 10 1 100 1 12 10 12 10 10 10 1 12 10 12 10 12 10 1 100 1 12 9 12 10 1 1 1 12 10 1 12 10 1 12 10 10 12 10 1 100 1 12 9 12 10 12 10 1 1 7 1 12 10 1 1 1 1 1
staticfield com/android/tools/r8/graph/S4 c Z 1
ciInstanceKlass com/android/tools/r8/graph/P4 1 1 307 1 8 1 1 7 1 7 1 1 1 1 1 1 1 12 9 1 12 9 1 1 8 1 1 1 1 1 100 1 7 1 1 12 11 1 7 1 12 10 1 7 1 12 9 1 1 7 1 1 12 10 1 7 1 7 1 12 10 1 1 7 1 12 11 1 7 1 7 1 1 12 10 1 1 12 11 1 7 1 12 11 1 1 12 11 12 9 1 1 12 10 1 12 9 1 1 16 12 10 15 16 1 100 1 1 12 10 15 1 1 12 18 1 100 1 7 1 12 10 12 11 1 12 9 1 100 1 12 10 1 100 1 12 10 12 10 15 18 1 1 100 1 12 10 1 100 1 1 12 11 1 12 10 1 1 12 10 1 1 100 1 12 10 1 1 7 1 1 12 10 1 12 10 1 100 1 100 1 12 10 12 10 1 100 1 12 10 1 1 12 10 12 10 12 10 1 100 1 12 9 1 12 10 1 1 100 1 12 10 1 12 10 15 16 1 12 18 1 100 1 12 9 1 12 10 10 1 12 10 16 1 100 1 12 10 15 16 1 1 12 18 10 1 12 10 1 1 100 1 12 10 15 18 1 1 16 1 12 10 15 1 16 1 12 18 1 12 10 12 10 15 18 1 1 12 10 10 11 1 12 10 1 8 1 100 1 1 12 10 15 1 12 18 12 10 1 1 7 1 12 10 1 1 1 1 1
staticfield com/android/tools/r8/graph/P4 c Z 1
ciInstanceKlass com/android/tools/r8/graph/Q4 1 1 331 1 8 1 1 7 1 7 1 100 1 1 1 1 1 1 1 1 1 1 100 1 1 12 11 12 9 1 1 12 10 1 100 1 1 12 11 1 100 1 1 12 10 1 100 1 12 10 1 1 12 10 1 7 1 12 10 12 9 1 7 12 10 1 12 9 1 100 1 12 10 1 100 1 1 12 11 1 1 1 12 10 1 1 1 1 1 1 7 1 12 9 12 10 12 10 1 1 12 10 1 1 12 10 1 1 100 1 12 10 1 100 1 12 10 1 100 16 12 10 15 1 16 1 7 1 1 12 10 15 1 12 18 1 12 9 12 9 1 12 10 1 1 100 1 1 12 10 1 100 11 11 12 10 1 12 10 15 16 1 12 18 1 12 10 1 100 12 10 1 100 1 1 12 10 1 100 1 12 9 1 1 12 10 1 100 1 1 12 10 1 100 10 1 8 1 100 1 1 12 10 15 1 12 18 1 12 10 1 1 100 1 12 10 1 12 10 16 1 100 1 1 12 11 15 16 1 1 12 18 1 12 10 15 1 16 1 12 18 1 100 1 1 12 11 1 1 12 10 1 1 100 1 12 10 15 1 16 18 10 12 10 15 1 12 18 1 12 10 1 10 1 12 10 1 100 1 12 9 1 100 1 12 9 1 1 7 1 12 11 1 7 12 11 1 1 7 1 12 10 12 10 15 1 12 18 12 10 12 10 15 18 1 12 10 12 10 15 18 12 10 1 1 1 1 1 1 1 1 1 1
staticfield com/android/tools/r8/graph/Q4 d Z 1
ciInstanceKlass com/android/tools/r8/internal/d40 1 1 282 1 8 1 1 7 1 7 1 100 1 100 1 100 1 100 1 100 1 1 1 1 1 1 1 1 1 1 1 1 1 1 1 1 1 1 1 1 1 1 4 6 0 1 1 12 11 1 7 1 1 12 10 12 9 1 12 10 12 9 1 100 1 1 12 10 1 12 10 5 0 1 1 12 10 5 0 1 12 10 12 10 1 1 12 9 12 9 1 12 10 1 12 10 12 9 1 1 12 10 100 12 9 12 9 12 9 12 9 5 0 5 0 12 9 1 1 1 12 10 1 12 10 1 1 1 1 1 1 100 1 1 12 10 1 1 5 0 1 1 1 100 1 12 10 1 1 1 100 12 10 1 100 1 1 12 10 1 1 12 9 1 7 1 12 10 1 1 12 9 1 100 10 1 1 1 100 10 1 1 1 1 12 10 12 9 10 10 1 100 1 100 10 12 10 12 10 1 1 7 10 12 11 1 100 1 1 12 11 1 100 1 12 11 1 100 1 12 9 12 9 12 10 1 100 1 12 11 1 12 11 1 100 1 1 12 10 1 1 1 100 1 8 1 12 10 1 100 12 9 10 1 8 1 1 12 10 10 1 8 1 100 1 1 12 10 1 8 1 8 12 10 10 1 100 1 8 10 1 1 1 1
instanceKlass com/android/tools/r8/graph/F2
instanceKlass com/android/tools/r8/graph/E2
ciInstanceKlass com/android/tools/r8/graph/G2 1 1 137 1 8 1 1 7 1 7 1 100 1 100 1 100 1 1 1 1 12 10 1 1 1 16 1 12 10 15 1 16 1 7 1 1 12 10 15 1 1 12 18 1 7 1 1 12 10 1 12 10 15 1 16 18 1 1 16 12 10 15 12 18 1 1 1 1 12 10 1 1 1 7 1 1 12 10 1 1 1 100 10 1 100 1 1 12 10 1 100 1 12 10 1 1 12 10 1 8 1 12 10 1 8 1 12 10 1 8 1 1 12 9 1 100 1 12 9 1 8 12 10 1 1 1 1 1 1 1 100 1 8 1 1 12 10 1 1
staticfield com/android/tools/r8/graph/G2 b I 0
ciInstanceKlass com/android/tools/r8/graph/m1 1 1 89 1 8 1 1 7 1 7 1 100 1 1 1 1 1 1 1 16 1 12 10 15 1 16 1 100 1 1 12 10 15 1 1 12 18 1 100 1 1 12 10 1 12 10 15 1 16 18 1 1 1 12 10 12 9 12 9 1 1 16 12 10 15 12 18 1 1 1 7 1 12 11 1 1 1 7 1 1 12 10 1 1 1 1 1 1 1 1 1
ciInstanceKlass com/android/tools/r8/graph/E2 1 1 37 1 8 1 1 7 1 7 1 1 1 1 1 12 10 12 9 1 1 1 7 1 12 10 1 1 1 7 1 12 10 1 1 1 1 1 1
ciInstanceKlass com/android/tools/r8/internal/I 1 0 11 1 8 1 1 100 1 100 1 1 1
ciInstanceKlass com/android/tools/r8/internal/TE 1 1 22 1 8 1 1 100 1 100 1 1 1 1 1 1 1 1 1 1 1 1 1 1
ciInstanceKlass com/android/tools/r8/internal/SE 1 0 21 1 8 1 1 100 1 100 1 100 1 1 100 1 8 1 1 12 10 1 1
ciInstanceKlass com/android/tools/r8/internal/rW 1 0 15 1 8 1 1 100 1 100 1 1 1 1 1 1 1
instanceKlass com/android/tools/r8/internal/kj
instanceKlass com/android/tools/r8/internal/j2
instanceKlass com/android/tools/r8/internal/i2
instanceKlass com/android/tools/r8/internal/g00
instanceKlass com/android/tools/r8/internal/FD
instanceKlass com/android/tools/r8/internal/k70
instanceKlass com/android/tools/r8/internal/PY
instanceKlass com/android/tools/r8/internal/mj
instanceKlass com/android/tools/r8/internal/jd0
instanceKlass com/android/tools/r8/internal/Kw0
instanceKlass com/android/tools/r8/internal/OY
instanceKlass com/android/tools/r8/internal/sc
instanceKlass com/android/tools/r8/internal/F4
instanceKlass com/android/tools/r8/internal/w6
instanceKlass com/android/tools/r8/internal/m3
instanceKlass com/android/tools/r8/internal/L3
instanceKlass com/android/tools/r8/internal/KY
instanceKlass com/android/tools/r8/internal/S3
instanceKlass com/android/tools/r8/internal/zE
instanceKlass com/android/tools/r8/internal/d00
instanceKlass com/android/tools/r8/internal/hj
instanceKlass com/android/tools/r8/internal/XL
instanceKlass com/android/tools/r8/internal/i00
instanceKlass com/android/tools/r8/internal/tw
instanceKlass com/android/tools/r8/internal/rh
instanceKlass com/android/tools/r8/internal/qK
ciInstanceKlass com/android/tools/r8/internal/ME 1 1 867 1 8 1 1 7 1 7 1 100 1 100 1 100 1 100 1 7 1 100 1 100 1 100 1 100 1 100 1 100 1 100 1 1 100 1 100 1 1 1 1 1 1 1 1 1 1 1 1 1 1 1 1 1 1 1 1 1 12 9 1 12 9 1 1 12 9 12 9 1 100 1 1 12 10 1 1 100 1 1 12 9 1 7 1 1 12 10 1 7 1 1 1 12 10 1 1 12 10 1 12 9 1 7 10 1 12 9 1 16 1 12 10 15 1 16 1 7 1 1 12 10 15 1 1 12 18 1 12 10 1 1 12 10 1 7 1 7 1 12 11 1 1 12 11 12 11 1 12 9 1 12 10 12 10 1 12 10 1 9 1 1 100 1 12 9 1 1 100 1 12 10 1 1 12 10 1 1 12 9 1 100 1 12 10 12 10 1 1 12 10 1 100 1 12 10 1 7 1 12 9 1 1 12 10 1 1 1 12 10 1 1 1 1 1 12 10 1 1 12 10 1 7 1 12 10 11 1 1 1 1 12 10 1 8 1 100 1 1 12 10 15 1 12 18 1 12 10 12 9 11 1 12 10 11 1 1 12 9 1 7 12 9 1 12 9 1 12 11 1 12 9 1 12 10 1 12 10 1 12 10 1 12 11 1 1 1 7 1 12 10 1 1 100 10 12 10 1 1 12 10 1 12 10 1 8 1 12 10 1 8 1 12 10 1 12 9 1 8 1 12 10 12 10 1 12 9 1 1 1 7 12 10 12 10 1 12 11 1 7 1 12 9 1 7 1 12 11 1 12 10 1 12 10 1 1 12 10 1 1 12 10 1 100 1 1 12 10 1 100 1 12 9 1 100 10 8 1 100 1 12 10 1 100 1 100 1 7 1 7 1 7 1 12 9 1 1 12 9 1 100 1 12 10 1 12 9 100 1 12 10 1 12 11 1 1 12 10 1 1 12 10 1 7 10 12 10 1 12 10 12 10 1 7 1 7 1 12 10 1 12 10 12 10 1 12 9 1 12 9 1 7 1 12 10 1 1 7 1 1 7 1 12 10 1 1 1 7 1 12 10 1 7 1 12 9 1 12 9 12 10 1 7 1 12 9 1 12 9 1 12 10 1 100 1 12 9 1 100 1 12 9 1 1 1 1 1 1 7 12 9 1 7 1 12 9 1 1 1 1 1 1 1 1 1 1 1 1 1 1 1 1 1 100 1 1 1 1 7 1 1 1 12 10 1 12 10 1 1 12 9 1 100 1 12 10 1 100 12 10 1 1 1 1 1 1 1 1 1 1 1 1 1 1 1 1 1 1 1 1 1 1 1 1 1 1 1 1 1 1 1 1 1 1 1 1 1 1 1 1 1 1 1 1 1 1 1 1 1 1 1 1 7 1 1 1 1 1 1 7 1 1 1 1 1 1 100 1 1 1 1 1 1 1 1 1 1 1 7 1 12 10 1 1 1 1 1 1 1 1 1 1 1 1 1 1 1 1 1 1 1 1 1 1 1 1 1 7 1 1 1 1 1 1 1 1 1 1 1 1 1 1 1 1 1 1 1 1 1 1 1 1 1 1 1 1 1 1 100 1 1 1 1 1 1 1 1 1 1 1 7 1 7 1 7 1 7 1 1 1 1 1 1 1 1 1 1 1 1 1 1 1 1 1 1 1 1 1 1 1 1 1 1 1 1 1 100 1 1 1 1 1 1 1 1 1 100 1 1 1 1 100 1 1 1 1 1 1 100 1 1 1 1 12 10 1 7 1 7 1 12 10 12 10 1 1 1 1 100 12 10 1 100 1 8 1 12 10 1 1 1 100 1 8 1 12 18 10 1 1 1 1 8 1 1 1 1 10 12 10 10 12 10 1 100 1 100 1 12 9 1 1 10 10 12 10 12 10 12 10 16 15 16 1 1 12 18 1 1 12 10 11 1 1 12 10 1 1 7 11 1 1 1 1 1 1 1
staticfield com/android/tools/r8/internal/ME j Z 1
instanceKlass com/android/tools/r8/internal/BK
instanceKlass com/android/tools/r8/internal/f00
instanceKlass com/android/tools/r8/internal/rK
instanceKlass com/android/tools/r8/internal/zK
ciInstanceKlass com/android/tools/r8/internal/qK 1 1 389 1 8 1 1 7 1 7 1 1 1 1 1 7 1 1 12 10 1 16 1 7 1 12 10 15 16 1 7 1 1 12 10 15 1 1 12 18 1 12 10 1 1 12 9 1 7 1 1 12 10 1 12 10 1 12 10 15 1 16 1 1 12 18 1 7 1 12 10 1 7 1 1 12 10 1 1 12 10 1 7 1 12 10 1 1 1 1 12 9 1 100 1 1 12 10 1 1 12 10 1 1 1 1 1 12 10 1 7 1 12 11 1 1 12 11 1 1 12 9 1 7 1 12 10 1 1 1 12 10 1 7 1 100 1 1 12 9 1 1 12 9 1 12 10 12 10 1 12 10 1 7 1 1 12 10 1 12 9 1 12 10 1 1 12 9 1 7 1 12 9 12 9 1 1 12 10 1 1 12 9 1 12 10 1 1 12 10 1 12 10 1 7 1 12 10 1 12 10 1 7 10 1 12 10 1 7 10 1 7 1 100 1 12 10 1 100 1 1 12 10 1 8 1 100 1 1 12 10 15 1 12 18 1 12 10 1 12 10 1 1 100 1 12 10 1 12 10 1 100 1 12 10 12 10 1 12 10 1 12 10 1 100 1 12 10 1 100 1 12 10 1 1 12 10 1 7 1 12 9 3 1 1 1 1 12 10 1 8 1 12 18 1 1 1 1 12 10 1 7 1 12 10 1 7 1 12 10 1 12 10 1 8 1 1 12 10 1 12 10 1 1 7 1 12 10 1 100 1 8 1 12 18 1 100 1 100 1 100 1 100 1 7 1 12 10 1 8 1 100 1 12 10 1 100 10 1 7 1 12 10 1 7 1 12 10 1 7 10 1 7 10 1 7 10 1 1 7 1 12 10 1 12 10 1 1 1 1 1
staticfield com/android/tools/r8/internal/qK k Z 1
instanceKlass com/android/tools/r8/internal/CK
instanceKlass com/android/tools/r8/internal/KK
instanceKlass com/android/tools/r8/internal/AK
ciInstanceKlass com/android/tools/r8/internal/zK 1 1 559 1 8 1 1 7 1 7 1 100 1 7 1 7 1 1 1 1 1 1 1 1 1 1 1 12 9 1 7 1 1 12 9 1 7 1 1 12 9 1 1 1 1 1 7 1 12 10 1 1 12 10 12 10 1 1 12 10 1 12 10 1 8 1 100 1 1 12 10 15 1 12 18 1 1 12 10 1 1 7 1 1 12 10 1 100 12 10 1 12 10 1 1 7 1 12 10 1 1 12 10 12 10 1 7 1 12 10 1 7 1 12 10 1 7 1 12 10 1 7 1 1 12 10 1 7 1 12 10 1 12 10 1 1 12 9 1 7 1 12 9 1 7 1 1 12 11 1 7 1 12 11 1 12 10 1 1 12 10 1 7 12 9 1 7 1 12 9 1 12 10 1 12 10 1 1 12 10 1 12 10 1 7 1 7 1 12 10 1 12 9 1 12 10 1 100 12 9 1 100 1 1 12 11 1 12 9 1 12 10 1 100 1 12 10 12 10 1 100 1 12 10 1 1 12 10 1 100 1 1 12 10 1 7 1 12 10 1 100 1 12 10 1 1 12 10 1 100 1 12 10 1 7 1 1 12 10 1 100 1 12 10 1 12 10 1 100 1 12 10 1 100 9 1 12 10 12 10 1 12 10 1 12 10 1 100 12 10 1 12 10 1 16 1 12 10 15 1 16 1 100 1 1 12 10 15 1 1 12 18 1 12 10 15 16 1 12 18 1 12 10 1 1 12 10 1 7 1 12 11 1 12 9 1 7 1 1 12 10 1 1 12 10 1 1 12 10 1 7 1 12 10 1 1 100 1 12 10 12 10 1 12 10 1 12 10 1 1 1 1 1 100 1 12 10 1 12 9 1 12 10 1 100 1 1 12 10 1 100 1 7 1 12 9 1 12 10 1 12 9 1 7 1 12 10 1 12 10 1 1 12 10 1 7 1 12 9 1 7 1 7 1 12 9 1 7 1 12 10 1 12 9 1 7 10 1 12 9 1 7 10 1 12 9 1 7 10 1 12 9 1 7 10 1 12 9 1 7 10 1 12 9 1 7 10 1 12 9 1 7 10 1 7 1 12 10 1 12 10 1 1 12 10 1 1 12 10 1 12 10 1 100 1 12 10 1 1 12 10 1 1 100 1 12 10 1 100 1 100 1 8 1 12 18 1 12 10 1 100 1 100 12 10 1 100 1 12 10 1 100 10 10 1 100 10 1 100 1 12 11 1 100 1 12 10 1 1 7 1 12 10 1 1 1 1 1 1 1 1
staticfield com/android/tools/r8/internal/zK m Z 1
ciInstanceKlass com/android/tools/r8/internal/e20 1 1 59 1 8 1 1 7 1 7 1 1 1 1 1 1 1 12 10 1 12 9 12 9 1 12 9 12 9 1 10 1 1 1 1 12 10 12 10 1 1 1 1 8 1 8 1 8 1 8 1 100 1 8 1 12 10 1 1 1 1
staticfield com/android/tools/r8/internal/e20 a Lcom/android/tools/r8/internal/e20; com/android/tools/r8/internal/e20
staticfield com/android/tools/r8/internal/e20 b Lcom/android/tools/r8/internal/e20; com/android/tools/r8/internal/e20
staticfield com/android/tools/r8/internal/e20 c Lcom/android/tools/r8/internal/e20; com/android/tools/r8/internal/e20
staticfield com/android/tools/r8/internal/e20 d Lcom/android/tools/r8/internal/e20; com/android/tools/r8/internal/e20
instanceKlass com/android/tools/r8/internal/ij
ciInstanceKlass com/android/tools/r8/internal/wh 1 1 345 1 8 1 1 7 1 7 1 100 1 100 1 1 1 1 1 1 1 12 9 1 7 1 1 12 10 1 7 1 1 12 9 1 12 9 1 100 1 1 12 10 12 9 1 1 1 12 9 1 1 1 1 12 10 1 1 1 1 1 12 9 1 7 1 12 10 1 7 1 12 10 1 7 1 12 10 1 1 12 9 1 1 12 9 1 7 1 12 10 12 10 1 7 1 1 12 10 12 9 12 10 1 7 1 12 10 1 7 1 12 10 1 12 10 5 0 1 7 10 5 0 5 0 1 7 10 1 7 1 12 10 5 0 5 0 1 7 10 1 7 10 5 0 1 7 10 1 7 10 1 1 100 12 10 1 1 100 10 1 100 1 1 12 9 1 100 1 12 10 1 1 12 9 1 100 1 1 12 10 1 100 1 12 10 1 1 8 1 12 10 1 1 1 12 10 1 12 10 1 8 1 100 1 1 12 10 15 1 12 18 1 8 1 12 18 1 1 12 10 1 12 10 1 5 0 5 0 1 1 1 1 7 1 12 10 1 100 1 1 12 9 1 1 1 1 1 12 9 1 12 10 1 7 12 9 1 7 1 12 9 1 7 1 7 1 12 10 12 9 1 7 1 12 9 1 12 10 1 1 100 1 12 9 1 100 1 12 10 1 100 10 1 100 1 12 10 12 10 1 12 10 12 10 1 12 10 1 1 12 10 1 12 10 1 100 1 1 12 10 1 100 1 12 9 1 1 12 10 12 10 12 10 1 1 7 1 12 10 1 1 1 1 1 1
staticfield com/android/tools/r8/internal/wh m Z 1
ciInstanceKlass com/android/tools/r8/internal/FS 1 1 561 1 8 1 1 7 1 7 1 1 1 1 1 1 1 1 1 1 1 1 12 10 1 7 1 12 10 12 9 12 9 1 7 10 12 9 12 9 1 8 1 7 1 12 10 1 16 1 12 10 15 1 16 1 7 1 1 12 10 15 1 1 12 18 1 7 1 12 10 1 7 1 12 10 1 7 10 1 7 10 1 7 10 1 7 10 1 7 10 1 7 10 1 7 10 1 7 10 1 7 10 1 7 10 1 7 1 1 12 10 1 1 12 10 1 7 1 1 12 9 1 100 1 12 10 1 100 10 1 100 10 1 1 12 10 1 100 1 1 12 10 1 12 10 1 100 10 1 12 10 16 12 10 15 1 12 18 1 8 1 12 10 1 8 1 100 10 1 12 9 1 7 1 1 12 9 1 100 1 1 12 9 1 12 10 1 100 1 12 9 1 12 9 1 100 1 12 9 1 100 1 12 10 1 100 1 12 10 1 12 10 1 1 12 10 1 100 1 1 12 10 1 100 1 12 9 1 1 12 9 1 100 1 12 9 9 1 100 12 10 1 1 12 9 1 100 10 1 12 9 1 100 1 12 10 1 12 10 12 9 1 12 9 1 100 1 12 10 1 100 1 12 10 1 100 1 1 12 9 1 1 12 9 1 100 9 1 100 1 12 9 1 100 12 9 1 100 1 12 9 1 12 10 9 12 9 10 1 1 12 9 1 7 1 1 12 11 1 7 1 12 11 1 1 12 11 1 100 12 9 1 12 10 1 12 9 1 100 1 1 12 10 1 12 10 1 12 10 1 100 10 1 1 12 10 1 100 1 12 10 12 9 1 12 10 1 12 10 1 12 9 1 12 10 12 10 1 1 12 9 1 100 9 12 9 1 12 9 1 100 1 12 10 1 100 11 12 9 1 1 12 11 1 1 7 1 12 10 9 1 1 100 10 1 100 1 1 12 10 1 100 12 10 1 100 1 12 9 1 100 11 11 1 100 1 12 9 1 1 12 11 1 1 12 10 1 100 1 100 1 100 1 100 1 12 10 1 1 12 10 1 12 10 1 100 1 12 10 1 100 1 100 1 12 10 1 1 12 10 1 7 16 1 12 11 15 1 16 1 1 12 18 1 100 1 1 12 11 1 100 1 12 11 1 12 10 1 100 1 12 10 1 12 10 1 12 10 1 12 10 1 12 10 1 1 12 9 1 7 11 1 7 1 7 1 12 10 1 12 11 15 1 16 1 12 18 1 12 10 1 12 11 1 1 12 10 1 1 1 1 1
staticfield com/android/tools/r8/internal/FS e Z 1
ciInstanceKlass com/android/tools/r8/internal/W10 0 0 96 1 8 1 1 100 1 100 1 1 1 1 1 1 12 10 1 1 100 1 1 12 10 12 9 10 12 9 1 1 1 1 100 12 10 1 1 1 1 100 1 1 12 10 1 100 1 12 10 1 12 10 1 1 12 9 1 100 10 12 10 1 1 12 10 1 1 1 1 1 100 1 1 12 10 1 1 1 8 1 1 1 12 10 1 12 10 1 100 1 12 10 1 1 1 1
ciInstanceKlass com/android/tools/r8/internal/v00 1 1 47 1 8 1 1 100 1 1 100 1 7 1 1 1 1 1 12 11 1 1 12 11 1 7 1 1 12 11 1 1 1 1 1 1 100 1 8 1 1 12 10 1 1 1 8 1 1
ciInstanceKlass com/android/tools/r8/internal/NE 1 1 61 1 8 1 1 100 1 1 100 1 100 1 100 1 1 1 100 8 1 1 12 10 1 1 1 1 1 1 12 11 1 1 12 11 1 100 12 11 1 12 11 1 1 1 1 1 1 1 100 1 8 1 1 12 10 1 1 1 8 1 1
ciInstanceKlass com/android/tools/r8/internal/h80 1 1 68 1 8 1 1 100 1 100 1 100 1 1 1 1 12 11 1 1 12 11 1 100 1 1 12 11 1 1 1 1 1 100 1 8 1 1 12 10 1 1 1 8 1 1 1 8 1 1 1 8 1 1 1 8 1 1 8 1 1 1 8 1 1 8 1 1 8 1
ciInstanceKlass com/android/tools/r8/internal/RE 1 1 239 1 8 1 1 100 1 1 100 1 100 1 100 1 100 1 7 1 1 1 1 1 1 12 9 1 1 1 12 11 1 1 1 1 100 1 1 12 10 12 11 1 1 1 1 12 11 1 100 1 100 1 12 10 1 1 12 11 1 1 1 100 10 1 1 1 1 1 100 1 1 12 10 1 12 11 1 1 1 1 1 1 12 11 1 12 11 1 1 100 1 12 11 1 1 1 1 100 1 12 10 1 12 11 1 1 1 100 1 12 10 1 12 11 1 1 1 1 1 1 1 1 1 1 1 1 1 1 1 1 1 1 1 12 11 1 1 12 11 1 12 10 12 11 1 12 11 1 1 12 11 1 1 1 1 12 11 1 1 1 1 1 100 1 12 10 12 11 1 100 12 10 1 16 12 11 15 1 16 1 100 1 1 12 10 15 1 1 12 18 12 11 12 11 15 18 12 11 1 1 1 1 1 1 1 1 100 1 8 1 1 12 10 1 1 1 8 1 1 8 1 1 1 8 1 1 1 8 1 1 8 1 1 1 8 1 1 8 1
ciInstanceKlass com/android/tools/r8/internal/Bx0 1 0 11 1 8 1 1 100 1 100 1 1 1
instanceKlass com/android/tools/r8/internal/xK
instanceKlass com/android/tools/r8/internal/MK
instanceKlass com/android/tools/r8/internal/tK
instanceKlass com/android/tools/r8/internal/RK
ciInstanceKlass com/android/tools/r8/internal/AK 1 1 484 1 8 1 1 7 1 7 1 100 1 100 1 1 100 1 7 1 1 100 1 100 1 1 1 1 12 10 1 1 1 7 1 1 12 10 12 9 1 1 1 1 1 1 7 1 1 12 9 1 7 1 1 12 10 1 100 12 10 1 1 12 10 1 7 1 1 12 10 1 1 12 10 1 100 1 1 12 10 1 100 1 12 10 1 100 1 12 10 1 7 1 100 12 10 1 12 9 1 12 9 1 100 1 12 9 1 12 10 1 100 1 12 9 1 100 10 1 1 12 9 1 12 9 1 1 1 1 12 10 1 7 1 1 12 10 1 7 1 12 9 1 7 1 12 9 1 7 1 1 12 10 1 7 12 10 1 100 1 1 12 10 1 7 1 1 12 9 1 7 1 12 9 1 7 1 12 10 1 7 1 12 10 1 12 9 1 100 1 12 10 1 1 12 10 1 12 9 1 12 10 1 12 10 1 100 1 12 9 1 7 1 12 10 1 100 1 12 11 1 12 10 12 10 1 100 1 12 10 1 100 10 1 12 10 1 100 1 12 10 1 12 10 1 1 1 1 12 10 1 100 12 10 1 1 12 10 12 10 1 12 10 1 12 10 1 100 1 12 10 1 100 1 100 1 12 10 1 100 1 12 10 1 1 12 10 1 1 12 9 1 12 9 1 12 10 1 100 1 1 12 10 1 100 1 12 10 1 12 10 1 8 1 12 10 1 1 12 9 1 100 12 10 12 10 1 12 10 1 1 12 9 1 12 9 1 12 10 1 12 10 1 1 12 9 1 100 1 12 10 1 12 10 10 1 12 10 1 12 10 1 1 12 10 1 100 1 12 10 1 100 12 10 10 1 12 9 1 12 9 1 12 10 1 12 9 1 100 1 12 10 1 12 10 1 12 10 1 12 10 1 100 1 12 10 1 100 1 100 1 12 11 1 12 9 1 100 1 1 12 11 1 100 1 12 10 12 10 1 12 10 1 1 12 10 1 12 10 1 100 10 12 10 1 12 10 16 1 12 10 15 1 16 1 100 1 1 12 10 15 1 1 12 18 1 12 10 1 12 11 1 12 10 1 12 10 12 10 1 1 1 1 1 1
staticfield com/android/tools/r8/internal/AK n Z 1
ciInstanceKlass com/android/tools/r8/internal/RK 1 1 307 1 8 1 1 7 1 7 1 100 1 100 1 1 1 1 1 12 10 1 1 1 7 1 1 12 10 12 9 1 1 1 1 1 1 100 1 12 10 1 1 1 7 1 1 12 9 1 1 1 8 1 1 7 1 12 10 1 7 1 12 9 1 12 10 1 12 10 1 12 10 1 12 10 1 12 10 1 12 10 1 7 1 7 1 1 12 10 1 12 10 1 7 10 1 12 10 1 100 1 7 1 12 10 1 7 10 1 100 1 12 10 1 1 7 1 12 10 12 10 1 1 1 1 100 1 1 12 10 1 100 1 1 12 9 1 100 1 12 10 1 12 9 1 100 1 100 1 100 1 12 9 1 100 1 12 10 1 100 1 100 1 12 10 1 100 1 12 10 1 100 1 12 9 1 100 1 12 10 1 12 9 12 9 1 100 1 12 10 1 12 10 12 9 1 1 100 1 12 10 1 100 1 1 12 9 1 100 1 12 10 1 12 9 1 100 1 1 12 10 1 1 1 12 10 1 100 1 1 12 10 1 100 12 10 1 12 10 1 1 12 10 1 12 10 1 100 1 12 10 1 100 1 12 10 1 12 10 1 12 10 1 12 10 1 100 1 1 12 10 1 12 10 1 100 12 10 1 1 100 1 12 10 1 9 1 100 1 1 12 10 1 100 1 12 10 1 1 1 100 12 10 1 1 1 1 1
staticfield com/android/tools/r8/internal/RK o Z 1
ciInstanceKlass com/android/tools/r8/internal/KK 1 1 362 1 8 1 1 7 1 7 1 100 1 100 1 100 1 1 100 1 100 1 1 1 1 1 1 12 10 12 9 12 9 1 100 1 1 12 9 1 100 1 1 12 9 1 100 1 1 12 10 1 100 11 1 100 1 12 10 1 1 1 7 1 1 12 10 1 1 1 1 1 100 1 12 10 1 1 1 7 1 12 9 1 1 1 8 1 1 7 1 12 10 1 7 1 12 9 1 12 10 12 10 1 12 10 1 12 10 1 7 1 1 12 10 1 12 10 1 12 10 1 7 1 12 10 1 100 1 12 10 1 1 7 1 12 10 12 10 1 1 1 1 100 1 1 12 10 1 100 1 12 9 1 100 1 12 10 1 1 12 9 1 100 1 100 1 12 9 1 7 1 12 10 1 100 1 100 1 12 10 1 12 10 12 9 1 1 12 10 1 12 10 1 100 1 12 9 1 12 10 1 1 100 1 12 10 1 1 100 1 12 10 1 100 1 1 12 9 1 100 1 12 10 1 12 9 1 100 1 1 12 10 1 1 1 12 10 1 100 1 12 10 1 100 1 12 10 1 1 12 10 1 100 1 1 12 10 1 100 1 12 9 1 1 12 9 9 1 100 1 12 10 1 100 12 10 1 1 12 10 1 12 10 12 9 1 12 9 1 12 10 1 100 1 12 10 1 100 1 12 10 1 100 12 10 1 12 9 1 1 12 10 1 100 1 12 10 1 1 12 10 1 100 1 12 10 12 10 1 12 10 1 100 1 12 10 1 1 100 1 12 10 1 1 100 1 100 1 1 12 10 1 12 10 1 1 10 1 1 1 1 1 1
staticfield com/android/tools/r8/internal/KK o Z 1
ciInstanceKlass com/android/tools/r8/synthesis/N 1 1 150 1 8 1 1 7 1 7 1 100 1 100 1 100 1 1 1 1 1 1 1 1 12 10 12 9 1 1 12 10 1 100 1 12 10 1 7 12 9 1 1 7 1 12 10 1 1 1 100 1 1 12 11 1 1 1 1 1 12 10 1 1 100 1 12 10 1 100 1 100 12 11 1 1 12 9 1 100 1 12 9 1 12 10 1 12 10 1 100 1 12 10 1 100 1 1 12 10 1 100 1 12 10 1 1 12 10 1 100 10 1 1 1 8 1 100 1 1 12 10 15 1 12 18 1 1 12 11 1 1 1 100 1 12 9 1 1 12 10 1 100 1 12 10 1 1 1 1 1 1
staticfield com/android/tools/r8/synthesis/N e Z 1
ciInstanceKlass com/android/tools/r8/internal/Oz 1 1 198 1 8 1 1 7 1 7 1 1 1 1 12 10 1 1 7 1 1 12 10 12 9 1 1 1 1 1 1 1 7 1 12 10 1 7 1 1 12 10 1 100 10 1 1 12 10 1 7 1 12 11 1 1 12 11 1 12 10 1 7 1 1 12 9 1 7 1 12 10 1 12 10 1 7 1 12 10 1 1 8 1 12 10 1 1 8 1 1 1 12 11 1 1 12 10 1 100 1 1 12 9 12 10 12 10 1 8 1 100 1 1 12 10 15 1 12 18 1 8 1 12 18 1 1 12 10 1 1 12 10 1 1 1 100 1 100 1 12 10 1 12 10 1 1 12 9 1 100 1 12 10 1 1 12 9 1 100 1 1 12 10 1 1 1 100 1 12 9 1 100 1 12 10 1 100 12 9 12 10 1 1 12 9 1 100 1 12 10 1 1 12 10 1 1 1 1 1
staticfield com/android/tools/r8/internal/Oz l Z 1
ciInstanceKlass com/android/tools/r8/graph/D4 1 1 56 1 8 1 1 7 1 7 1 100 1 1 1 1 1 12 10 1 1 1 7 1 1 12 10 12 9 1 1 1 7 1 1 12 9 1 7 1 12 10 1 100 12 10 1 12 10 1 1 1 12 10 1 1 1 1
staticfield com/android/tools/r8/graph/D4 f Z 1
ciInstanceKlass com/android/tools/r8/graph/e0 0 0 59 1 8 1 1 100 1 100 1 100 1 1 1 1 1 12 10 1 1 1 100 1 1 12 10 12 9 1 1 1 1 1 100 1 1 12 9 1 100 1 1 12 10 1 100 1 100 12 10 1 100 1 1 12 10 1 1 1 1
ciInstanceKlass com/android/tools/r8/internal/Mx0 1 1 223 1 8 1 1 7 1 1 7 1 100 1 7 1 1 1 1 1 1 1 1 1 1 1 12 10 1 1 1 16 1 1 12 10 15 1 16 1 100 1 1 12 10 15 1 1 12 18 1 100 1 12 10 1 1 100 1 8 1 100 1 1 12 10 15 1 12 18 1 12 10 1 8 18 12 9 12 9 12 9 12 9 12 9 1 1 8 1 12 18 1 100 1 8 10 1 1 7 1 12 9 1 7 1 12 9 12 10 1 1 12 9 1 8 1 12 18 1 1 7 1 1 12 10 1 7 1 7 1 7 1 100 1 8 1 12 18 1 1 1 8 12 10 1 8 1 8 1 8 1 8 12 9 1 1 16 12 10 15 12 18 12 10 1 12 9 12 10 1 7 1 1 12 9 1 12 9 1 12 9 1 12 9 1 12 9 1 1 8 1 12 18 1 1 12 10 1 1 12 10 1 1 12 10 1 1 12 10 1 1 1 12 10 1 1 1 1 1 1 1 1 1 1
staticfield com/android/tools/r8/internal/Mx0 b Lcom/android/tools/r8/internal/Mx0; com/android/tools/r8/internal/Mx0
staticfield com/android/tools/r8/internal/Mx0 c Lcom/android/tools/r8/internal/Mx0; com/android/tools/r8/internal/Mx0
staticfield com/android/tools/r8/internal/Mx0 d Lcom/android/tools/r8/internal/Mx0; com/android/tools/r8/internal/Mx0
staticfield com/android/tools/r8/internal/Mx0 e Lcom/android/tools/r8/internal/Mx0; com/android/tools/r8/internal/Mx0
staticfield com/android/tools/r8/internal/Mx0 f Lcom/android/tools/r8/internal/Mx0; com/android/tools/r8/internal/Mx0
staticfield com/android/tools/r8/internal/Mx0 g [Lcom/android/tools/r8/internal/Mx0; 5 [Lcom/android/tools/r8/internal/Mx0;
ciInstanceKlass com/android/tools/r8/graph/j0 1 1 172 1 8 1 1 7 1 1 7 1 100 1 1 1 1 1 1 1 1 1 1 16 1 12 10 15 16 1 100 1 1 12 10 15 1 1 12 18 1 100 1 12 10 1 12 10 15 16 18 12 10 15 18 1 12 10 1 1 1 12 10 12 9 12 9 12 9 1 1 7 1 1 12 11 1 7 1 1 12 11 1 7 1 1 12 11 1 100 1 7 1 1 12 11 1 1 12 11 1 7 1 12 10 1 7 1 1 12 11 1 1 12 10 1 1 16 12 10 15 12 18 1 1 7 12 10 1 1 1 12 10 1 7 1 12 10 1 100 12 10 1 100 1 12 10 1 100 1 8 1 7 1 1 12 10 15 1 12 18 1 100 10 1 8 1 1 1 1 1 1 1 1
staticfield com/android/tools/r8/graph/j0 e I 0
instanceKlass com/android/tools/r8/internal/iu0
instanceKlass com/android/tools/r8/ir/optimize/x0
instanceKlass com/android/tools/r8/internal/I6
instanceKlass com/android/tools/r8/internal/xd0
instanceKlass com/android/tools/r8/internal/qo0
instanceKlass com/android/tools/r8/internal/L7
instanceKlass com/android/tools/r8/internal/mo0
instanceKlass com/android/tools/r8/internal/hq0
instanceKlass com/android/tools/r8/internal/M3
instanceKlass com/android/tools/r8/internal/tf
instanceKlass com/android/tools/r8/internal/QZ
instanceKlass com/android/tools/r8/internal/qR
instanceKlass com/android/tools/r8/internal/hv
instanceKlass com/android/tools/r8/internal/fu0
instanceKlass com/android/tools/r8/internal/xR
instanceKlass com/android/tools/r8/internal/RY
instanceKlass com/android/tools/r8/internal/Ks0
instanceKlass com/android/tools/r8/internal/l60
instanceKlass com/android/tools/r8/internal/xo
instanceKlass com/android/tools/r8/internal/rr0
instanceKlass com/android/tools/r8/internal/mx
instanceKlass com/android/tools/r8/internal/Uc
instanceKlass com/android/tools/r8/internal/xE
instanceKlass com/android/tools/r8/internal/nr0
ciInstanceKlass com/android/tools/r8/internal/Ae 1 1 160 1 8 1 1 7 1 1 7 1 1 1 1 1 1 1 1 1 1 1 12 10 12 9 1 7 1 12 10 12 9 1 1 12 10 12 9 1 1 7 1 1 12 10 12 9 1 1 12 10 1 16 1 12 10 15 1 16 1 7 1 1 12 10 15 1 1 12 18 1 7 1 12 10 1 7 1 1 1 12 10 15 1 12 18 1 1 8 1 100 1 1 12 10 15 1 12 18 1 100 1 12 10 1 100 1 100 1 12 10 1 12 10 1 12 10 1 12 9 1 100 1 8 1 12 10 12 10 1 12 10 1 100 1 8 12 10 12 10 1 12 11 1 100 12 10 1 8 12 10 12 10 1 1 1 1 1 1 1 1
staticfield com/android/tools/r8/internal/Ae d Z 1
ciInstanceKlass com/android/tools/r8/internal/RY 1 1 311 1 8 1 1 7 1 7 1 1 1 1 12 10 1 1 1 7 1 1 12 10 1 100 1 12 10 1 1 1 7 1 1 12 10 12 9 1 1 8 1 1 1 12 9 1 7 1 12 10 1 7 1 1 12 9 1 7 12 10 1 1 7 1 12 10 1 1 12 10 1 7 1 12 9 1 12 10 12 9 1 7 1 100 1 7 1 12 11 1 1 12 11 1 7 1 1 12 11 1 1 12 10 1 100 1 1 12 10 1 12 10 1 1 12 10 1 7 1 12 10 1 7 1 1 12 10 1 12 10 1 100 1 7 1 12 10 1 7 1 12 10 1 1 12 9 1 7 12 10 1 1 12 10 1 1 12 10 1 100 1 12 9 1 100 1 12 9 1 100 1 1 12 10 1 100 1 12 10 1 12 10 1 1 12 9 1 100 1 12 9 1 100 12 9 1 100 1 100 12 10 1 12 10 1 12 10 1 12 9 1 100 1 1 12 10 1 1 12 10 1 12 10 1 1 12 10 1 7 1 12 9 1 12 10 1 12 10 1 12 10 1 12 10 1 12 9 1 12 11 12 10 1 16 12 10 15 1 16 1 100 1 1 12 10 15 1 1 12 18 1 12 10 1 12 10 12 10 10 1 12 10 1 12 10 1 12 10 1 100 10 1 7 1 12 10 1 12 10 1 7 1 12 9 12 9 1 1 1 1 1
staticfield com/android/tools/r8/internal/RY e Z 1
ciInstanceKlass com/android/tools/r8/internal/m3 1 1 163 1 8 1 1 7 1 7 1 100 1 100 1 100 1 1 1 1 1 1 1 1 1 12 10 12 9 12 9 1 1 1 7 1 1 12 10 12 9 1 1 1 12 9 1 7 1 12 10 1 100 1 12 9 1 100 1 12 9 1 1 1 1 1 7 1 12 9 1 1 100 1 8 1 12 10 1 3 1 1 7 1 12 9 1 1 12 10 1 12 9 1 7 1 12 10 1 7 1 12 10 1 12 10 1 1 12 10 1 1 1 1 12 9 1 1 1 100 12 10 1 1 1 1 12 10 1 1 1 1 1 100 1 12 10 1 1 12 10 1 100 1 1 12 10 1 100 1 100 1 12 11 1 1 12 11 10 1 1 1 1 1 1
staticfield com/android/tools/r8/internal/m3 m Z 1
ciInstanceKlass com/android/tools/r8/internal/tK 1 1 421 1 8 1 1 7 1 7 1 100 1 100 1 100 1 1 1 1 1 1 1 12 10 12 9 12 9 1 100 1 1 12 9 1 100 1 1 12 10 8 1 100 1 1 12 10 1 100 1 12 10 1 1 7 1 1 12 10 1 1 1 1 1 1 100 1 12 10 1 1 1 7 1 1 12 9 1 1 8 1 1 7 1 12 10 1 7 1 12 9 1 12 10 1 12 10 1 12 10 1 12 10 1 7 1 7 1 1 12 10 1 12 10 1 12 10 1 7 1 12 10 1 100 1 12 10 1 1 7 1 12 10 12 10 1 1 7 12 10 1 1 1 1 100 1 1 12 10 1 1 12 9 1 100 1 12 10 1 12 9 1 100 1 100 1 12 9 1 100 1 12 10 1 100 1 100 1 12 10 1 100 1 12 10 12 9 1 100 1 1 12 10 1 12 10 1 100 1 12 9 1 12 10 1 1 100 1 12 10 1 100 1 1 12 9 1 100 1 12 10 1 12 9 1 100 1 12 10 1 1 1 12 10 1 100 1 1 12 10 1 100 12 10 1 100 1 12 11 1 12 10 1 100 1 12 10 1 1 7 1 1 12 10 1 7 1 12 9 1 7 1 12 9 1 12 10 1 7 1 12 9 1 12 10 1 12 9 1 12 10 1 12 10 1 100 1 12 10 12 10 1 12 10 1 100 1 1 12 10 10 1 12 9 1 1 12 10 1 100 1 12 10 10 1 100 1 1 12 9 1 100 1 12 9 1 1 12 10 1 12 10 1 100 12 10 1 12 9 1 12 10 1 12 9 1 100 1 12 10 1 1 12 10 1 12 10 1 12 10 1 100 1 12 10 1 1 12 9 1 100 1 12 10 1 100 1 12 10 1 100 1 12 10 1 9 1 100 1 100 1 1 12 10 1 12 10 1 1 100 1 12 10 1 1 10 1 1 1 1 1 1
staticfield com/android/tools/r8/internal/tK p Z 1
instanceKlass com/android/tools/r8/graph/f6
instanceKlass com/android/tools/r8/graph/W5
ciInstanceKlass com/android/tools/r8/graph/h3 1 1 40 1 8 1 1 7 1 7 1 100 1 100 1 1 1 1 1 1 12 10 12 9 1 100 10 1 1 7 1 1 12 10 1 1 1 1 1 1 1 1
staticfield com/android/tools/r8/graph/h3 a Z 1
ciInstanceKlass com/android/tools/r8/graph/W5 1 1 47 1 8 1 1 7 1 7 1 100 1 100 1 1 1 1 1 1 1 12 10 12 9 1 100 1 12 10 1 100 12 9 1 1 7 1 1 12 10 1 1 1 1 1 1 1 1
staticfield com/android/tools/r8/graph/W5 c Z 1
ciInstanceKlass com/android/tools/r8/graph/f6 1 1 21 1 8 1 1 100 1 7 1 100 1 100 1 1 1 12 10 1 1 1 1
ciInstanceKlass com/android/tools/r8/internal/F4 0 0 306 1 8 1 1 100 1 100 1 100 1 100 1 1 1 1 1 1 1 1 1 1 1 1 1 12 9 1 100 1 1 12 10 1 100 1 1 12 10 12 10 1 1 1 8 1 1 1 1 12 9 1 100 1 12 10 12 9 12 10 1 100 1 1 12 10 1 12 10 1 12 10 1 1 1 12 10 1 100 1 12 10 1 100 1 1 12 9 1 12 10 12 10 1 12 10 1 100 1 12 10 1 12 10 1 100 1 12 10 1 12 10 1 12 10 1 12 10 1 100 1 1 12 10 1 100 1 12 10 1 1 100 1 8 1 12 10 1 1 1 1 1 1 100 1 1 12 10 12 10 1 1 12 10 1 1 1 12 9 1 1 12 10 1 100 12 10 1 12 10 1 100 1 12 10 1 1 100 1 12 10 1 1 1 1 1 1 1 100 12 10 10 1 8 1 1 12 10 1 12 10 1 12 10 1 8 1 12 10 12 10 1 8 10 10 1 1 1 1 12 10 1 12 10 1 100 12 10 1 1 12 10 1 100 12 10 1 8 1 100 1 1 12 10 15 1 12 18 1 12 10 1 12 10 10 1 100 1 12 10 12 10 1 12 10 1 12 10 1 100 11 1 8 1 8 1 12 18 12 10 1 8 1 12 18 1 1 12 10 12 9 1 12 10 1 1 100 1 12 10 1 1 1 1 1 1
ciInstanceKlass com/android/tools/r8/internal/De 1 1 50 1 8 1 1 7 1 100 1 7 1 1 1 1 1 1 1 1 1 12 10 12 9 12 9 1 16 1 7 1 12 10 15 1 7 1 1 12 10 15 1 12 18 12 9 1 1 1 1 1
staticfield com/android/tools/r8/internal/De a Lcom/android/tools/r8/internal/Ce; com/android/tools/r8/internal/Ce
staticfield com/android/tools/r8/internal/De b Lcom/android/tools/r8/internal/Ce; com/android/tools/r8/internal/Ce
staticfield com/android/tools/r8/internal/De c Lcom/android/tools/r8/internal/De; com/android/tools/r8/internal/De$$Lambda+0x000001ec48285b48
ciInstanceKlass com/android/tools/r8/internal/jj 1 1 183 1 8 1 1 7 1 7 1 1 1 1 12 10 12 9 1 100 1 1 12 10 1 100 1 12 10 1 1 7 1 12 10 1 1 1 1 1 1 1 1 7 1 1 12 10 1 1 1 12 10 1 100 1 12 10 1 1 100 1 12 10 1 100 1 12 10 1 12 10 1 100 1 12 10 1 1 12 9 1 12 9 1 1 12 9 1 100 1 12 11 1 100 1 12 9 1 100 1 1 12 11 1 1 12 9 1 1 100 1 1 12 10 1 12 10 1 100 1 1 12 9 1 100 1 12 10 1 12 10 1 1 12 9 1 100 1 12 10 1 12 9 1 100 1 1 12 10 1 1 12 10 1 1 12 10 12 10 1 100 1 12 10 1 1 100 1 1 12 9 1 1 12 10 1 100 1 12 10 1 1 1 1
staticfield com/android/tools/r8/internal/jj l Z 1
instanceKlass com/android/tools/r8/internal/ux
instanceKlass com/android/tools/r8/internal/vx
instanceKlass com/android/tools/r8/internal/fp0
instanceKlass com/android/tools/r8/internal/ep0
instanceKlass com/android/tools/r8/internal/U60
ciInstanceKlass com/android/tools/r8/internal/zx0 1 1 949 1 8 1 1 7 1 1 7 1 100 1 7 1 7 1 100 1 100 1 1 1 1 1 1 1 1 1 1 1 1 1 1 1 1 1 1 1 1 1 1 1 1 1 1 12 9 1 16 1 1 12 10 15 1 16 1 7 1 1 12 10 15 1 1 12 18 1 7 1 1 12 10 12 9 1 12 9 1 12 10 15 1 16 1 12 18 12 9 1 1 1 12 10 12 9 1 7 1 12 10 1 12 10 1 7 1 100 1 100 1 100 1 8 1 100 1 1 12 10 15 1 12 18 1 100 1 12 9 1 100 1 12 9 1 100 1 100 1 1 12 10 1 1 12 10 1 12 10 1 12 10 1 12 9 1 12 9 1 7 1 1 12 10 1 7 1 1 12 10 1 100 1 8 1 12 18 1 12 10 1 1 12 10 1 7 1 12 10 1 7 1 12 10 1 7 1 12 10 1 12 10 1 7 1 12 10 1 7 1 12 10 12 9 1 7 1 12 10 12 9 1 1 12 10 1 7 1 12 10 1 100 1 12 10 1 12 10 1 12 10 1 12 10 1 100 12 11 1 100 1 12 10 1 12 10 1 100 1 12 9 1 100 12 9 1 1 1 1 1 1 7 12 11 1 1 7 1 12 9 1 7 1 12 9 1 12 10 1 7 1 7 1 12 10 1 7 12 11 1 12 11 1 12 11 1 100 1 1 12 9 1 1 12 9 1 12 9 12 10 1 1 100 12 10 1 12 9 12 9 10 12 9 1 7 12 10 1 1 7 1 12 10 10 1 12 10 1 1 12 11 1 7 1 100 1 12 11 1 1 12 11 1 12 10 1 1 7 1 12 10 1 1 12 11 1 12 10 1 12 10 1 1 7 1 1 12 10 1 12 10 11 1 1 10 1 12 10 1 12 10 12 10 1 1 1 12 10 1 7 12 10 12 10 1 7 1 12 10 1 7 12 10 1 12 10 1 100 1 12 10 1 1 12 10 1 100 12 10 1 12 10 11 1 12 11 1 1 1 7 10 1 16 12 10 15 1 16 1 1 12 18 1 7 1 12 10 12 10 12 11 1 1 12 11 1 12 10 1 12 10 1 7 10 1 12 10 12 10 1 12 9 12 10 12 10 1 12 10 12 10 1 12 10 1 1 7 1 1 7 1 1 12 10 1 1 1 1 100 1 8 10 1 1 12 10 1 8 1 12 10 1 12 10 1 1 12 10 1 1 12 11 1 12 10 15 1 12 18 1 100 1 12 11 1 8 1 1 12 10 1 12 10 1 8 1 12 10 1 8 12 9 12 10 1 1 1 7 1 12 10 1 1 12 10 1 12 10 15 1 12 18 12 10 12 10 1 12 10 1 1 1 12 10 15 18 1 12 10 1 100 12 10 12 10 1 1 100 1 7 1 12 10 1 12 10 1 12 10 1 7 1 12 9 1 12 10 1 12 9 1 100 12 9 1 100 1 12 9 1 100 12 10 12 10 1 1 1 12 10 15 18 12 10 1 1 12 10 15 18 1 1 12 10 1 12 10 1 12 9 1 100 1 1 12 10 12 10 1 12 10 1 1 12 11 1 12 11 1 1 12 10 1 7 11 12 10 10 1 1 1 7 1 12 10 1 12 10 1 12 10 1 1 1 12 10 1 1 12 9 1 12 9 1 12 10 1 12 10 10 1 100 1 8 1 12 18 12 10 1 12 10 1 8 1 12 18 1 12 9 1 1 100 12 9 1 12 10 1 12 10 1 12 10 10 15 16 18 12 10 12 10 1 12 10 1 12 9 1 12 10 1 100 12 10 12 10 12 10 1 100 12 10 1 12 10 12 10 1 12 9 1 12 10 1 12 10 1 12 10 1 1 12 10 1 100 12 10 1 12 10 12 9 12 10 1 12 10 12 10 15 18 10 12 10 1 1 1 1 12 10 1 1 100 1 1 12 10 15 1 12 18 1 12 10 1 100 1 12 11 11 12 10 15 18 1 1 12 11 1 12 11 12 11 1 100 11 12 10 1 12 11 1 100 1 12 10 12 9 1 12 10 12 11 1 10 10 9 1 12 10 1 12 10 15 18 1 100 1 100 1 100 1 100 1 100 1 12 10 1 100 1 1 7 1 12 10 12 10 12 9 1 1 1 1 1 1 1 1
staticfield com/android/tools/r8/internal/zx0 n Lcom/android/tools/r8/internal/zx0; com/android/tools/r8/internal/zx0
staticfield com/android/tools/r8/internal/zx0 o Z 1
instanceKlass com/android/tools/r8/internal/V60
ciInstanceKlass com/android/tools/r8/internal/U60 1 1 501 1 8 1 1 7 1 7 1 100 1 100 1 7 1 1 1 1 1 1 1 1 1 1 1 1 1 1 12 10 1 100 1 1 12 9 1 8 1 100 1 1 12 10 15 1 12 18 1 1 12 10 1 1 7 1 1 12 11 12 9 1 7 1 1 12 11 1 1 12 11 1 12 10 1 12 10 12 9 1 100 1 12 10 1 1 1 12 9 1 1 1 100 1 12 9 1 12 9 1 12 9 12 10 12 10 1 1 1 12 10 12 9 1 7 1 12 10 1 7 1 1 12 11 1 1 12 11 1 7 1 12 11 1 1 12 11 1 1 12 10 1 12 10 1 100 1 8 10 1 12 9 1 12 10 1 1 12 9 1 7 10 1 12 9 1 1 1 1 10 1 7 1 12 11 1 1 1 12 10 1 12 10 12 10 1 7 1 12 9 11 1 1 1 12 10 1 10 1 1 7 1 12 10 1 7 1 12 9 1 12 10 12 10 1 7 1 100 1 12 10 1 12 10 1 12 10 1 7 1 12 10 1 7 1 1 12 10 1 7 1 7 1 12 10 1 1 12 9 1 12 9 1 7 1 1 12 10 1 7 1 12 9 1 12 10 12 9 1 7 1 1 12 11 11 1 7 1 12 11 1 1 12 11 1 12 10 12 10 1 7 1 12 10 1 1 12 10 12 10 1 1 1 100 10 8 1 1 12 10 1 12 9 1 12 10 1 8 1 12 10 1 8 1 8 16 1 12 10 15 1 16 1 100 1 1 12 10 15 1 1 12 18 1 100 1 12 10 1 100 1 12 10 1 8 1 12 10 10 1 1 100 12 10 1 10 1 1 100 1 12 10 12 10 1 100 1 100 1 12 10 1 12 10 10 1 12 10 1 1 12 10 1 12 10 1 100 10 1 100 1 1 12 10 1 100 10 10 10 1 12 10 1 1 12 10 1 1 12 10 1 100 12 10 12 10 12 10 12 10 1 12 10 1 100 1 12 10 16 12 10 15 16 1 1 12 18 1 1 12 10 1 1 12 10 10 1 12 9 1 1 7 1 12 10 1 12 10 1 12 9 10 12 9 12 9 1 1 12 10 1 12 10 1 7 1 12 9 12 9 1 12 10 1 1 1 1 1 1 1 1
staticfield com/android/tools/r8/internal/U60 u Z 1
ciInstanceKlass com/android/tools/r8/internal/Q3 1 1 414 1 8 1 1 7 1 7 1 100 1 100 1 100 1 1 1 1 1 1 1 12 9 1 1 1 1 1 12 9 1 7 1 1 12 10 1 7 1 1 12 10 1 100 1 1 12 10 1 7 1 1 12 9 1 1 1 12 9 1 7 1 1 12 9 1 7 1 12 10 1 1 12 10 1 12 9 1 7 1 1 12 10 1 7 1 12 10 1 100 1 8 1 100 1 1 12 10 15 1 12 18 1 12 10 1 8 18 1 12 9 1 7 1 1 12 10 1 100 1 1 12 9 1 100 1 1 12 10 1 7 1 12 10 1 7 10 1 7 10 1 7 10 1 12 10 1 7 1 12 10 1 12 10 1 7 10 1 1 12 10 1 100 12 10 1 12 10 1 7 10 1 7 10 1 100 1 12 10 1 1 1 12 10 1 1 12 10 1 1 1 1 12 9 1 1 1 100 1 100 1 12 10 1 100 1 1 12 9 1 100 1 12 10 1 12 10 1 1 100 1 12 10 12 10 1 1 100 12 10 1 100 1 1 12 9 1 100 1 12 10 9 1 1 12 10 1 1 12 10 1 8 18 1 12 10 1 12 10 1 100 1 1 12 9 1 12 10 12 10 12 9 1 100 1 12 10 1 100 1 12 10 1 100 1 1 12 10 1 100 1 12 10 1 1 12 10 1 1 1 1 1 1 16 12 10 15 16 1 100 1 1 12 10 15 1 1 12 18 1 100 1 12 10 1 1 1 7 12 11 1 12 10 12 10 1 7 1 12 9 1 12 10 1 7 1 12 10 1 12 10 1 1 12 10 1 1 12 10 1 100 12 10 1 1 100 1 12 10 1 1 1 1 100 12 9 12 10 1 12 10 1 7 1 1 12 10 1 12 10 1 12 10 1 100 1 8 1 12 18 10 1 1 7 1 12 10 1 1 1 1 1 1 1
staticfield com/android/tools/r8/internal/Q3 l Z 1
instanceKlass com/android/tools/r8/graph/p5
instanceKlass com/android/tools/r8/graph/j5
instanceKlass com/android/tools/r8/graph/b5
instanceKlass com/android/tools/r8/graph/c5$c
ciInstanceKlass com/android/tools/r8/graph/c5 1 1 235 1 8 1 1 7 1 1 7 1 100 1 100 1 100 1 100 1 100 1 100 1 100 1 100 1 100 1 100 1 100 1 100 1 100 1 100 1 100 1 100 1 7 1 100 1 7 1 100 1 1 1 1 1 1 1 1 1 1 1 1 1 1 1 1 1 1 1 1 100 1 12 10 1 100 1 12 10 1 1 1 1 1 1 1 1 1 1 12 10 1 1 1 1 12 10 1 1 1 1 1 1 1 1 1 1 1 1 1 12 10 12 10 12 10 1 1 1 1 1 1 1 1 1 1 1 1 100 1 12 11 1 12 10 1 1 1 1 1 1 100 1 100 1 1 12 10 1 16 12 10 15 1 100 1 1 12 10 15 1 12 18 12 10 1 1 1 1 1 1 1 1 1 1 1 1 12 10 1 1 7 1 12 10 1 1 12 10 1 12 10 1 7 1 12 10 1 12 10 12 9 1 7 1 12 10 1 100 10 1 100 1 12 10 1 12 10 1 1 7 1 12 10 1 1 1 1 1 1 1 1 1 1 1 1
staticfield com/android/tools/r8/graph/c5 a Z 1
instanceKlass com/android/tools/r8/graph/o5
instanceKlass com/android/tools/r8/graph/m5
instanceKlass com/android/tools/r8/graph/n5
ciInstanceKlass com/android/tools/r8/graph/c5$c 1 1 846 1 8 1 1 7 1 1 7 1 100 1 1 100 1 100 1 1 100 1 1 1 1 1 1 1 1 1 12 10 1 7 1 1 12 10 1 12 10 1 7 1 12 10 1 7 1 12 10 12 9 12 9 1 7 1 12 10 12 9 1 12 10 1 7 1 1 12 11 1 1 12 9 1 7 1 7 1 7 1 1 12 10 1 7 1 12 11 1 1 12 10 1 7 1 12 10 1 12 10 1 1 12 10 1 7 1 12 10 1 7 1 12 10 1 12 10 1 1 12 10 12 9 1 7 1 12 10 1 12 9 1 12 10 1 100 1 8 1 100 1 1 12 10 15 1 12 18 1 1 12 10 1 100 1 1 12 10 1 12 9 12 10 1 12 10 12 10 1 12 10 1 12 9 1 12 10 1 12 10 1 12 10 12 10 1 12 10 1 12 10 1 100 1 12 10 1 12 10 1 12 10 1 12 10 1 100 10 1 12 10 1 12 10 1 100 1 1 7 1 12 10 1 100 1 12 9 1 100 1 100 1 100 1 1 12 10 16 1 12 10 15 1 16 1 7 1 1 12 10 15 1 1 12 18 1 12 10 15 1 16 18 1 12 10 1 100 11 1 1 12 11 1 12 9 1 100 1 1 12 10 1 12 11 1 12 10 1 1 100 1 12 9 1 100 1 12 11 1 12 9 1 100 1 12 10 1 7 11 12 10 1 100 1 12 11 12 11 12 9 1 100 12 10 1 1 1 1 12 10 1 100 1 7 1 12 10 1 7 1 1 12 10 12 10 1 12 9 1 100 1 12 10 1 100 1 12 9 1 1 7 1 1 12 10 1 7 1 1 12 10 1 7 1 7 1 1 12 10 1 12 10 1 12 10 1 100 1 1 12 10 1 1 12 10 1 100 1 12 10 1 7 1 1 12 10 1 100 1 12 10 1 1 12 10 1 100 1 1 12 10 1 7 1 12 10 1 12 10 1 12 10 1 7 1 12 10 1 7 1 12 10 1 1 12 10 1 12 10 1 12 10 1 12 9 1 7 1 12 9 1 7 12 10 12 9 1 12 10 12 9 1 7 1 12 11 12 10 1 1 12 9 1 7 9 1 12 11 1 1 12 10 12 10 1 1 1 1 1 1 1 100 1 12 10 1 12 10 1 12 10 1 1 1 1 1 7 1 12 10 1 1 12 10 1 12 10 12 10 1 100 1 12 9 1 1 12 10 1 7 12 10 16 1 12 10 15 1 16 1 12 18 12 10 1 12 10 12 10 15 1 12 18 12 10 1 12 9 3 1 12 10 1 1 100 1 100 1 100 1 12 9 1 100 1 1 12 10 1 1 12 9 1 100 1 100 1 12 10 1 12 10 1 12 9 10 1 12 10 12 10 15 1 16 1 12 18 12 10 15 1 16 1 12 18 1 12 11 12 9 1 12 11 1 100 1 12 10 1 12 10 12 10 1 12 10 10 1 12 10 12 10 1 12 9 1 100 1 12 9 1 12 10 12 9 1 12 9 12 9 1 1 100 1 100 1 100 1 1 12 9 10 1 12 10 16 10 15 1 12 18 12 10 12 10 1 12 10 12 10 1 12 10 12 9 1 1 100 1 100 12 10 1 12 10 1 12 10 1 100 1 12 10 1 12 9 1 12 10 1 12 9 1 100 1 12 10 1 100 1 12 10 1 12 10 1 12 10 1 12 10 1 12 10 10 1 12 10 1 12 10 12 10 1 10 1 12 10 11 1 12 10 1 12 10 12 10 1 12 10 1 1 12 10 1 100 1 12 10 1 1 12 10 15 1 12 18 1 1 12 9 1 100 1 12 10 1 12 10 12 11 1 12 9 12 10 12 9 1 12 9 12 10 1 1 7 1 12 10 16 12 10 15 1 12 18 1 1 1 1 1 1 1 1 1 1
staticfield com/android/tools/r8/graph/c5$c e Z 1
ciInstanceKlass  @bci com/android/tools/r8/graph/h c (Lcom/android/tools/r8/graph/M2;)Lcom/android/tools/r8/graph/E0; 23 <appendix> member <vmtarget> ; 1 1 28 1 7 1 7 1 100 1 1 1 1 1 12 10 12 9 1 1 1 7 1 7 1 1 12 11 1 1
ciInstanceKlass com/android/tools/r8/graph/W 1 1 89 1 8 1 1 7 1 7 1 7 1 1 1 1 1 1 1 1 12 10 1 1 7 1 1 12 10 12 9 1 12 9 1 100 10 1 100 1 1 100 1 12 9 1 100 1 1 7 1 12 9 1 100 1 100 1 12 11 1 100 1 1 12 11 1 12 10 1 100 1 1 12 10 1 100 1 100 1 1 12 11 1 12 10 1 1 1 1 1
staticfield com/android/tools/r8/graph/W c Z 1
ciInstanceKlass  @bci com/android/tools/r8/internal/rd a (Lcom/android/tools/r8/graph/M2;)Lcom/android/tools/r8/graph/E0; 77 <appendix> member <vmtarget> ; 1 1 32 1 7 1 7 1 100 1 1 1 1 1 1 1 12 10 12 9 12 9 1 1 1 7 1 7 1 1 12 10 1 1
ciInstanceKlass com/android/tools/r8/internal/qd 1 1 125 1 8 1 1 7 1 7 1 100 1 7 1 1 1 1 1 1 1 1 1 1 1 1 1 1 12 10 12 9 12 9 12 9 12 9 12 9 1 1 7 1 1 12 10 12 9 1 1 1 100 1 100 10 1 16 1 12 10 15 16 1 7 1 1 12 10 15 1 1 12 18 1 7 1 12 10 1 1 12 10 1 7 1 12 10 1 100 1 12 10 12 9 1 12 10 1 100 1 100 1 1 12 10 1 8 1 100 1 1 12 10 15 1 12 18 1 12 10 1 1 1 1 1 1
staticfield com/android/tools/r8/internal/qd g Z 1
ciInstanceKlass  @bci com/android/tools/r8/graph/z4 f (Lcom/android/tools/r8/graph/M2;)Lcom/android/tools/r8/graph/b0; 28 <appendix> member <vmtarget> ; 1 1 28 1 7 1 7 1 100 1 1 1 1 1 12 10 12 9 1 1 1 7 1 7 1 1 12 10 1 1
ciInstanceKlass  @bci com/android/tools/r8/graph/z4 f (Lcom/android/tools/r8/graph/M2;)Lcom/android/tools/r8/graph/b0; 60 <appendix> member <vmtarget> ; 1 1 28 1 7 1 7 1 100 1 1 1 1 1 12 10 12 9 1 1 1 7 1 7 1 1 12 10 1 1
ciInstanceKlass  @bci com/android/tools/r8/graph/z4 f (Lcom/android/tools/r8/graph/M2;)Lcom/android/tools/r8/graph/b0; 101 <appendix> member <vmtarget> ; 1 1 28 1 7 1 7 1 100 1 1 1 1 1 12 10 12 9 1 1 1 100 1 100 1 1 12 10 1 1
ciInstanceKlass com/android/tools/r8/graph/Z 1 1 31 1 8 1 1 7 1 7 1 100 1 1 1 1 12 10 1 10 12 9 1 1 1 1 1 1 1 1 1 1 1
staticfield com/android/tools/r8/graph/Z b Lcom/android/tools/r8/graph/Z; com/android/tools/r8/graph/Z
ciInstanceKlass com/android/tools/r8/graph/F2 1 1 31 1 8 1 1 7 1 7 1 1 1 1 1 1 1 12 10 12 9 12 9 1 1 1 1 1 1 1 1 1 1
ciInstanceKlass com/android/tools/r8/internal/PK 1 1 287 1 8 1 1 7 1 7 1 1 1 1 1 1 1 1 1 1 1 1 1 1 1 1 1 12 10 12 9 12 9 1 1 1 100 1 8 1 100 1 1 12 10 15 1 12 18 1 12 10 12 9 12 9 1 7 1 100 1 7 1 7 1 12 10 1 12 10 1 7 1 1 12 9 1 7 1 12 10 1 1 12 10 1 7 1 1 12 10 12 9 12 9 1 12 10 12 9 1 1 12 10 1 7 1 1 12 10 1 12 10 1 7 1 1 12 10 1 12 10 12 10 1 1 12 10 1 7 1 12 10 1 12 10 1 12 10 1 100 1 12 10 1 7 1 12 9 1 12 10 1 7 1 12 9 1 12 10 1 7 1 12 10 12 9 1 7 9 12 10 12 10 1 100 1 12 10 1 12 10 1 1 12 9 1 100 1 12 9 1 100 1 1 12 11 12 9 12 9 1 100 1 12 10 1 12 9 1 7 1 12 10 1 1 7 1 12 10 1 8 12 10 1 8 1 8 1 8 1 8 1 8 12 9 1 8 12 9 1 8 1 1 12 10 10 1 1 1 8 1 12 18 1 100 1 12 9 12 9 12 9 12 9 1 12 9 1 100 1 1 12 10 8 1 100 1 12 10 12 9 12 9 1 1 1 1 1
staticfield com/android/tools/r8/internal/PK d Lcom/android/tools/r8/internal/PK; com/android/tools/r8/internal/PK
staticfield com/android/tools/r8/internal/PK e Lcom/android/tools/r8/internal/PK; com/android/tools/r8/internal/PK
staticfield com/android/tools/r8/internal/PK f Lcom/android/tools/r8/internal/PK; com/android/tools/r8/internal/PK
staticfield com/android/tools/r8/internal/PK g Lcom/android/tools/r8/internal/PK; com/android/tools/r8/internal/PK
staticfield com/android/tools/r8/internal/PK h Lcom/android/tools/r8/internal/PK; com/android/tools/r8/internal/PK
staticfield com/android/tools/r8/internal/PK i Lcom/android/tools/r8/internal/PK; com/android/tools/r8/internal/PK
staticfield com/android/tools/r8/internal/PK j Lcom/android/tools/r8/internal/PK; com/android/tools/r8/internal/PK
staticfield com/android/tools/r8/internal/PK k Lcom/android/tools/r8/internal/PK; com/android/tools/r8/internal/PK
staticfield com/android/tools/r8/internal/PK l Z 1
ciInstanceKlass com/android/tools/r8/internal/MK 1 1 277 1 8 1 1 7 1 7 1 100 1 100 1 1 1 1 1 1 1 12 10 12 9 1 1 1 7 1 1 12 10 12 9 1 1 1 1 1 1 100 1 12 10 1 1 1 7 1 1 12 9 1 1 1 8 1 1 7 1 12 10 1 7 1 12 9 1 12 10 1 12 10 1 12 10 1 12 10 1 7 1 7 1 1 12 10 1 12 10 1 12 10 1 7 1 12 10 1 100 1 12 10 1 1 100 1 12 10 1 100 1 1 12 9 1 100 1 12 10 1 1 12 9 1 100 1 1 12 10 1 1 100 1 1 12 10 12 10 1 1 1 1 100 1 1 12 9 1 100 1 12 10 1 12 10 1 1 1 12 10 1 100 1 1 12 10 1 100 12 10 1 100 1 12 10 1 100 1 12 10 1 1 12 10 1 1 12 10 1 12 10 1 100 1 12 10 1 100 1 100 1 12 9 1 12 10 1 100 1 100 12 9 1 100 12 9 1 100 12 10 1 12 10 12 10 1 100 1 12 10 1 12 10 1 100 1 12 10 1 12 10 1 100 12 10 1 1 100 1 12 10 1 1 100 9 1 100 1 100 1 1 12 10 1 12 10 1 1 1 100 12 10 1 1 1 1 1
staticfield com/android/tools/r8/internal/MK p Z 1
ciInstanceKlass com/android/tools/r8/graph/n5 1 1 49 1 8 1 1 100 1 7 1 100 1 1 100 1 1 1 1 12 10 1 1 100 1 1 12 11 1 1 1 12 9 1 1 12 10 1 100 1 1 12 10 12 10 1 1 1 1 1 1
ciInstanceKlass com/android/tools/r8/graph/m5 0 0 51 1 8 1 1 100 1 100 1 100 1 1 100 1 1 1 1 12 10 1 1 100 1 1 12 11 1 1 1 1 1 12 9 1 1 12 10 1 100 1 1 12 10 12 10 1 1 1 1 1 1
ciInstanceKlass com/android/tools/r8/graph/o5 1 1 51 1 8 1 1 100 1 7 1 100 1 1 100 1 1 1 1 12 10 1 1 1 12 9 1 1 12 10 1 100 1 1 12 10 12 10 1 1 100 1 1 12 11 1 1 1 1 1 1 1 1
ciInstanceKlass  @bci com/android/tools/r8/graph/h f (Lcom/android/tools/r8/graph/M2;)Lcom/android/tools/r8/graph/b0; 23 <appendix> member <vmtarget> ; 1 1 28 1 7 1 7 1 100 1 1 1 1 1 12 10 12 9 1 1 1 7 1 7 1 1 12 11 1 1
ciInstanceKlass com/android/tools/r8/internal/nB 1 1 1668 1 8 1 1 7 1 7 1 7 1 7 1 7 1 7 1 7 1 100 1 100 1 1 100 1 7 1 7 1 7 1 1 1 1 1 1 1 1 1 1 1 1 1 1 1 1 1 1 1 1 1 1 1 1 1 1 1 1 1 1 1 1 1 1 1 1 1 1 1 1 1 1 1 1 1 1 1 1 1 7 1 12 9 1 12 10 1 7 1 12 10 1 7 1 12 10 12 9 1 12 10 1 12 10 1 100 1 1 12 10 1 7 1 7 10 1 12 10 1 12 9 1 7 1 1 12 10 12 9 12 9 1 7 1 12 10 12 9 1 7 1 12 11 12 9 12 9 1 12 10 1 7 1 1 12 10 1 100 1 12 10 1 7 1 1 12 10 1 7 1 12 9 12 9 1 1 12 10 12 9 12 9 12 9 1 100 1 12 10 1 12 10 1 12 10 12 9 1 100 1 12 10 10 1 7 1 1 12 11 1 7 1 1 12 11 1 1 12 11 1 7 1 12 10 1 12 10 12 9 1 7 1 12 10 1 12 10 11 1 100 1 8 1 100 1 1 12 10 15 1 12 18 1 12 10 1 1 12 10 1 7 1 12 10 1 7 1 12 10 1 12 11 1 100 1 8 1 12 18 10 1 100 1 8 10 12 10 12 9 12 9 1 12 10 1 12 10 12 10 10 10 1 12 10 1 12 9 12 9 1 100 10 1 7 1 1 12 10 1 12 10 12 9 12 9 1 12 10 12 10 1 12 10 1 7 12 10 1 12 9 1 7 12 11 1 12 9 1 7 10 12 9 12 9 12 9 12 9 1 12 10 12 9 12 9 12 10 1 100 1 12 10 1 7 10 1 12 10 1 12 10 1 12 9 12 9 1 7 1 12 10 1 12 11 1 7 1 12 11 10 1 7 1 12 11 1 7 1 12 11 1 12 11 12 9 10 1 100 1 12 10 1 7 1 12 10 1 7 11 9 12 9 1 12 10 1 12 10 12 9 1 12 10 1 12 10 12 10 1 12 10 12 10 1 12 10 12 10 1 1 12 10 11 1 12 9 12 9 1 100 1 1 12 10 1 100 1 12 10 1 12 9 1 7 1 12 9 1 7 1 12 10 1 7 12 10 1 7 1 7 1 1 12 10 1 1 12 11 12 9 1 7 12 10 12 10 1 7 12 10 1 12 11 1 7 1 12 10 1 7 10 1 12 10 12 9 12 9 1 12 10 12 9 1 1 12 10 1 7 10 1 12 9 3 1 12 10 1 12 9 11 1 12 10 1 7 10 1 12 10 1 100 12 10 12 9 10 10 1 12 9 1 7 12 10 1 7 1 12 10 1 1 12 10 1 7 1 12 10 10 12 10 1 12 10 12 10 1 100 12 10 1 12 10 1 12 10 1 12 10 12 10 1 12 11 12 10 10 1 12 10 12 11 11 12 10 12 10 10 1 12 11 12 11 12 9 12 11 1 12 10 12 9 12 9 12 10 12 9 12 11 1 12 11 1 12 9 1 7 1 12 10 1 12 10 12 9 1 12 10 12 9 1 7 10 12 9 9 1 12 9 1 7 10 1 12 10 1 12 11 1 7 10 12 9 12 9 10 1 1 12 10 1 100 1 100 12 9 1 12 10 1 100 10 1 12 10 1 100 1 12 9 1 7 1 12 10 12 10 1 12 10 12 10 1 12 10 1 100 1 12 10 1 12 10 11 12 10 12 10 10 1 7 1 12 10 10 1 12 10 1 7 11 11 1 12 10 1 12 10 1 7 1 7 1 12 11 1 7 12 11 10 1 7 10 1 12 11 1 12 11 12 10 16 1 12 10 15 16 1 7 1 1 12 10 15 1 1 12 18 1 100 1 12 11 10 1 100 1 100 12 9 1 12 10 1 100 10 12 9 1 12 9 10 1 12 10 1 7 1 12 10 1 12 9 12 10 9 12 9 1 7 10 10 1 12 10 10 12 9 12 9 10 10 1 12 10 1 12 10 1 1 12 10 1 12 11 1 12 10 11 1 1 12 10 1 1 12 11 1 12 10 1 8 10 1 7 1 12 10 12 9 12 9 12 9 1 12 10 1 12 10 1 7 12 10 11 12 10 1 12 10 1 7 10 1 7 1 12 10 1 12 10 12 9 12 9 12 10 11 12 9 1 12 10 1 7 1 12 10 10 12 10 1 100 1 7 1 12 10 12 10 1 12 10 1 12 10 12 10 1 12 10 12 9 1 1 12 10 9 1 12 10 1 12 9 1 100 12 9 12 9 1 12 9 1 12 10 1 12 9 1 12 10 12 9 1 12 10 12 10 12 10 11 1 12 9 1 12 10 1 7 1 12 9 1 12 9 1 12 10 1 7 12 10 1 12 9 10 12 10 1 1 12 10 1 7 1 12 10 1 7 1 12 10 1 12 10 1 7 12 10 12 10 1 7 1 12 10 1 7 12 10 1 12 9 1 7 1 12 9 1 7 12 10 1 12 10 1 7 1 12 10 1 100 1 12 10 1 7 1 12 10 10 1 12 10 1 7 1 12 10 1 1 12 10 1 1 12 9 12 9 1 7 10 10 1 1 12 10 1 7 10 1 7 10 10 1 1 7 12 9 1 7 1 12 10 1 7 1 12 10 1 1 100 1 12 9 10 12 9 1 100 1 1 12 10 1 12 9 1 100 1 12 10 1 1 12 10 1 12 10 12 10 1 12 10 1 12 10 1 11 1 1 12 11 12 10 15 16 18 1 100 1 1 12 11 1 100 12 11 1 12 11 1 1 12 10 1 7 1 12 10 1 12 10 1 7 1 7 12 10 12 10 1 1 7 1 12 10 1 7 1 12 9 1 12 10 1 7 10 5 0 12 9 1 12 10 1 7 10 1 12 10 1 12 10 1 12 10 1 12 9 9 12 10 10 1 12 9 1 7 1 12 9 1 7 10 11 10 1 1 7 1 12 10 1 7 10 1 7 10 1 1 100 12 10 1 7 10 10 9 1 12 10 10 1 7 1 12 10 1 7 10 1 7 10 1 7 10 1 7 10 1 12 10 1 12 10 1 1 12 10 12 9 12 9 12 9 1 12 10 1 12 10 1 1 7 1 12 10 12 11 12 9 1 8 1 12 18 12 10 1 12 9 1 7 1 1 12 9 1 100 12 9 1 1 12 10 11 1 12 10 12 9 1 1 12 10 1 12 10 12 10 10 10 1 1 100 1 8 10 1 12 10 1 1 12 10 1 8 12 10 1 1 100 1 12 10 1 100 1 100 1 12 10 1 100 1 12 9 1 100 1 12 10 1 100 1 100 12 9 1 12 9 12 9 1 12 9 1 12 10 12 10 1 7 1 12 10 1 100 1 8 1 12 18 10 1 12 10 1 12 10 1 12 10 1 12 10 1 12 10 1 1 12 10 1 7 1 12 10 1 12 10 12 10 1 7 1 12 10 10 1 12 10 10 10 10 10 1 7 10 12 9 1 1 7 1 12 10 1 12 10 16 12 10 15 16 12 18 1 100 1 1 12 11 1 8 1 12 18 9 10 1 12 10 12 9 12 9 12 9 1 7 12 10 12 10 1 12 11 1 12 10 1 12 11 1 7 1 12 10 1 1 12 10 1 100 1 12 9 1 100 1 12 11 1 8 18 10 1 12 10 1 12 10 12 10 12 10 1 12 10 10 1 12 10 10 12 11 12 11 1 12 9 16 12 10 15 1 16 1 12 18 1 12 10 12 9 1 100 1 12 10 1 12 9 12 10 1 1 1 1 1 1 1
staticfield com/android/tools/r8/internal/nB D Z 1
ciInstanceKlass com/android/tools/r8/internal/V60 1 1 130 1 8 1 1 7 1 7 1 100 1 1 1 1 1 12 10 1 1 1 7 1 1 12 10 12 9 1 1 100 1 12 10 1 100 12 10 1 7 1 12 9 1 7 1 12 10 1 1 12 10 1 1 12 10 1 100 1 12 10 1 12 10 1 12 10 1 100 10 1 12 10 1 12 10 1 100 1 1 12 10 1 1 1 12 10 1 7 1 12 10 1 1 12 10 1 7 1 1 12 11 1 7 1 12 11 1 1 12 11 1 12 10 1 12 10 1 12 10 1 7 1 12 10 1 1 1 1 1 1
staticfield com/android/tools/r8/internal/V60 v Z 1
ciInstanceKlass com/android/tools/r8/internal/mj 1 1 141 1 8 1 1 7 1 7 1 100 1 100 1 1 1 1 1 1 12 10 1 1 7 1 1 12 10 12 9 1 1 1 1 1 1 1 1 1 12 10 1 100 1 12 10 1 7 1 1 12 10 1 100 1 100 12 10 1 7 1 7 1 7 10 1 12 10 1 12 10 1 1 1 100 10 1 1 1 1 12 9 1 1 7 1 12 9 1 1 1 1 100 1 100 10 1 1 12 9 1 100 1 12 10 1 1 12 9 1 100 1 1 12 10 1 1 1 1 100 1 12 9 1 12 9 12 10 1 1 12 9 1 100 1 12 10 1 1 1 1 1
staticfield com/android/tools/r8/internal/mj k Z 1
ciInstanceKlass com/android/tools/r8/internal/Y5 1 1 1190 1 8 1 1 7 1 7 1 7 1 7 1 100 1 100 1 100 1 100 1 1 7 1 7 1 1 1 1 1 1 1 1 1 1 1 1 1 1 1 1 1 1 1 1 1 1 1 1 1 1 12 9 1 7 1 12 9 1 7 1 1 12 11 12 9 1 1 12 11 1 7 1 1 12 10 12 9 1 100 1 1 12 10 1 7 1 12 10 1 12 10 1 1 12 11 1 16 1 12 10 15 1 16 1 7 1 1 12 10 15 1 1 12 18 1 100 1 1 12 11 1 12 10 1 12 11 12 10 1 12 9 1 7 1 12 10 1 12 10 1 1 12 10 1 7 1 12 10 1 7 1 1 12 10 1 12 10 1 8 1 12 10 1 12 10 1 12 10 1 100 12 9 1 7 10 1 1 12 11 1 7 1 12 11 1 1 12 11 1 12 10 1 8 1 8 1 1 12 10 1 8 10 1 1 12 10 1 12 10 1 1 7 12 9 1 1 12 10 1 12 10 1 7 1 12 11 1 7 1 12 11 1 10 1 12 10 1 12 10 1 12 10 11 1 12 10 1 7 1 12 10 1 1 12 9 1 7 12 10 1 7 1 1 12 10 12 10 1 1 7 1 12 11 1 7 12 9 1 7 1 12 10 16 1 12 10 15 1 16 1 12 18 12 10 1 12 10 1 12 10 1 7 11 1 1 12 9 1 12 10 1 12 10 1 8 1 7 10 1 12 9 1 7 1 1 12 10 9 1 12 10 1 1 8 1 7 1 100 12 10 1 12 10 1 12 10 1 12 10 10 1 12 10 1 12 10 10 1 12 10 1 12 10 1 12 10 1 12 10 1 12 11 1 1 12 10 1 1 12 10 1 12 10 1 8 1 1 12 10 1 12 10 11 1 1 8 12 10 1 12 10 12 10 12 10 12 9 1 7 1 12 10 1 7 12 11 1 12 9 1 100 12 10 1 7 1 12 10 1 100 1 100 1 12 10 1 1 12 10 1 12 10 1 12 10 1 12 10 1 12 9 1 7 10 1 12 9 1 7 10 1 12 10 1 1 12 10 1 100 12 9 12 9 100 1 12 10 1 12 10 1 8 1 12 9 1 12 11 12 9 1 1 12 10 1 1 12 10 12 9 12 9 10 1 1 12 9 10 12 9 1 1 8 1 100 1 1 12 10 15 1 12 18 1 8 1 16 12 10 15 1 12 18 12 10 15 18 1 1 12 10 1 12 10 12 10 1 12 10 12 10 15 16 1 12 18 1 7 1 12 11 12 10 12 9 1 10 12 9 1 7 1 12 10 1 8 1 12 18 12 9 11 10 1 7 1 12 10 1 1 1 100 10 9 12 9 1 12 10 12 9 12 9 1 12 10 11 1 7 1 12 11 1 12 11 1 12 10 10 11 11 1 1 12 10 1 1 7 10 1 1 12 10 1 12 10 1 7 12 10 11 15 1 12 18 1 12 10 1 12 10 12 10 1 12 10 1 12 10 1 12 10 1 7 1 12 10 12 10 1 12 10 1 12 10 12 10 1 12 10 11 1 12 11 12 9 1 12 10 10 15 1 16 1 12 18 1 1 12 11 1 1 12 11 1 100 10 12 10 1 12 10 1 1 12 9 1 12 10 1 12 11 12 9 1 12 10 1 1 12 10 1 1 12 10 11 1 1 12 10 1 100 10 1 8 1 1 12 10 1 12 10 1 8 18 1 8 18 1 8 18 1 8 1 12 18 1 8 18 1 8 16 12 10 15 16 1 1 12 18 1 100 12 10 12 11 1 12 10 1 8 12 10 15 1 12 18 1 8 10 1 8 1 8 1 12 10 1 8 1 8 12 9 1 8 1 100 1 12 10 1 12 9 1 8 1 12 10 1 12 9 1 8 1 100 12 10 1 12 10 1 100 1 1 12 10 9 1 1 12 10 1 12 10 1 12 10 1 12 10 1 8 10 1 100 12 9 11 1 8 1 8 1 8 10 1 12 10 1 12 10 12 9 1 7 1 12 10 15 1 16 1 12 18 1 12 10 1 1 12 9 10 1 1 12 10 1 12 9 1 12 10 12 10 11 12 10 12 10 9 12 10 12 10 12 10 12 10 1 12 10 1 7 1 12 9 1 1 12 9 1 100 1 1 12 9 1 7 1 1 12 10 1 12 10 12 9 1 100 10 1 12 9 1 7 12 10 1 12 10 1 12 10 1 12 10 12 10 12 10 9 10 12 11 1 100 1 8 1 12 10 12 9 1 12 9 1 12 10 12 10 12 10 1 7 10 1 7 10 1 12 10 10 1 12 10 11 10 10 1 7 1 12 10 12 10 1 12 10 10 12 11 12 9 12 10 15 16 1 12 18 11 12 10 15 18 1 1 12 10 15 1 12 18 1 12 11 1 1 100 10 1 100 1 12 10 12 10 1 100 12 11 12 10 1 1 100 10 1 100 1 100 12 10 1 100 1 1 12 10 1 12 10 10 1 12 10 1 100 1 12 11 1 12 10 1 100 1 7 1 7 1 12 11 1 100 1 12 10 1 100 10 12 10 1 8 1 100 1 1 12 11 1 1 12 10 1 1 12 9 12 9 12 10 10 12 10 1 1 12 10 12 10 12 10 1 1 7 1 12 10 1 1 100 10 10 1 12 10 11 1 12 10 15 18 12 10 15 18 11 1 1 1 1 1 1 1 1 1
staticfield com/android/tools/r8/internal/Y5 q Z 1
ciInstanceKlass com/android/tools/r8/internal/PE 1 1 220 1 8 1 1 7 1 1 7 1 100 1 100 1 1 1 1 1 1 1 1 1 1 1 1 12 10 12 9 1 1 7 1 1 12 10 12 9 1 1 12 9 1 12 9 1 1 12 10 1 100 10 1 1 1 8 1 100 1 1 12 10 15 1 12 18 1 12 10 12 9 1 7 9 9 1 1 12 10 9 1 7 1 1 12 9 1 1 12 10 1 12 10 1 7 1 12 9 12 9 12 9 1 1 12 10 1 1 12 9 1 7 1 1 12 10 1 7 1 12 11 1 1 12 11 1 7 1 12 9 1 7 1 1 12 10 1 12 9 1 12 10 1 12 10 1 100 1 12 10 1 7 1 12 10 1 12 10 1 12 10 12 10 1 1 12 9 1 1 12 10 1 12 10 12 10 1 1 12 10 1 7 11 1 12 10 1 12 10 1 7 10 12 10 1 1 1 1 12 10 1 100 1 12 10 1 1 7 1 12 10 12 10 1 1 1 1 1 1 1
staticfield com/android/tools/r8/internal/PE f Z 1
ciInstanceKlass com/android/tools/r8/internal/xx0 1 1 33 1 8 1 1 7 1 7 1 100 1 1 1 1 1 1 1 12 10 1 7 1 1 12 10 12 9 12 9 1 1 1 1
ciInstanceKlass com/android/tools/r8/internal/xK 1 1 303 1 8 1 1 7 1 7 1 100 1 100 1 1 1 1 1 12 10 1 1 1 7 1 1 12 10 12 9 1 1 1 1 1 1 100 1 12 10 1 1 1 7 1 1 12 9 1 1 1 8 1 1 7 1 12 10 1 7 1 12 9 1 12 10 1 12 10 1 12 10 1 12 10 1 12 10 12 10 1 7 1 7 1 1 12 10 1 12 10 1 100 10 1 12 10 1 100 1 7 1 12 10 1 100 10 1 100 1 12 10 1 1 7 1 1 12 10 12 10 1 1 1 1 100 1 1 12 9 1 100 1 12 10 1 12 9 1 100 1 100 1 100 1 12 9 1 100 1 12 10 1 100 1 100 1 12 10 1 100 1 12 10 1 100 1 12 9 1 100 1 12 10 1 12 9 12 9 1 100 1 12 10 1 12 10 12 9 1 1 100 1 12 10 1 100 1 1 12 9 1 100 1 12 10 1 12 9 1 100 1 1 12 10 1 1 1 12 10 1 100 1 1 12 10 1 100 12 10 1 12 10 1 1 12 10 1 12 10 1 100 1 12 10 1 100 1 12 10 1 12 10 1 12 10 1 12 10 1 100 1 1 12 10 1 12 10 1 100 12 10 1 1 100 1 12 10 1 1 100 9 1 100 1 1 12 10 1 100 1 12 10 1 1 1 100 12 10 1 1 1 1 1
staticfield com/android/tools/r8/internal/xK o Z 1
ciInstanceKlass com/android/tools/r8/graph/p5 1 1 48 1 8 1 1 7 1 7 1 100 1 1 100 1 1 1 1 1 12 10 1 10 12 9 1 1 100 1 12 9 1 1 1 1 100 10 1 1 1 1 1 1 1 1 1 1 1 1
staticfield com/android/tools/r8/graph/p5 b Lcom/android/tools/r8/graph/p5; com/android/tools/r8/graph/p5
ciInstanceKlass com/android/tools/r8/ir/optimize/a 1 1 146 1 8 1 1 7 1 1 7 1 7 1 1 1 1 1 1 1 7 1 12 10 12 10 12 9 1 1 1 1 7 1 12 9 1 7 1 1 12 9 12 10 12 9 1 1 1 1 12 11 1 7 1 12 10 1 7 1 1 12 11 1 100 1 12 10 1 12 10 1 12 10 1 12 11 1 1 1 12 11 1 1 12 11 1 1 7 1 12 10 1 1 12 11 1 7 1 7 1 12 11 1 1 12 11 1 12 10 1 12 10 1 12 11 1 12 11 1 12 11 1 12 11 1 12 11 1 12 11 1 1 12 11 1 1 12 11 1 12 11 1 1 1 1 1 1
staticfield com/android/tools/r8/ir/optimize/a c Lcom/android/tools/r8/ir/optimize/a; com/android/tools/r8/ir/optimize/a
ciInstanceKlass com/android/tools/r8/internal/b6 1 1 145 1 8 1 1 7 1 1 7 1 7 1 1 1 1 1 1 1 12 10 1 7 1 1 12 9 1 7 1 1 12 10 12 9 1 1 100 1 12 10 1 1 1 1 12 11 1 1 12 11 1 12 11 1 12 11 1 1 16 12 10 15 1 16 1 7 1 1 12 10 15 1 1 12 18 1 7 1 12 10 1 7 1 1 12 11 12 9 1 12 10 15 18 1 1 1 12 9 1 7 1 12 10 1 7 1 12 10 1 12 10 1 1 12 10 1 12 9 12 9 1 1 12 9 12 11 1 100 10 1 1 12 11 1 12 11 1 12 11 1 1 1 1 1 1
ciInstanceKlass com/android/tools/r8/internal/iv0 1 1 418 1 8 1 1 7 1 7 1 1 1 1 1 1 1 1 1 1 1 1 1 1 1 1 1 12 10 12 9 12 9 1 7 1 12 10 12 9 12 9 1 7 1 12 10 12 9 12 9 12 9 12 10 1 7 1 1 12 10 1 16 1 12 10 15 16 1 7 1 1 12 10 15 1 1 12 18 1 7 1 1 12 10 12 10 1 1 100 1 1 12 10 1 100 1 12 10 1 100 1 12 10 1 7 1 1 12 10 1 12 10 1 100 1 12 10 1 100 1 12 10 1 12 10 1 100 1 12 10 1 1 7 1 12 10 12 9 1 12 9 1 7 1 12 11 1 100 10 12 10 1 12 10 12 9 1 1 12 11 1 7 1 1 12 10 1 7 1 12 11 1 1 12 11 1 7 12 10 1 12 9 1 7 12 10 1 12 10 1 12 10 1 7 1 12 10 12 9 1 12 9 1 100 1 1 12 10 1 7 1 12 11 1 12 11 1 7 1 1 12 10 1 100 1 100 11 11 1 1 12 10 1 100 1 1 12 10 1 1 12 10 1 12 10 1 12 10 1 12 10 1 1 12 9 1 12 10 1 100 1 12 10 12 9 1 12 10 12 9 1 12 10 1 12 10 1 100 1 12 10 1 100 12 10 12 10 12 10 1 12 9 9 1 100 1 12 9 1 12 11 1 12 10 1 100 10 1 12 10 1 12 10 1 7 1 12 10 15 16 18 11 12 10 1 12 10 1 7 12 10 12 10 1 12 10 1 12 10 1 1 12 10 1 7 11 16 1 12 10 15 1 16 1 1 12 18 1 12 10 1 12 10 1 12 11 1 12 10 1 8 1 12 10 1 8 1 100 1 1 12 10 15 1 12 18 12 10 1 7 1 7 1 12 10 1 12 10 1 100 10 1 12 10 1 12 10 1 12 10 11 1 12 10 1 1 1 1 1
staticfield com/android/tools/r8/internal/iv0 h Z 1
ciInstanceKlass com/android/tools/r8/internal/bz0 1 1 186 1 8 1 1 7 1 1 7 1 1 1 1 1 1 12 9 1 7 1 12 10 1 1 100 1 1 12 10 16 1 100 11 15 1 7 1 1 12 10 15 1 1 12 18 1 7 1 1 12 11 1 1 12 10 15 1 12 18 1 1 12 9 1 7 1 12 11 1 12 10 1 1 12 10 1 12 10 1 7 1 12 11 1 1 16 1 12 10 15 1 16 1 1 12 18 1 12 10 1 100 12 11 1 100 12 10 1 100 1 12 9 1 12 10 1 1 1 12 10 1 12 10 1 1 1 7 10 1 100 1 1 12 10 16 1 12 10 15 1 16 1 12 18 12 10 1 12 10 15 18 1 1 1 1 12 10 12 10 1 12 10 10 1 100 12 11 1 100 12 11 1 100 10 1 7 12 10 12 10 1 1 1 1 1 1
ciInstanceKlass com/android/tools/r8/ir/optimize/r 1 1 94 1 8 1 1 7 1 7 1 1 1 1 1 1 1 1 1 1 1 12 10 1 7 1 12 10 12 9 12 9 12 9 1 1 7 1 1 12 10 12 9 1 1 100 1 1 12 10 1 100 12 10 1 100 1 1 12 10 1 100 1 1 12 10 1 12 10 1 100 1 1 12 11 1 100 1 100 1 1 12 10 1 1 12 11 1 100 1 12 11 1 1 1 1
staticfield com/android/tools/r8/ir/optimize/r d Z 1
ciInstanceKlass com/android/tools/r8/internal/ni 1 1 241 1 8 1 1 100 1 100 1 100 1 1 1 100 1 1 12 11 1 100 1 1 12 9 1 1 100 1 12 11 1 1 1 1 100 1 1 12 11 1 100 1 1 100 1 12 11 1 1 1 1 16 12 11 15 1 16 1 100 1 1 12 10 15 1 12 18 1 1 12 10 1 12 11 1 12 11 1 1 1 12 11 1 12 11 16 12 11 15 1 16 1 12 18 1 12 11 1 12 11 1 1 12 9 1 12 11 1 100 1 1 12 10 16 12 11 15 1 16 1 12 18 1 100 1 12 10 12 11 12 11 15 18 16 12 11 15 1 16 1 12 18 1 12 10 12 11 15 18 12 11 15 18 12 11 15 18 12 11 15 1 16 18 1 12 11 12 11 15 18 12 11 1 12 11 15 1 12 18 12 11 15 18 1 12 11 15 18 12 11 12 11 15 18 12 11 12 11 15 1 16 1 12 18 12 10 12 11 15 18 1 1 12 11 16 12 11 15 1 16 1 12 18 12 11 12 11 15 1 16 1 12 18 12 11 1 1 1 1 1 1
ciInstanceKlass com/android/tools/r8/internal/wB 1 1 57 1 8 1 1 100 1 100 1 100 1 1 1 100 1 1 12 10 1 1 12 10 1 1 1 1 12 10 1 1 1 1 100 1 8 1 1 12 10 1 1 1 8 1 1 1 8 1 1 1 8 1 8 1 1 8 1
ciInstanceKlass com/android/tools/r8/internal/sB 1 1 1558 1 8 1 1 7 1 7 1 100 1 100 1 7 1 7 1 7 1 7 1 100 1 100 1 1 7 1 7 1 1 100 1 7 1 1 1 1 1 1 1 1 1 1 1 1 1 1 1 1 1 1 1 1 1 12 9 1 12 9 1 7 1 1 12 10 1 12 10 1 7 1 1 12 10 1 12 10 1 7 1 12 10 1 1 12 10 1 7 1 12 11 1 1 12 10 1 7 11 1 1 12 10 1 12 10 12 10 1 1 1 1 12 10 1 1 12 10 1 7 1 12 10 1 1 12 10 1 12 9 1 100 1 1 12 10 1 100 1 12 10 1 100 1 12 10 12 9 1 7 12 10 1 1 12 10 1 12 10 1 1 100 1 12 10 1 100 12 9 1 7 1 1 12 10 1 8 1 100 1 1 12 10 15 1 12 18 1 12 10 1 1 1 12 10 1 7 1 12 9 1 7 1 1 12 10 1 1 7 1 12 10 1 7 1 100 1 12 11 1 12 11 1 12 10 1 1 12 10 1 12 9 1 7 1 1 12 10 1 7 1 12 11 1 100 1 12 10 1 1 12 10 1 12 10 1 1 12 10 12 10 1 7 1 7 11 11 1 1 12 10 1 100 1 12 10 1 12 10 1 12 11 1 100 1 12 11 1 12 10 11 1 100 1 12 10 12 10 1 12 10 1 12 11 1 1 12 10 1 16 12 10 15 16 1 7 1 1 12 10 15 1 1 12 18 1 100 1 1 12 11 1 10 12 10 1 12 9 1 12 10 1 1 12 10 1 100 11 12 9 10 1 1 12 10 12 9 1 12 10 12 10 1 12 10 11 1 1 12 11 1 1 12 10 1 1 1 12 10 1 12 10 10 1 7 1 12 10 1 100 1 12 10 1 12 10 10 1 7 1 12 10 1 12 10 12 10 12 10 12 9 1 1 100 1 8 1 12 10 1 12 10 1 1 12 10 1 8 12 10 1 1 1 7 11 1 12 10 1 10 1 12 9 1 12 9 1 12 11 10 12 10 1 7 10 1 7 10 1 12 10 10 1 12 10 12 9 1 12 10 10 12 10 12 9 1 100 1 7 1 12 10 1 7 1 1 12 10 1 12 10 1 1 12 9 1 12 9 1 100 10 1 12 10 12 10 1 1 12 10 1 12 10 1 12 10 12 10 1 100 1 12 10 1 12 9 1 12 10 15 1 16 18 1 12 10 1 100 11 1 100 1 1 12 10 1 100 1 1 12 10 1 12 10 1 100 1 1 12 10 1 100 1 12 9 1 100 1 12 11 1 12 10 1 12 10 16 12 10 15 1 12 18 1 1 15 1 12 18 1 12 10 1 100 1 12 10 12 10 15 18 1 7 10 1 1 1 7 10 1 1 12 10 10 1 1 12 10 1 100 1 12 10 12 10 1 100 1 12 10 12 10 15 18 1 1 12 10 1 12 10 1 7 1 100 12 10 1 100 10 12 10 1 100 12 10 1 12 9 1 100 1 12 10 1 12 10 15 18 1 100 1 12 11 12 9 1 12 9 1 12 10 1 1 100 1 12 10 1 100 12 10 1 12 10 1 1 12 10 1 12 10 1 100 1 100 1 12 10 1 12 10 1 7 12 10 11 12 10 12 10 1 12 10 1 12 10 1 12 10 1 12 10 12 10 1 12 11 12 10 11 16 10 15 16 1 12 18 1 12 10 1 12 9 12 9 12 9 11 1 1 100 1 100 12 10 12 10 10 1 7 10 12 10 12 10 12 10 12 10 10 1 12 10 1 12 10 1 7 1 12 10 1 7 1 12 9 1 12 10 12 10 1 12 10 15 1 16 12 18 1 12 11 3 12 9 12 9 1 1 12 10 1 100 10 10 1 12 10 11 1 100 1 12 10 1 12 10 15 1 12 18 1 7 1 12 10 1 1 12 10 15 1 12 18 1 12 10 1 12 11 1 10 10 1 12 10 11 1 1 12 10 1 100 10 1 100 1 100 1 12 9 1 7 1 12 9 1 12 10 12 10 1 12 11 12 10 1 1 100 12 10 12 10 12 9 1 8 1 12 18 1 12 10 1 12 10 1 8 1 12 18 1 12 10 12 10 12 10 1 12 10 1 100 12 11 9 12 9 1 12 10 12 10 1 1 12 10 1 100 1 100 1 12 9 1 12 10 1 100 10 12 9 12 9 10 1 12 11 12 9 11 1 7 1 7 1 12 9 1 1 12 10 10 1 100 1 12 10 1 7 10 1 16 1 12 10 15 16 1 1 12 18 1 100 1 12 10 15 1 16 1 12 18 1 100 1 1 12 11 12 10 15 18 11 1 12 11 11 12 10 15 18 11 12 10 15 18 1 1 100 12 10 12 10 1 100 1 12 10 1 1 12 10 1 12 10 10 12 10 12 10 1 12 10 15 16 18 1 12 10 1 12 10 1 100 12 11 1 10 12 10 10 1 7 10 1 12 10 10 12 10 1 12 9 10 1 12 9 11 1 12 9 1 100 11 11 1 1 12 11 12 9 11 10 11 1 12 10 1 12 11 12 11 11 100 12 10 11 1 12 10 1 16 1 12 10 15 1 16 1 1 12 18 1 1 12 10 10 15 18 15 18 10 11 1 12 10 1 1 12 10 1 12 10 10 1 8 1 12 18 12 10 10 12 10 12 10 1 12 10 1 12 9 1 12 10 12 10 1 12 10 1 100 12 10 1 12 10 1 8 1 12 18 1 12 10 1 16 12 10 15 1 16 1 12 18 1 100 1 12 10 12 10 12 10 12 10 12 10 1 100 10 10 1 8 1 100 1 8 1 12 10 1 8 1 12 10 1 8 1 12 10 1 8 1 100 1 8 1 100 1 8 1 100 1 8 1 100 1 8 12 10 1 8 1 100 1 8 1 12 10 1 8 1 12 10 1 8 1 100 1 8 1 100 1 8 1 12 10 1 8 1 100 1 8 1 12 10 1 8 1 100 1 8 1 100 1 8 1 100 1 8 1 12 10 1 8 1 100 1 8 1 100 1 8 1 100 1 8 1 100 1 8 12 10 1 8 1 12 10 1 8 1 100 1 8 1 100 1 8 1 100 1 8 1 100 10 1 100 1 12 9 1 100 12 10 12 10 1 100 1 1 12 10 1 12 10 1 12 10 1 100 1 12 10 12 10 15 1 12 18 12 10 15 1 16 18 1 100 1 1 12 10 1 1 12 10 1 1 12 11 1 16 12 10 15 16 1 12 18 1 12 11 12 10 15 18 12 10 15 18 1 1 100 12 10 12 11 1 1 12 10 1 1 10 12 9 12 9 12 9 1 12 10 1 1 1 12 11 11 12 10 15 18 1 12 11 12 10 15 18 12 10 1 100 1 12 10 1 100 1 12 10 1 100 12 10 12 10 1 100 1 12 9 1 100 1 12 10 12 10 1 100 1 100 1 100 1 100 1 100 1 100 1 12 11 1 100 10 12 11 1 1 7 1 12 10 12 10 15 12 18 1 12 10 12 10 1 1 1 1 1 1 1 1 1 1
staticfield com/android/tools/r8/internal/sB k Z 1
ciInstanceKlass com/android/tools/r8/internal/a6 1 1 973 1 8 1 1 7 1 7 1 7 1 100 1 100 1 1 100 1 100 1 1 1 1 1 1 1 1 1 1 1 1 12 9 12 9 1 7 12 9 1 100 1 1 12 10 1 1 12 9 12 9 12 9 1 100 1 8 1 100 1 1 12 10 15 1 12 18 1 12 10 1 100 10 1 1 1 100 10 1 1 12 9 1 7 1 12 10 9 1 9 1 1 1 1 12 9 12 9 1 12 10 1 12 10 1 12 10 10 1 7 1 100 1 100 1 7 1 7 1 12 10 11 1 1 12 11 1 1 12 10 1 12 10 1 100 12 11 1 1 12 11 1 12 10 1 100 1 1 12 11 1 12 10 1 12 10 1 1 12 10 1 7 1 12 11 1 1 12 10 12 10 1 12 10 12 9 1 12 10 1 100 1 12 10 1 12 10 12 10 1 12 10 1 1 1 7 1 12 10 1 12 10 12 10 1 1 12 10 12 9 10 1 7 1 12 9 1 12 10 12 10 1 1 100 1 12 10 1 7 1 12 10 1 100 1 12 10 1 7 1 1 12 10 1 1 12 10 1 1 12 9 1 12 9 1 100 12 9 1 100 10 1 100 9 1 100 1 12 9 1 100 10 1 12 10 1 7 12 9 1 12 10 11 1 1 100 1 12 10 1 12 10 1 12 10 1 12 10 1 1 12 10 1 100 1 1 12 10 1 100 1 12 10 1 100 1 12 9 1 100 1 12 9 1 12 10 1 1 12 10 1 100 12 11 1 1 12 10 1 100 1 12 10 1 12 10 1 12 10 1 1 100 1 100 1 12 10 1 12 10 1 1 12 10 1 12 9 1 12 9 1 12 10 12 10 1 12 10 1 100 1 12 10 1 12 10 1 100 11 1 100 1 100 1 12 9 1 12 10 12 11 1 12 11 1 12 9 1 12 9 1 12 10 1 12 10 1 100 1 12 10 10 1 1 12 10 1 12 10 1 100 1 12 10 1 12 10 1 1 1 100 1 1 12 10 12 10 1 100 1 12 10 1 1 12 10 1 7 1 1 12 11 1 100 12 10 1 12 10 1 12 10 1 7 12 10 1 12 10 1 1 12 11 1 12 10 11 1 7 1 12 9 1 7 10 1 12 9 10 1 100 1 12 9 1 12 10 1 1 12 11 10 1 1 12 10 12 11 11 1 12 10 1 16 1 12 10 15 1 16 1 100 1 1 12 10 15 1 12 18 1 100 1 12 10 1 12 10 1 100 1 12 10 1 12 9 1 7 12 10 1 12 10 1 12 9 1 100 1 1 12 11 1 12 11 12 11 1 1 1 12 11 1 12 10 1 1 1 12 10 1 100 1 12 10 1 100 1 12 9 1 100 12 9 1 12 10 1 100 1 12 10 1 12 10 9 1 100 1 100 12 9 1 100 11 1 12 10 12 10 1 12 10 1 12 9 1 100 12 10 1 100 9 1 100 1 12 9 1 12 10 10 1 12 10 1 1 12 10 1 12 10 1 12 10 1 12 10 1 100 12 10 1 12 10 1 12 10 1 1 12 10 1 12 10 1 1 12 11 1 12 10 1 100 1 12 10 12 10 1 100 10 11 1 100 12 10 12 9 10 10 12 10 1 12 10 1 100 1 12 10 12 10 1 12 11 1 12 10 12 9 12 10 1 12 10 1 12 10 1 1 12 10 16 1 12 10 15 1 16 1 1 12 18 1 100 1 1 12 11 1 100 1 12 10 1 12 10 12 10 11 1 12 10 1 12 10 1 1 12 10 1 100 1 12 10 12 9 1 100 1 100 1 12 10 1 100 1 12 10 1 12 10 1 12 10 12 11 1 100 12 10 1 12 10 12 10 10 10 12 10 1 12 9 1 100 1 12 9 12 9 1 100 10 1 12 10 10 1 12 10 10 1 12 10 15 1 16 1 12 18 1 100 12 11 12 11 9 12 9 1 1 1 12 10 1 12 10 10 1 12 10 1 1 12 10 1 12 10 1 12 10 10 10 1 12 10 1 100 10 1 12 10 12 10 1 12 9 1 12 10 1 100 10 1 1 7 1 12 10 15 18 1 100 1 12 11 15 1 12 18 11 1 100 1 12 10 16 12 10 15 1 16 1 12 18 1 100 1 12 10 15 18 12 10 11 10 12 9 1 12 10 1 12 9 1 12 10 1 12 10 1 100 9 1 100 10 1 1 1 1 1 1
staticfield com/android/tools/r8/internal/a6 g Z 1
ciInstanceKlass com/android/tools/r8/internal/Ce 1 1 30 1 8 1 1 7 1 7 1 100 1 1 1 1 1 12 10 12 9 1 1 1 7 1 12 10 1 1 1 1
ciInstanceKlass  @bci com/android/tools/r8/internal/iv0 a (Ljava/lang/Iterable;I)V 35 <appendix> member <vmtarget> ; 1 1 28 1 7 1 7 1 100 1 1 1 1 1 12 10 12 9 1 1 1 7 1 7 1 1 12 10 1 1
ciInstanceKlass com/android/tools/r8/internal/C30 1 0 11 1 8 1 1 100 1 100 1 100 1
ciInstanceKlass  @bci com/android/tools/r8/internal/US f ()V 7 <appendix> argL0 ; 1 1 20 1 7 1 7 1 100 1 1 12 10 1 1 1 7 1 12 10 1 1
ciInstanceKlass  @bci com/android/tools/r8/internal/Y5 b ()V 9 <appendix> argL0 ; 1 1 21 1 7 1 7 1 100 1 1 12 10 1 1 1 7 1 1 12 10 1 1
ciInstanceKlass com/android/tools/r8/internal/U30 1 1 174 1 8 1 1 7 1 7 1 100 1 1 1 1 1 1 1 1 1 1 1 1 1 1 1 1 1 1 1 12 9 1 7 1 100 1 12 9 1 7 1 1 12 11 12 9 3 12 9 3 12 9 1 1 12 9 12 9 1 1 12 10 9 9 12 9 12 9 100 1 12 10 3 12 10 3 12 10 1 1 12 10 12 10 1 12 10 12 10 12 9 1 1 1 12 10 12 10 100 1 1 1 100 1 12 10 1 100 12 10 1 12 10 1 1 12 9 12 9 12 9 1 12 10 1 1 1 1 1 1 1 100 12 10 1 1 1 100 10 1 100 10 1 1 1 1 100 1 12 10 1 1 1 1 100 10 1 1 1 12 10 10 12 10 1 100 1 100 10 10 1 1 1 1
ciInstanceKlass com/android/tools/r8/internal/G30 1 1 93 1 8 1 1 7 1 7 1 100 1 100 1 1 1 1 1 1 1 1 1 1 12 10 12 9 12 9 1 3 12 9 1 3 3 1 3 1 1 12 9 12 9 1 1 1 1 1 12 10 1 100 1 100 10 1 1 1 100 1 12 11 12 10 1 12 11 1 1 12 10 1 1 1 100 10 1 1 12 10 1 8 1 12 10 12 10 12 10 1 1 1 1
ciMethodData java/lang/Object <init> ()V 2 23302679 orig 80 0 0 0 0 0 0 0 0 0 0 0 0 0 0 0 0 0 0 0 0 0 0 0 0 0 0 0 0 0 0 0 0 0 0 0 0 0 0 0 0 0 0 0 0 0 0 0 0 0 0 0 0 0 0 0 0 0 0 0 0 0 0 0 0 0 0 0 0 0 0 0 0 0 0 0 0 0 0 0 0 data 4 0x0 0x9 0x1 0x0 oops 0 methods 0
ciMethodData java/util/Objects requireNonNull (Ljava/lang/Object;)Ljava/lang/Object; 2 2213296 orig 80 0 0 0 0 0 0 0 0 0 0 0 0 0 0 0 0 0 0 0 0 0 0 0 0 0 0 0 0 0 0 0 0 0 0 0 0 0 0 0 0 0 0 0 0 0 0 0 0 0 0 0 0 0 0 0 0 0 0 0 0 0 0 0 0 0 0 0 0 0 0 0 0 0 0 0 0 0 0 0 0 data 15 0x10007 0x21d16e 0x30 0x0 0x80002 0x0 0x0 0x0 0x0 0x0 0x0 0x0 0x9 0x1 0x0 oops 0 methods 0
ciMethodData java/util/AbstractCollection <init> ()V 2 4971487 orig 80 0 0 0 0 0 0 0 0 0 0 0 0 0 0 0 0 0 0 0 0 0 0 0 0 0 0 0 0 0 0 0 0 0 0 0 0 0 0 0 0 0 0 0 0 0 0 0 0 0 0 0 0 0 0 0 0 0 0 0 0 0 0 0 0 0 0 0 0 0 0 0 0 0 0 0 0 0 0 0 0 data 7 0x10002 0x4d0748 0x0 0x0 0x9 0x1 0x0 oops 0 methods 0
ciMethodData java/util/concurrent/ConcurrentHashMap tabAt ([Ljava/util/concurrent/ConcurrentHashMap$Node;I)Ljava/util/concurrent/ConcurrentHashMap$Node; 2 5139 orig 80 0 0 0 0 0 0 0 0 0 0 0 0 0 0 0 0 0 0 0 0 0 0 0 0 0 0 0 0 0 0 0 0 0 0 0 0 0 0 0 0 0 0 0 0 0 0 0 0 0 0 0 0 0 0 0 0 0 0 0 0 0 0 0 0 0 0 0 0 0 0 0 0 0 0 0 0 0 0 0 0 data 27 0xf000b 0x1414 0x0 0x0 0x0 0x0 0x0 0x2 0x1 0x1ec8ce3f1a0 0x120104 0x0 0x0 0x1ec8ce3f0f0 0x805 0x1ec8ce412e8 0x4e0 0x0 0x0 0x0 0x0 0x0 0x0 0x9 0x2 0x0 0x0 oops 3 9 [Ljava/util/concurrent/ConcurrentHashMap$Node; 13 java/util/concurrent/ConcurrentHashMap$Node 15 java/util/concurrent/ConcurrentHashMap$ForwardingNode methods 0
ciMethodData java/util/concurrent/ConcurrentHashMap spread (I)I 2 375123 orig 80 0 0 0 0 0 0 0 0 0 0 0 0 0 0 0 0 0 0 0 0 0 0 0 0 0 0 0 0 0 0 0 0 0 0 0 0 0 0 0 0 0 0 0 0 0 0 0 0 0 0 0 0 0 0 0 0 0 0 0 0 0 0 0 0 0 0 0 0 0 0 0 0 0 0 0 0 0 0 0 0 data 5 0x0 0x0 0x9 0x1 0x0 oops 0 methods 0
ciMethodData java/util/AbstractMap <init> ()V 2 2456985 orig 80 0 0 0 0 0 0 0 0 0 0 0 0 0 0 0 0 0 0 0 0 0 0 0 0 0 0 0 0 0 0 0 0 0 0 0 0 0 0 0 0 0 0 0 0 0 0 0 0 0 0 0 0 0 0 0 0 0 0 0 0 0 0 0 0 0 0 0 0 0 0 0 0 0 0 0 0 0 0 0 0 data 7 0x10002 0x258ab7 0x0 0x0 0x9 0x1 0x0 oops 0 methods 0
ciMethodData java/util/concurrent/ConcurrentHashMap get (Ljava/lang/Object;)Ljava/lang/Object; 2 115121 orig 80 2 0 0 0 0 0 0 0 0 0 0 0 236 1 0 0 0 0 0 0 0 0 0 0 0 0 0 0 0 0 0 0 0 0 0 0 0 0 0 6 0 0 0 0 0 0 0 0 0 0 0 0 0 0 0 0 0 0 0 0 0 0 0 0 0 0 0 0 0 0 0 0 0 0 0 0 0 0 0 0 data 101 0x10005 0x1916d 0x0 0x1ec462531a8 0x16e5 0x1ec8ce41238 0x19b7 0x40002 0x1c1f2 0xf0007 0xb4f3 0x290 0x10e9c 0x170007 0x0 0x270 0x10e85 0x220002 0x10e87 0x270007 0x26a8 0x240 0xe816 0x330007 0x6a9f 0xb8 0x7e02 0x3e0007 0x694f 0x98 0x14b8 0x430007 0x0 0x108 0x14b9 0x490005 0x871 0x0 0x1ec8ce41238 0xb93 0x1ec462557f8 0xb6 0x80000006004c0007 0x5 0xb0 0x14ba 0x8000000600560007 0x6a93 0x90 0x7 0x5d0005 0x0 0x0 0x1ec8ce412e8 0x4 0x1ec8ce41398 0x3 0x630007 0x4 0x38 0x3 0x6b0003 0x3 0x18 0x760007 0x30b1 0xd8 0x5e73 0x7f0007 0x2479 0xffffffffffffffe0 0x3a1e 0x8a0007 0x3300 0x98 0x71e 0x8f0007 0x0 0xffffffffffffffa0 0x71e 0x950005 0x274 0x0 0x1ec462531a8 0x258 0x1ec8ce41448 0x252 0x980007 0x0 0xffffffffffffff48 0x71e 0x0 0x0 0x0 0x0 0x0 0x0 0x9 0x2 0x0 0x0 oops 8 3 java/lang/String 5 jdk/internal/util/StrongReferenceKey 38 jdk/internal/util/StrongReferenceKey 40 java/lang/invoke/MemberName 53 java/util/concurrent/ConcurrentHashMap$ForwardingNode 55 java/util/concurrent/ConcurrentHashMap$ReservationNode 83 java/lang/String 85 java/security/Provider$ServiceKey methods 0
ciMethodData java/lang/invoke/Invokers$Holder linkToTargetMethod (Ljava/lang/Object;)Ljava/lang/Object; 2 3247073 orig 80 0 0 0 0 0 0 0 0 0 0 0 0 0 0 0 0 0 0 0 0 0 0 0 0 0 0 0 0 0 0 0 0 0 0 0 0 0 0 0 0 0 0 0 0 0 0 0 0 0 0 0 0 0 0 0 0 0 0 0 0 0 0 0 0 0 0 0 0 0 0 0 0 0 0 0 0 0 0 0 0 data 29 0x10004 0x0 0x0 0x1ec8c130028 0x1ff8 0x0 0x0 0x4000b 0x31ea72 0x0 0x0 0x0 0x0 0x0 0x1 0x2 0x0 0x0 0x0 0x0 0x0 0x0 0x9 0x1 0x0 0xc 0x2 0x0 0x1ec8c130028 oops 2 3 java/lang/invoke/BoundMethodHandle$Species_L 28 java/lang/invoke/BoundMethodHandle$Species_L methods 0
ciMethodData java/util/AbstractSet <init> ()V 2 832143 orig 80 0 0 0 0 0 0 0 0 0 0 0 0 236 1 0 0 0 0 0 0 0 0 0 0 0 0 0 0 0 0 0 0 0 0 0 0 0 0 0 0 0 0 0 0 0 0 0 0 0 0 0 0 0 0 0 0 0 0 0 0 0 0 0 0 0 0 0 0 0 0 0 0 0 0 0 0 0 0 0 0 data 7 0x10002 0xcca7c 0x0 0x0 0x9 0x1 0x0 oops 0 methods 0
ciMethodData java/lang/invoke/DirectMethodHandle allocateInstance (Ljava/lang/Object;)Ljava/lang/Object; 2 4637629 orig 80 0 0 0 0 0 0 0 0 0 0 0 0 236 1 0 0 0 0 0 0 0 0 0 0 0 0 0 0 0 0 0 0 0 0 0 0 0 0 0 0 0 0 0 0 0 0 0 0 0 0 0 0 0 0 0 0 0 0 0 0 0 0 0 0 0 0 0 0 0 0 0 0 0 0 0 0 0 0 0 0 data 23 0x10004 0x0 0x0 0x1ec46e01390 0x426d 0x0 0x0 0xc0005 0x4866a8 0x0 0x0 0x0 0x0 0x0 0x0 0x0 0x0 0x0 0x0 0x0 0x9 0x1 0x0 oops 1 3 java/lang/invoke/DirectMethodHandle$Constructor methods 0
ciMethodData java/lang/invoke/DirectMethodHandle constructorMethod (Ljava/lang/Object;)Ljava/lang/Object; 2 4734866 orig 80 0 0 0 0 0 0 0 0 0 0 0 0 236 1 0 0 0 0 0 0 0 0 0 0 0 0 0 0 0 0 0 0 0 0 0 0 0 0 0 0 0 0 0 0 0 0 0 0 0 0 0 0 0 0 0 0 0 0 0 0 0 0 0 0 0 0 0 0 0 0 0 0 0 0 0 0 0 0 0 0 data 16 0x10004 0x0 0x0 0x1ec46e01390 0x426a 0x0 0x0 0x0 0x0 0x0 0x0 0x0 0x0 0x9 0x1 0x0 oops 1 3 java/lang/invoke/DirectMethodHandle$Constructor methods 0
ciMethodData java/lang/invoke/Invokers$Holder linkToTargetMethod (Ljava/lang/Object;Ljava/lang/Object;)Ljava/lang/Object; 2 2748045 orig 80 0 0 0 0 0 0 0 0 0 0 0 0 0 0 0 0 0 0 0 0 0 0 0 0 0 0 0 0 0 0 0 0 0 0 0 0 0 0 0 0 0 0 0 0 0 0 0 0 0 0 0 0 0 0 0 0 0 0 0 0 0 0 0 0 0 0 0 0 0 0 0 0 0 0 0 0 0 0 0 0 data 34 0x10004 0x0 0x0 0x1ec8fa481f8 0x332 0x1ec46e01390 0x330 0x5000b 0x2a3ded 0x0 0x0 0x0 0x0 0x0 0x3 0x1 0x2 0x2 0x0 0x0 0x0 0x0 0x0 0x0 0x9 0x2 0x0 0x0 0xc 0x4 0x0 0x2 0x1 0x2 oops 2 3 java/lang/invoke/BoundMethodHandle$Species_LLLLL 5 java/lang/invoke/DirectMethodHandle$Constructor methods 0
ciMethod java/util/NoSuchElementException <init> ()V 0 0 1 0 -1
ciMethodData java/util/Arrays hashCode ([Ljava/lang/Object;)I 2 14338 orig 80 1 0 0 0 0 0 0 0 0 0 0 0 236 1 0 0 0 0 0 0 0 0 0 0 0 0 0 0 0 0 0 0 0 0 0 0 0 0 0 2 0 0 0 0 0 0 0 0 0 0 0 0 0 0 0 0 0 0 0 0 0 0 0 0 0 0 0 0 0 0 0 0 0 0 0 0 0 0 0 0 data 34 0x10007 0x3803 0x20 0x0 0x130007 0x37fd 0xa8 0x7ff7 0x8000000600220007 0x7610 0x38 0x9f1 0x260003 0x9f1 0x50 0x2b0005 0x4b6c 0x0 0x1ec8de18bb0 0x282b 0x1ec46253238 0x296 0x330003 0x7ff9 0xffffffffffffff70 0x0 0x0 0x0 0x0 0x0 0x0 0x9 0x1 0x0 oops 2 18 com/android/tools/r8/graph/M2 20 java/lang/Class methods 0
ciMethod java/util/ConcurrentModificationException <init> ()V 0 0 1 0 -1
ciMethod java/util/concurrent/atomic/AtomicReference get ()Ljava/lang/Object; 328 0 164 0 -1
ciMethodData java/lang/invoke/DirectMethodHandle$Holder newInvokeSpecial (Ljava/lang/Object;Ljava/lang/Object;)Ljava/lang/Object; 2 2685051 orig 80 0 0 0 0 0 0 0 0 0 0 0 0 236 1 0 0 0 0 0 0 0 0 0 0 0 0 0 0 0 0 0 0 0 0 0 0 0 0 0 0 0 0 0 0 0 0 0 0 0 0 0 0 0 0 0 0 0 0 0 0 0 0 0 0 0 0 0 0 0 0 0 0 0 0 0 0 0 0 0 0 data 42 0x1000a 0x2909b2 0x3 0x0 0x1ec46e01390 0x2 0x6000a 0x2979c1 0x3 0x0 0x1ec46e01390 0x1ec462557f8 0xd0004 0x0 0x0 0x1ec462557f8 0x4d 0x0 0x0 0x10000a 0x296d47 0x4 0x0 0x2 0x1 0x2 0x0 0x0 0x0 0x0 0x0 0x0 0x9 0x2 0x0 0x0 0xc 0x4 0x0 0x1ec46e01390 0x1 0x2 oops 5 4 java/lang/invoke/DirectMethodHandle$Constructor 10 java/lang/invoke/DirectMethodHandle$Constructor 11 java/lang/invoke/MemberName 15 java/lang/invoke/MemberName 39 java/lang/invoke/DirectMethodHandle$Constructor methods 0
ciMethodData java/util/IdentityHashMap <init> ()V 2 1710345 orig 80 0 0 0 0 0 0 0 0 0 0 0 0 236 1 0 0 0 0 0 0 0 0 0 0 0 0 0 0 0 0 0 0 0 0 0 0 0 0 0 0 0 0 0 0 0 0 0 0 0 0 0 0 0 0 0 0 0 0 0 0 0 0 0 0 0 0 0 0 0 0 0 0 0 0 0 0 0 0 0 0 data 18 0x10002 0x1a5da2 0x70005 0x1a520e 0x0 0x0 0x0 0x0 0x0 0x0 0x0 0x0 0x0 0x0 0x0 0x9 0x1 0x0 oops 0 methods 0
ciMethodData java/util/IdentityHashMap init (I)V 2 1724366 orig 80 0 0 0 0 0 0 0 0 0 0 0 0 236 1 0 0 0 0 0 0 0 0 0 0 0 0 0 0 0 0 0 0 0 0 0 0 0 0 0 0 0 0 0 0 0 0 0 0 0 0 0 0 0 0 0 0 0 0 0 0 0 0 0 0 0 0 0 0 0 0 0 0 0 0 0 0 0 0 0 0 data 8 0x0 0x0 0x0 0x0 0x9 0x2 0x0 0x0 oops 0 methods 0
ciMethodData java/util/Collections newSetFromMap (Ljava/util/Map;)Ljava/util/Set; 2 192347 orig 80 0 0 0 0 0 0 0 0 0 0 0 0 236 1 0 0 0 0 0 0 0 0 0 0 0 0 0 0 0 0 0 0 0 0 0 0 0 0 0 0 0 0 0 0 0 0 0 0 0 0 0 0 0 0 0 0 0 0 0 0 0 0 0 0 0 0 0 0 0 0 0 0 0 0 0 0 0 0 0 0 data 24 0x10005 0x0 0x0 0x1ec8d06c050 0x2eff2 0x0 0x0 0x60007 0x2f028 0x30 0x0 0x100002 0x0 0x190002 0x2f053 0x0 0x0 0x0 0x0 0x0 0x0 0x9 0x1 0x0 oops 1 3 java/util/IdentityHashMap methods 0
ciMethodData java/util/Objects hash ([Ljava/lang/Object;)I 2 129161 orig 80 1 0 0 0 0 0 0 0 0 0 0 0 0 0 0 0 0 0 0 0 0 0 0 0 0 0 0 0 0 0 0 0 0 0 0 0 0 0 0 0 0 0 0 0 0 0 0 0 0 0 0 0 0 0 0 0 0 0 0 0 0 0 0 0 0 0 0 0 0 0 0 0 0 0 0 0 0 0 0 0 data 11 0x10002 0x1f8eb 0x0 0x0 0x0 0x0 0x0 0x0 0x9 0x1 0x0 oops 0 methods 0
ciMethodData java/util/Collections$SetFromMap <init> (Ljava/util/Map;)V 2 192081 orig 80 0 0 0 0 0 0 0 0 0 0 0 0 0 0 0 0 0 0 0 0 0 0 0 0 0 0 0 0 0 0 0 0 0 0 0 0 0 0 0 0 0 0 0 0 0 0 0 0 0 0 0 0 0 0 0 0 0 0 0 0 0 0 0 0 0 0 0 0 0 0 0 0 0 0 0 0 0 0 0 0 data 19 0x10002 0x2eec9 0xb0005 0x0 0x0 0x1ec8d06c050 0x2ee53 0x0 0x0 0x0 0x0 0x0 0x0 0x0 0x0 0x9 0x2 0x6 0x0 oops 1 5 java/util/IdentityHashMap methods 0
ciMethodData java/util/IdentityHashMap keySet ()Ljava/util/Set; 2 125576 orig 80 0 0 0 0 0 0 0 0 0 0 0 0 0 0 0 0 0 0 0 0 0 0 0 0 0 0 0 0 0 0 0 0 0 0 0 0 0 0 0 0 0 0 0 0 0 0 0 0 0 0 0 0 0 0 0 0 0 0 0 0 0 0 0 0 0 0 0 0 0 0 0 0 0 0 0 0 0 0 0 0 data 15 0x60007 0x0 0x30 0x1eaa3 0xe0002 0x1eabf 0x0 0x0 0x0 0x0 0x0 0x0 0x9 0x1 0x0 oops 0 methods 0
ciMethodData java/util/IdentityHashMap$KeySet <init> (Ljava/util/IdentityHashMap;)V 2 125559 orig 80 0 0 0 0 0 0 0 0 0 0 0 0 0 0 0 0 0 0 0 0 0 0 0 0 0 0 0 0 0 0 0 0 0 0 0 0 0 0 0 0 0 0 0 0 0 0 0 0 0 0 0 0 0 0 0 0 0 0 0 0 0 0 0 0 0 0 0 0 0 0 0 0 0 0 0 0 0 0 0 0 data 10 0x60002 0x1ea69 0x0 0x0 0x0 0x0 0x9 0x2 0x6 0x0 oops 0 methods 0
ciMethodData java/util/IdentityHashMap isEmpty ()Z 2 211500 orig 80 1 0 0 0 0 0 0 0 0 0 0 0 0 0 0 0 0 0 0 0 0 0 0 0 0 0 0 0 0 0 0 0 0 0 0 0 0 0 0 1 0 0 0 0 0 0 0 0 0 0 0 0 0 0 0 0 0 0 0 0 0 0 0 0 0 0 0 0 0 0 0 0 0 0 0 0 0 0 0 0 data 13 0x8000000600040007 0x35c9 0x38 0x304ac 0x80003 0x304c2 0x18 0x0 0x0 0x0 0x9 0x1 0x0 oops 0 methods 0
ciMethod java/util/LinkedList isPositionIndex (I)Z 760 0 431070 0 0
ciMethod java/util/LinkedList checkPositionIndex (I)V 874312 0 823649 0 0
ciMethod java/util/LinkedList node (I)Ljava/util/LinkedList$Node; 4276 0 71161 0 432
ciMethod java/util/LinkedList listIterator (I)Ljava/util/ListIterator; 5094 0 708346 0 608
ciMethodData java/util/ArrayDeque <init> ()V 2 400732 orig 80 0 0 0 0 0 0 0 0 0 0 0 0 236 1 0 0 0 0 0 0 0 0 0 0 0 0 0 0 0 0 0 0 0 0 0 0 0 0 0 0 0 0 0 0 0 0 0 0 0 0 0 0 0 0 0 0 0 0 0 0 0 0 0 0 0 0 0 0 0 0 0 0 0 0 0 0 0 0 0 0 data 9 0x10002 0x61ea5 0x0 0x0 0x0 0x0 0x9 0x1 0x0 oops 0 methods 0
ciMethodData java/util/Collections$SetFromMap isEmpty ()Z 1 541 orig 80 0 0 0 0 0 0 0 0 0 0 0 0 236 1 0 0 0 0 0 0 0 0 0 0 0 0 0 0 0 0 0 0 0 0 0 0 0 0 0 0 0 0 0 0 0 0 0 0 0 0 0 0 0 0 0 0 0 0 0 0 0 0 0 0 0 0 0 0 0 0 0 0 0 0 0 0 0 0 0 0 data 16 0x40005 0x0 0x0 0x1ec8d06c050 0x21e 0x0 0x0 0x0 0x0 0x0 0x0 0x0 0x0 0x9 0x1 0x0 oops 1 3 java/util/IdentityHashMap methods 0
ciMethodData java/util/concurrent/ConcurrentHashMap$ForwardingNode find (ILjava/lang/Object;)Ljava/util/concurrent/ConcurrentHashMap$Node; 1 2 orig 80 0 0 0 0 0 0 0 0 0 0 0 0 236 1 0 0 0 0 0 0 0 0 0 0 0 0 0 0 0 0 0 0 0 0 0 0 0 0 0 0 0 0 0 0 0 0 0 0 0 0 0 0 0 0 0 0 0 0 0 0 0 0 0 0 0 0 0 0 0 0 0 0 0 0 0 0 0 0 0 0 data 91 0x60007 0x0 0x90 0x2 0xa0007 0x0 0x70 0x2 0x120007 0x0 0x50 0x2 0x1c0002 0x2 0x220007 0x2 0x20 0x0 0x300007 0x0 0xb8 0x2 0x3c0007 0x2 0x98 0x0 0x410007 0x0 0x78 0x0 0x470005 0x0 0x0 0x0 0x0 0x0 0x0 0x4a0007 0x0 0x20 0x0 0x520007 0x0 0x100 0x0 0x570004 0x0 0x0 0x0 0x0 0x0 0x0 0x5a0007 0x0 0x70 0x0 0x5f0004 0x0 0x0 0x0 0x0 0x0 0x0 0x660003 0x0 0xfffffffffffffe08 0x6d0005 0x0 0x0 0x0 0x0 0x0 0x0 0x790007 0x0 0x20 0x0 0x7e0003 0x0 0xfffffffffffffe28 0x0 0x0 0x0 0x0 0x0 0x0 0x9 0x3 0x0 0x0 0xffffffffffffffff oops 0 methods 0
ciMethod java/util/LinkedList$ListItr <init> (Ljava/util/LinkedList;I)V 4328 0 39377 0 824
ciMethod java/util/LinkedList$ListItr hasNext ()Z 5564 0 1105285 0 120
ciMethod java/util/LinkedList$ListItr next ()Ljava/lang/Object; 4096 0 53439 0 640
ciMethod java/util/LinkedList$ListItr checkForComodification ()V 5026 0 169515 0 120
ciMethodData java/util/LinkedList$ListItr hasNext ()Z 2 1102511 orig 80 0 0 0 0 0 0 0 0 0 0 0 0 236 1 0 0 0 0 0 0 0 0 0 0 0 0 0 0 0 0 0 0 0 0 0 0 0 0 0 0 0 0 0 0 0 0 0 0 0 0 0 0 0 0 0 0 0 0 0 0 0 0 0 0 0 0 0 0 0 0 0 0 0 0 0 0 0 0 0 0 data 14 0xb0007 0x2f0d7 0x38 0xdf36e 0xf0003 0xdf482 0x18 0x0 0x0 0x0 0x0 0x9 0x1 0x0 oops 0 methods 0
ciMethodData java/util/AbstractList listIterator ()Ljava/util/ListIterator; 2 705680 orig 80 0 0 0 0 0 0 0 0 0 0 0 0 236 1 0 0 0 0 0 0 0 0 0 0 0 0 0 0 0 0 0 0 0 0 0 0 0 0 0 0 0 0 0 0 0 0 0 0 0 0 0 0 0 0 0 0 0 0 0 0 0 0 0 0 0 0 0 0 0 0 0 0 0 0 0 0 0 0 0 0 data 16 0x20005 0x0 0x0 0x1ec8dc8cc10 0xac5ca 0x0 0x0 0x0 0x0 0x0 0x0 0x0 0x0 0x9 0x1 0x0 oops 1 3 java/util/LinkedList methods 0
ciMethodData java/util/LinkedList listIterator (I)Ljava/util/ListIterator; 2 705801 orig 80 0 0 0 0 0 0 0 0 0 0 0 0 236 1 0 0 0 0 0 0 0 0 0 0 0 0 0 0 0 0 0 0 0 0 0 0 0 0 0 0 0 0 0 0 0 0 0 0 0 0 0 0 0 0 0 0 0 0 0 0 0 0 0 0 0 0 0 0 0 0 0 0 0 0 0 0 0 0 0 0 data 19 0x20005 0xac568 0x0 0x0 0x0 0x0 0x0 0xb0002 0xac0c2 0x0 0x0 0x0 0x0 0x0 0x0 0x9 0x2 0x0 0x0 oops 0 methods 0
ciMethodData java/util/LinkedList checkPositionIndex (I)V 2 430817 orig 80 0 0 0 0 0 0 0 0 0 0 0 0 236 1 0 0 0 0 0 0 0 0 0 0 0 0 0 0 0 0 0 0 0 0 0 0 0 0 0 0 0 0 0 0 0 0 0 0 0 0 0 0 0 0 0 0 0 0 0 0 0 0 0 0 0 0 0 0 0 0 0 0 0 0 0 0 0 0 0 0 data 30 0x20005 0x69346 0x0 0x0 0x0 0x0 0x0 0x50007 0x692c7 0x68 0x0 0xe0005 0x0 0x0 0x0 0x0 0x0 0x0 0x110002 0x0 0x0 0x0 0x0 0x0 0x0 0x0 0x9 0x2 0x0 0x0 oops 0 methods 0
ciMethodData java/util/LinkedList isPositionIndex (I)Z 2 430690 orig 80 0 0 0 0 0 0 0 0 0 0 0 0 236 1 0 0 0 0 0 0 0 0 0 0 0 0 0 0 0 0 0 0 0 0 0 0 0 0 0 0 0 0 0 0 0 0 0 0 0 0 0 0 0 0 0 0 0 0 0 0 0 0 0 0 0 0 0 0 0 0 0 0 0 0 0 0 0 0 0 0 data 18 0x10007 0x0 0x58 0x69318 0x90007 0x0 0x38 0x683ee 0xd0003 0x6930d 0x18 0x0 0x0 0x0 0x9 0x2 0x0 0x0 oops 0 methods 0
ciMethodData java/util/LinkedList$ListItr <init> (Ljava/util/LinkedList;I)V 2 37213 orig 80 0 0 0 0 0 0 0 0 0 0 0 0 236 1 0 0 0 0 0 0 0 0 0 0 0 0 0 0 0 0 0 0 0 0 0 0 0 0 0 0 0 0 0 0 0 0 0 0 0 0 0 0 0 0 0 0 0 0 0 0 0 0 0 0 0 0 0 0 0 0 0 0 0 0 0 0 0 0 0 0 data 27 0x60002 0x915a 0x1a0007 0x856e 0x38 0xbf3 0x1e0003 0xbf3 0x50 0x230005 0x0 0x0 0x1ec8dc8cc10 0x8569 0x0 0x0 0x0 0x0 0x0 0x0 0x0 0x0 0x9 0x3 0x1e 0x0 0x0 oops 1 12 java/util/LinkedList methods 0
ciMethodData java/util/LinkedList$ListItr checkForComodification ()V 2 167002 orig 80 0 0 0 0 0 0 0 0 0 0 0 0 236 1 0 0 0 0 0 0 0 0 0 0 0 0 0 0 0 0 0 0 0 0 0 0 0 0 0 0 0 0 0 0 0 0 0 0 0 0 0 0 0 0 0 0 0 0 0 0 0 0 0 0 0 0 0 0 0 0 0 0 0 0 0 0 0 0 0 0 data 13 0xb0007 0x28c5e 0x30 0x0 0x120002 0x0 0x0 0x0 0x0 0x0 0x9 0x1 0x0 oops 0 methods 0
ciMethodData java/util/LinkedList$ListItr next ()Ljava/lang/Object; 2 51391 orig 80 0 0 0 0 0 0 0 0 0 0 0 0 236 1 0 0 0 0 0 0 0 0 0 0 0 0 0 0 0 0 0 0 0 0 0 0 0 0 0 0 0 0 0 0 0 0 0 0 0 0 0 0 0 0 0 0 0 0 0 0 0 0 0 0 0 0 0 0 0 0 0 0 0 0 0 0 0 0 0 0 data 29 0x10005 0xc902 0x0 0x0 0x0 0x0 0x0 0x50005 0x0 0x0 0x1ec8dc8ee80 0xc8ea 0x0 0x0 0x80007 0xc8bc 0x30 0x0 0xf0002 0x0 0x0 0x0 0x0 0x0 0x0 0x0 0x9 0x1 0x0 oops 1 10 java/util/LinkedList$ListItr methods 0
ciMethodData java/util/LinkedList node (I)Ljava/util/LinkedList$Node; 2 69023 orig 80 0 0 0 0 0 0 0 0 0 0 0 0 236 1 0 0 0 0 0 0 0 0 0 0 0 0 0 0 0 0 0 0 0 0 0 0 0 0 0 0 0 0 0 0 0 0 0 0 0 0 0 0 0 0 0 0 0 0 0 0 0 0 0 0 0 0 0 0 0 0 0 0 0 0 0 0 0 0 0 0 data 26 0x70007 0x9ccd 0x58 0x7127 0x130007 0x7125 0x38 0x1d90b 0x1e0003 0x1d949 0xffffffffffffffe0 0x310007 0x9ccd 0x38 0x1d446 0x3c0003 0x1d446 0xffffffffffffffe0 0x0 0x0 0x0 0x0 0x9 0x2 0x0 0x0 oops 0 methods 0
ciMethodData java/util/Collections$SetFromMap contains (Ljava/lang/Object;)Z 1 0 orig 80 0 0 0 0 0 0 0 0 0 0 0 0 236 1 0 0 0 0 0 0 0 0 0 0 0 0 0 0 0 0 0 0 0 0 0 0 0 0 0 0 0 0 0 0 0 0 0 0 0 0 0 0 0 0 0 0 0 0 0 0 0 0 0 0 0 0 0 0 0 0 0 0 0 0 0 0 0 0 0 0 data 17 0x50005 0x0 0x0 0x0 0x0 0x0 0x0 0x0 0x0 0x0 0x0 0x0 0x0 0x9 0x2 0x0 0xffffffffffffffff oops 0 methods 0
ciMethodData java/util/IdentityHashMap$IdentityHashMapIterator hasNext ()Z 2 3466 orig 80 0 0 0 0 0 0 0 0 0 0 0 0 0 0 0 0 0 0 0 0 0 0 0 0 0 0 0 0 0 0 0 0 0 0 0 0 0 0 0 0 0 0 0 0 0 0 0 0 0 0 0 0 0 0 0 0 0 0 0 0 0 0 0 0 0 0 0 0 0 0 0 0 0 0 0 0 0 0 0 0 data 20 0xd0007 0x509 0x58 0x62d1 0x150007 0x5a61 0x20 0x881 0x270003 0x5a62 0xffffffffffffffc0 0x0 0x0 0x0 0x0 0x0 0x0 0x9 0x1 0xe oops 0 methods 0
ciMethodData java/util/IdentityHashMap$IdentityHashMapIterator nextIndex ()I 2 44019 orig 80 0 0 0 0 0 0 0 0 0 0 0 0 0 0 0 0 0 0 0 0 0 0 0 0 0 0 0 0 0 0 0 0 0 0 0 0 0 0 0 0 0 0 0 0 0 0 0 0 0 0 0 0 0 0 0 0 0 0 0 0 0 0 0 0 0 0 0 0 0 0 0 0 0 0 0 0 0 0 0 0 data 33 0xb0007 0xabf3 0x30 0x0 0x120002 0x0 0x1a0007 0xabf2 0x88 0x0 0x1e0005 0x0 0x0 0x0 0x0 0x0 0x0 0x210007 0x0 0x30 0x0 0x280002 0x0 0x0 0x0 0x0 0x0 0x0 0x0 0x0 0x9 0x1 0x0 oops 0 methods 0
ciMethodData java/util/IdentityHashMap$IdentityHashMapIterator <init> (Ljava/util/IdentityHashMap;)V 2 99432 orig 80 0 0 0 0 0 0 0 0 0 0 0 0 0 0 0 0 0 0 0 0 0 0 0 0 0 0 0 0 0 0 0 0 0 0 0 0 0 0 0 0 0 0 0 0 0 0 0 0 0 0 0 0 0 0 0 0 0 0 0 0 0 0 0 0 0 0 0 0 0 0 0 0 0 0 0 0 0 0 0 0 data 20 0x60002 0x185e5 0x110007 0x9d1a 0x38 0xe8f6 0x150003 0xe8f5 0x18 0x0 0x0 0x0 0x0 0x0 0x0 0x0 0x9 0x2 0x1e 0x0 oops 0 methods 0
ciMethodData java/util/IdentityHashMap$KeySet iterator ()Ljava/util/Iterator; 2 97587 orig 80 0 0 0 0 0 0 0 0 0 0 0 0 0 0 0 0 0 0 0 0 0 0 0 0 0 0 0 0 0 0 0 0 0 0 0 0 0 0 0 0 0 0 0 0 0 0 0 0 0 0 0 0 0 0 0 0 0 0 0 0 0 0 0 0 0 0 0 0 0 0 0 0 0 0 0 0 0 0 0 0 data 9 0x80002 0x17d3d 0x0 0x0 0x0 0x0 0x9 0x1 0x0 oops 0 methods 0
ciMethodData java/util/IdentityHashMap$KeyIterator <init> (Ljava/util/IdentityHashMap;)V 2 97590 orig 80 0 0 0 0 0 0 0 0 0 0 0 0 0 0 0 0 0 0 0 0 0 0 0 0 0 0 0 0 0 0 0 0 0 0 0 0 0 0 0 0 0 0 0 0 0 0 0 0 0 0 0 0 0 0 0 0 0 0 0 0 0 0 0 0 0 0 0 0 0 0 0 0 0 0 0 0 0 0 0 0 data 8 0x20002 0x17d34 0x0 0x0 0x9 0x2 0x0 0x0 oops 0 methods 0
ciMethodData java/lang/Iterable forEach (Ljava/util/function/Consumer;)V 2 62657 orig 80 0 0 0 0 0 0 0 0 0 0 0 0 0 0 0 0 0 0 0 0 0 0 0 0 0 0 0 0 0 0 0 0 0 0 0 0 0 0 0 0 0 0 0 0 0 0 0 0 0 0 0 0 0 0 0 0 0 0 0 0 0 0 0 0 0 0 0 0 0 0 0 0 0 0 0 0 0 0 0 0 data 47 0x10002 0xf503 0x60005 0x685f 0x0 0x1ec46a381a0 0x2c09 0x1ec8f798410 0x60ae 0xd0005 0x1fa14 0x0 0x1ec8c1361c0 0x1b79c 0x1ec8dc8ee80 0x9226 0x120007 0xf4e8 0xa8 0x34e18 0x160005 0x132c8 0x0 0x1ec8dc8ee80 0x7dc1 0x1ec46a33280 0x19ec7 0x1e0005 0x16502 0x0 0x1ec8c136270 0x4b90 0x1ec8c136320 0x19ec6 0x230003 0x34e25 0xffffffffffffff38 0x0 0x0 0x0 0x0 0x0 0x0 0x9 0x2 0xffffffffffffffff 0x0 oops 8 5 com/android/tools/r8/ir/optimize/a 7 java/util/IdentityHashMap$KeySet 12 java/util/IdentityHashMap$KeyIterator 14 java/util/LinkedList$ListItr 23 java/util/LinkedList$ListItr 25 com/android/tools/r8/internal/a6 30  @bci com/android/tools/r8/internal/US f ()V 7 <appendix> argL0 ; 32  @bci com/android/tools/r8/internal/Y5 b ()V 9 <appendix> argL0 ; methods 0
ciMethodData java/util/IdentityHashMap$KeyIterator next ()Ljava/lang/Object; 2 114948 orig 80 0 0 0 0 0 0 0 0 0 0 0 0 0 0 0 0 0 0 0 0 0 0 0 0 0 0 0 0 0 0 0 0 0 0 0 0 0 0 0 0 0 0 0 0 0 0 0 0 0 0 0 0 0 0 0 0 0 0 0 0 0 0 0 0 0 0 0 0 0 0 0 0 0 0 0 0 0 0 0 0 data 18 0x50005 0x0 0x0 0x1ec8c1361c0 0x1c10c 0x0 0x0 0x90002 0x1c101 0x0 0x0 0x0 0x0 0x0 0x0 0x9 0x1 0x0 oops 1 3 java/util/IdentityHashMap$KeyIterator methods 0
ciMethodData java/util/Collections$SetFromMap iterator ()Ljava/util/Iterator; 2 91445 orig 80 0 0 0 0 0 0 0 0 0 0 0 0 0 0 0 0 0 0 0 0 0 0 0 0 0 0 0 0 0 0 0 0 0 0 0 0 0 0 0 0 0 0 0 0 0 0 0 0 0 0 0 0 0 0 0 0 0 0 0 0 0 0 0 0 0 0 0 0 0 0 0 0 0 0 0 0 0 0 0 0 data 16 0x40005 0x0 0x0 0x1ec8f798410 0x165a5 0x0 0x0 0x0 0x0 0x0 0x0 0x0 0x0 0x9 0x1 0x0 oops 1 3 java/util/IdentityHashMap$KeySet methods 0
ciMethod  @bci com/android/tools/r8/internal/Gj a (Lcom/android/tools/r8/internal/Gr0;Lcom/android/tools/r8/internal/AA;Lcom/android/tools/r8/internal/Fr0;)V 1 <appendix> form vmentry <vmtarget> ; invoke (Ljava/lang/Object;)Ljava/lang/Object; 1024 0 3260627 0 -1
ciMethodData  @bci com/android/tools/r8/internal/Gj a (Lcom/android/tools/r8/internal/Gr0;Lcom/android/tools/r8/internal/AA;Lcom/android/tools/r8/internal/Fr0;)V 1 <appendix> form vmentry <vmtarget> ; invoke (Ljava/lang/Object;)Ljava/lang/Object; 2 3260115 orig 80 0 0 0 0 0 0 0 0 0 0 0 0 0 0 0 0 0 0 0 0 0 0 0 0 0 0 0 0 0 0 0 0 0 0 0 0 0 0 0 0 0 0 0 0 0 0 0 0 0 0 0 0 0 0 0 0 0 0 0 0 0 0 0 0 0 0 0 0 0 0 0 0 0 0 0 0 0 0 0 0 data 20 0x10004 0x0 0x0 0x1ec8c130028 0x214d 0x0 0x0 0x0 0x0 0x0 0x0 0x0 0x0 0x9 0x1 0x0 0xc 0x2 0x0 0x1ec8c130028 oops 2 3 java/lang/invoke/BoundMethodHandle$Species_L 19 java/lang/invoke/BoundMethodHandle$Species_L methods 0
ciMethod com/android/tools/r8/graph/d1 f (Lcom/android/tools/r8/graph/M2;)Lcom/android/tools/r8/graph/b0; 0 0 1 0 -1
ciMethod com/android/tools/r8/graph/d1 g (Lcom/android/tools/r8/graph/M2;)Lcom/android/tools/r8/graph/E0; 0 0 1 0 -1
ciMethod com/android/tools/r8/graph/d1 b (Lcom/android/tools/r8/graph/B2;)Lcom/android/tools/r8/graph/H0; 1024 0 29444 0 0
ciMethod com/android/tools/r8/graph/x0 f (Lcom/android/tools/r8/graph/M2;)Lcom/android/tools/r8/graph/b0; 0 0 1 0 -1
ciMethod com/android/tools/r8/graph/z4 f (Lcom/android/tools/r8/graph/M2;)Lcom/android/tools/r8/graph/b0; 5720 0 43593 0 544
ciMethod com/android/tools/r8/graph/o0 e0 ()Z 0 0 1 0 -1
ciMethod com/android/tools/r8/graph/b0 X ()Z 0 0 1 0 -1
ciMethod com/android/tools/r8/graph/b0 D ()Lcom/android/tools/r8/graph/E0; 0 0 1 0 -1
ciMethod com/android/tools/r8/graph/E0 a (Lcom/android/tools/r8/graph/B2;)Lcom/android/tools/r8/graph/H0; 71902 0 109615 0 0
ciMethod com/android/tools/r8/graph/E0 b (Lcom/android/tools/r8/graph/B2;)Lcom/android/tools/r8/graph/j1; 576 0 54030 0 0
ciMethod com/android/tools/r8/graph/E0 f0 ()Z 424 0 12225 0 -1
ciMethod com/android/tools/r8/graph/E0 G ()Lcom/android/tools/r8/graph/v2; 0 0 1 0 -1
ciMethod com/android/tools/r8/graph/b1 e0 ()Z 1128 0 564 0 0
ciMethod com/android/tools/r8/graph/b1 d0 ()Lcom/android/tools/r8/graph/H2; 0 0 1 0 -1
ciMethod com/android/tools/r8/graph/H2 e0 ()Z 424 0 12225 0 0
ciMethod com/android/tools/r8/graph/H2 d0 ()Lcom/android/tools/r8/graph/H2; 31440 0 29707 0 80
ciMethod com/android/tools/r8/graph/w2 s0 ()Lcom/android/tools/r8/graph/M2; 896 0 448 0 0
ciMethod com/android/tools/r8/graph/w2 t0 ()Lcom/android/tools/r8/graph/L2; 3872 0 1936 0 0
ciMethod com/android/tools/r8/graph/E k0 ()I 0 0 1 0 -1
ciMethod com/android/tools/r8/graph/E c (Ljava/lang/Object;)Z 0 0 1 0 -1
ciMethod com/android/tools/r8/graph/E hashCode ()I 534 0 34044 0 152
ciMethod com/android/tools/r8/graph/E equals (Ljava/lang/Object;)Z 514 0 613991 0 128
ciMethod com/android/tools/r8/graph/E j (I)V 0 0 1 0 -1
ciMethod com/android/tools/r8/graph/M2 a (Lcom/android/tools/r8/graph/M2;)Z 5572 0 719064 0 96
ciMethod com/android/tools/r8/graph/M2 k0 ()I 5026 0 7011 0 0
ciMethod com/android/tools/r8/graph/M2 c (Ljava/lang/Object;)Z 1024 0 154122 0 456
ciMethod com/android/tools/r8/graph/B2 y0 ()Lcom/android/tools/r8/graph/I2; 1012 0 506 0 0
ciMethod com/android/tools/r8/graph/B2 a (Lcom/android/tools/r8/graph/I2;Lcom/android/tools/r8/graph/L2;)Z 848 0 185242 0 144
ciMethod com/android/tools/r8/graph/L2 k0 ()I 768 0 35113 0 664
ciMethod com/android/tools/r8/graph/L2 c (Ljava/lang/Object;)Z 514 0 139013 0 408
ciMethod com/android/tools/r8/internal/mv0 u ()Z 1024 0 36112 0 -1
ciMethod com/android/tools/r8/internal/mv0 A ()Lcom/android/tools/r8/internal/e20; 0 0 1 0 -1
ciMethod com/android/tools/r8/internal/mv0 c (Lcom/android/tools/r8/internal/mv0;Lcom/android/tools/r8/graph/y;)Z 0 0 1 0 -1
ciMethod com/android/tools/r8/internal/mv0 a (Lcom/android/tools/r8/internal/mv0;Lcom/android/tools/r8/graph/y;)Z 2084 0 1147 0 -1
ciMethod com/android/tools/r8/internal/mv0 v ()Z 1024 0 87074 0 -1
ciMethod com/android/tools/r8/internal/mv0 equals (Ljava/lang/Object;)Z 0 0 1 0 -1
ciMethod com/android/tools/r8/internal/mv0 a (Lcom/android/tools/r8/graph/M2;Lcom/android/tools/r8/internal/e20;Lcom/android/tools/r8/graph/y;)Lcom/android/tools/r8/internal/mv0; 1024 0 89424 0 -1
ciMethod com/android/tools/r8/internal/Em0 c ()Ljava/util/Set; 5186 0 971894 0 1184
ciMethod com/android/tools/r8/internal/Gl0 a ()Ljava/util/Set; 4208 0 1068105 0 1240
ciMethod com/android/tools/r8/internal/wA a (I)I 8064 0 1068667 0 96
ciMethodData com/android/tools/r8/graph/E hashCode ()I 2 33777 orig 80 0 0 0 0 0 0 0 0 0 0 0 0 236 1 0 0 0 0 0 0 0 0 0 0 0 0 0 0 0 0 0 0 0 0 0 0 0 0 0 0 0 0 0 0 0 0 0 0 0 0 0 0 0 0 0 0 0 0 0 0 0 0 0 0 0 0 0 0 0 0 0 0 0 0 0 0 0 0 0 0 data 35 0x70007 0x67e0 0x78 0x1d44 0xb0005 0x14e8 0x0 0x1ec8c5221c8 0x69f 0x1ec8de18bb0 0x1e4 0x110007 0x1d4d 0x20 0x0 0x1e0007 0x848c 0x58 0x0 0x240005 0x0 0x0 0x0 0x0 0x0 0x0 0x0 0x0 0x0 0x0 0x0 0x0 0x9 0x1 0xffffffffffffffff oops 2 7 com/android/tools/r8/graph/L2 9 com/android/tools/r8/graph/M2 methods 0
ciMethod com/android/tools/r8/graph/h1 B0 ()Lcom/android/tools/r8/graph/M2; 1024 0 13850 0 -1
ciMethod com/android/tools/r8/graph/h1 E0 ()Lcom/android/tools/r8/graph/w2; 3292 0 1646 0 0
ciMethod com/android/tools/r8/graph/j1 L0 ()V 598 0 1016482 0 80
ciMethod com/android/tools/r8/graph/G0 <init> (Lcom/android/tools/r8/graph/E0;Lcom/android/tools/r8/graph/h1;)V 4096 0 43439 0 512
ciMethod com/android/tools/r8/graph/G0 getHolder ()Lcom/android/tools/r8/graph/E0; 0 0 1 0 -1
ciMethod com/android/tools/r8/graph/G0 p ()Lcom/android/tools/r8/graph/M2; 762 0 551771 0 104
ciMethod com/android/tools/r8/graph/G0 d ()Lcom/android/tools/r8/graph/h1; 750 0 375 0 0
ciMethod com/android/tools/r8/graph/H0 <init> (Lcom/android/tools/r8/graph/E0;Lcom/android/tools/r8/graph/j1;)V 4098 0 43463 0 512
ciMethod com/android/tools/r8/graph/H0 a (Lcom/android/tools/r8/graph/E0;Lcom/android/tools/r8/graph/j1;)Lcom/android/tools/r8/graph/H0; 4102 0 141975 0 888
ciMethod com/android/tools/r8/graph/H0 a (Lcom/android/tools/r8/graph/H0;)Z 0 0 1 0 -1
ciMethod com/android/tools/r8/graph/H0 u ()Lcom/android/tools/r8/graph/O4; 13120 0 118967 0 -1
ciMethodData com/android/tools/r8/graph/E equals (Ljava/lang/Object;)Z 2 613734 orig 80 0 0 0 0 0 0 0 0 0 0 0 0 236 1 0 0 0 0 0 0 0 0 0 0 0 0 0 0 0 0 0 0 0 0 0 0 0 0 0 0 0 0 0 0 0 0 0 0 0 0 0 0 0 0 0 0 0 0 0 0 0 0 0 0 0 0 0 0 0 0 0 0 0 0 0 0 0 0 0 0 data 28 0x20007 0x642d0 0x90 0x31b54 0x70005 0x2e58e 0x0 0x1ec8c5221c8 0x1270 0x1ec8de189f0 0x2361 0xa0007 0x2e26e 0x38 0x3828 0xd0003 0x3829 0x18 0x0 0x0 0x0 0x0 0x0 0x0 0x9 0x2 0xffffffffffffffff 0xffffffffffffffff oops 2 7 com/android/tools/r8/graph/L2 9 com/android/tools/r8/graph/I2 methods 0
ciMethod com/android/tools/r8/graph/g n ()Z 1024 0 747995 0 -1
ciMethodData com/android/tools/r8/graph/L2 k0 ()I 2 34729 orig 80 0 0 0 0 0 0 0 0 0 0 0 0 236 1 0 0 0 0 0 0 0 0 0 0 0 0 0 0 0 0 0 0 0 0 0 0 0 0 0 0 0 0 0 0 0 0 0 0 0 0 0 0 0 0 0 0 0 0 0 0 0 0 0 0 0 0 0 0 0 0 0 0 0 0 0 0 0 0 0 0 data 11 0xc0002 0x87dc 0x0 0x0 0x0 0x0 0x0 0x0 0x9 0x1 0x0 oops 0 methods 0
ciMethod com/android/tools/r8/synthesis/Q$b e ()Z 0 0 1 0 -1
ciMethodData com/android/tools/r8/graph/L2 c (Ljava/lang/Object;)Z 2 138756 orig 80 0 0 0 0 0 0 0 0 0 0 0 0 236 1 0 0 0 0 0 0 0 0 0 0 0 0 0 0 0 0 0 0 0 0 0 0 0 0 0 0 0 0 0 0 0 0 0 0 0 0 0 0 0 0 0 0 0 0 0 0 0 0 0 0 0 0 0 0 0 0 0 0 0 0 0 0 0 0 0 0 data 38 0x10004 0x0 0x0 0x1ec8c5221c8 0x21fc0 0x0 0x0 0x40007 0x0 0xa8 0x21f88 0x90004 0x0 0x0 0x1ec8c5221c8 0x21fc2 0x0 0x0 0x140007 0x10e 0x50 0x21edc 0x1f0002 0x21e58 0x220007 0x388 0x20 0x21775 0x0 0x0 0x0 0x0 0x0 0x0 0x9 0x2 0x0 0x0 oops 2 3 com/android/tools/r8/graph/L2 14 com/android/tools/r8/graph/L2 methods 0
ciMethodData com/android/tools/r8/graph/M2 c (Ljava/lang/Object;)Z 2 153610 orig 80 0 0 0 0 0 0 0 0 0 0 0 0 236 1 0 0 0 0 0 0 0 0 0 0 0 0 0 0 0 0 0 0 0 0 0 0 0 0 0 0 0 0 0 0 0 0 0 0 0 0 0 0 0 0 0 0 0 0 0 0 0 0 0 0 0 0 0 0 0 0 0 0 0 0 0 0 0 0 0 0 data 35 0x10004 0x0 0x0 0x1ec8de18bb0 0x25811 0x0 0x0 0x40007 0x0 0x90 0x25817 0xc0004 0x0 0x0 0x1ec8de18bb0 0x1d5d6 0x0 0x0 0x120005 0x2581d 0x0 0x0 0x0 0x0 0x0 0x0 0x0 0x0 0x0 0x0 0x0 0x9 0x2 0x0 0x0 oops 2 3 com/android/tools/r8/graph/M2 14 com/android/tools/r8/graph/M2 methods 0
ciMethod com/android/tools/r8/graph/h g (Lcom/android/tools/r8/graph/M2;)Lcom/android/tools/r8/graph/E0; 6450 0 241426 0 0
ciMethod com/android/tools/r8/graph/h c (Lcom/android/tools/r8/graph/M2;)Lcom/android/tools/r8/graph/E0; 5048 0 120127 0 2080
ciMethod com/android/tools/r8/graph/h h ()Z 4168 0 34876 0 80
ciMethod com/android/tools/r8/graph/h i ()Z 1024 0 113364 0 -1
ciMethod com/android/tools/r8/graph/h c ()V 0 0 1 0 -1
ciMethod com/android/tools/r8/graph/j c (Lcom/android/tools/r8/graph/M2;Lcom/android/tools/r8/graph/M2;)Z 820 0 656 0 -1
ciMethod com/android/tools/r8/graph/j b (Lcom/android/tools/r8/graph/B2;Lcom/android/tools/r8/graph/K5;Lcom/android/tools/r8/graph/y;)Lcom/android/tools/r8/graph/H0; 0 0 1 0 -1
ciMethod com/android/tools/r8/graph/j a (Lcom/android/tools/r8/graph/B2;Lcom/android/tools/r8/graph/H2;Lcom/android/tools/r8/graph/y;Lcom/android/tools/r8/graph/j;)Lcom/android/tools/r8/graph/H0; 514 0 23827 0 -1
ciMethod com/android/tools/r8/graph/j a (Lcom/android/tools/r8/graph/B2;Lcom/android/tools/r8/graph/K5;Lcom/android/tools/r8/graph/y;)Lcom/android/tools/r8/graph/H0; 0 0 1 0 -1
ciMethod com/android/tools/r8/graph/v2 f0 ()Z 390 0 195 0 0
ciMethod com/android/tools/r8/graph/v2 G ()Lcom/android/tools/r8/graph/v2; 443894 0 222649 0 80
ciMethod com/android/tools/r8/graph/K5 getHolder ()Lcom/android/tools/r8/graph/H2; 4116 0 660727 0 128
ciMethod com/android/tools/r8/graph/K5 <init> (Lcom/android/tools/r8/graph/H2;Lcom/android/tools/r8/graph/j1;)V 2402 0 82233 0 0
ciMethod com/android/tools/r8/internal/hi b ()Ljava/util/function/Consumer; 1024 0 269223 0 88
ciMethod com/android/tools/r8/graph/y f ()Lcom/android/tools/r8/graph/h; 4112 0 162792 0 88
ciMethod com/android/tools/r8/graph/y g (Lcom/android/tools/r8/graph/M2;)Lcom/android/tools/r8/graph/E0; 438 0 273887 0 0
ciMethod com/android/tools/r8/graph/y m ()Z 9534 0 386374 0 -1
ciMethod com/android/tools/r8/graph/y M ()Lcom/android/tools/r8/graph/y; 0 0 1 0 -1
ciMethod com/android/tools/r8/graph/y N ()Lcom/android/tools/r8/graph/y; 2 0 1 0 -1
ciMethod com/android/tools/r8/internal/rd a (Lcom/android/tools/r8/graph/M2;)Lcom/android/tools/r8/graph/E0; 5430 0 105323 0 4768
ciMethod com/android/tools/r8/synthesis/n d ()Lcom/android/tools/r8/graph/E0; 256 0 128 0 0
ciMethod com/android/tools/r8/internal/Gt d ()Lcom/android/tools/r8/internal/e20; 0 0 1 0 -1
ciMethod com/android/tools/r8/internal/Gt a ()Lcom/android/tools/r8/internal/It; 0 0 1 0 -1
ciMethod com/android/tools/r8/internal/Gt m ()Lcom/android/tools/r8/internal/It; 1024 0 39316 0 -1
ciMethod com/android/tools/r8/internal/It n ()Lcom/android/tools/r8/internal/mv0; 0 0 1 0 -1
ciMethod com/android/tools/r8/internal/HX G ()Z 0 0 1 0 -1
ciMethod com/android/tools/r8/internal/HX t ()I 0 0 1 0 -1
ciMethod com/android/tools/r8/internal/Kj G ()Z 656 0 328 0 0
ciMethod com/android/tools/r8/synthesis/E a (Ljava/util/function/Function;Lcom/android/tools/r8/graph/M2;)Lcom/android/tools/r8/graph/b0; 6376 0 48437 0 1784
ciMethod com/android/tools/r8/graph/R4 a (Lcom/android/tools/r8/graph/I2;Lcom/android/tools/r8/graph/L2;)Lcom/android/tools/r8/graph/j1; 0 0 1 0 -1
ciMethod com/android/tools/r8/graph/R4 a (Lcom/android/tools/r8/graph/B2;)Lcom/android/tools/r8/graph/j1; 0 0 1 0 -1
ciMethod com/android/tools/r8/graph/S4 a (Lcom/android/tools/r8/graph/I2;Lcom/android/tools/r8/graph/L2;)Lcom/android/tools/r8/graph/j1; 514 0 153564 0 1496
ciMethod com/android/tools/r8/graph/P4 a (Lcom/android/tools/r8/graph/I2;Lcom/android/tools/r8/graph/L2;)Lcom/android/tools/r8/graph/j1; 722 4140 27649 0 1040
ciMethodData com/android/tools/r8/internal/hi b ()Ljava/util/function/Consumer; 2 269594 orig 80 0 0 0 0 0 0 0 0 0 0 0 0 0 0 0 0 0 0 0 0 0 0 0 0 0 0 0 0 0 0 0 0 0 0 0 0 0 0 0 0 0 0 0 0 0 0 0 0 0 0 0 0 0 0 0 0 0 0 0 0 0 0 0 0 0 0 0 0 0 0 0 0 0 0 0 0 0 0 0 0 data 7 0xa 0x41e7c 0x1 0x1ec8c12fcc0 0x0 0x9 0x0 oops 1 3  @bci com/android/tools/r8/internal/hi b ()Ljava/util/function/Consumer; 0 <appendix> argL0 ; methods 0
ciMethodData com/android/tools/r8/internal/Em0 c ()Ljava/util/Set; 2 969304 orig 80 0 0 0 0 0 0 0 0 0 0 0 0 236 1 0 0 0 0 0 0 0 0 0 0 0 0 0 0 0 0 0 0 0 0 0 0 0 0 0 0 0 0 0 0 0 0 0 0 0 0 0 0 0 0 0 0 0 0 0 0 0 0 0 0 0 0 0 0 0 0 0 0 0 0 0 0 0 0 0 0 data 10 0x2 0xecd64 0x0 0x0 0x0 0x0 0x0 0x0 0x9 0x0 oops 0 methods 0
ciMethodData com/android/tools/r8/internal/Gl0 a ()Ljava/util/Set; 2 1066007 orig 80 0 0 0 0 0 0 0 0 0 0 0 0 236 1 0 0 0 0 0 0 0 0 0 0 0 0 0 0 0 0 0 0 0 0 0 0 0 0 0 0 0 0 0 0 0 0 0 0 0 0 0 0 0 0 0 0 0 0 0 0 0 0 0 0 0 0 0 0 0 0 0 0 0 0 0 0 0 0 0 0 data 12 0x40002 0x104293 0x70002 0x103e4d 0x0 0x0 0x0 0x0 0x0 0x0 0x9 0x0 oops 0 methods 0
ciMethod com/android/tools/r8/internal/d40 get (Ljava/lang/Object;)Ljava/lang/Object; 784 1022 81040 0 2464
ciMethod com/android/tools/r8/graph/E2 a ()Lcom/android/tools/r8/graph/L2; 4414 0 146484 0 104
ciMethod com/android/tools/r8/graph/E2 b ()Lcom/android/tools/r8/graph/I2; 4558 0 107463 0 104
ciMethod com/android/tools/r8/graph/G2 <init> ()V 1550 0 178979 0 0
ciMethod com/android/tools/r8/graph/G2 a ()Lcom/android/tools/r8/graph/L2; 0 0 1 0 -1
ciMethod com/android/tools/r8/graph/G2 b ()Lcom/android/tools/r8/graph/I2; 0 0 1 0 -1
ciMethod com/android/tools/r8/graph/G2 equals (Ljava/lang/Object;)Z 1024 0 134938 0 376
ciMethod com/android/tools/r8/graph/G2 hashCode ()I 1982 0 83966 0 568
ciMethodData com/android/tools/r8/internal/wA a (I)I 2 1064661 orig 80 0 0 0 0 0 0 0 0 0 0 0 0 0 0 0 0 0 0 0 0 0 0 0 0 0 0 0 0 0 0 0 0 0 0 0 0 0 0 0 0 0 0 0 0 0 0 0 0 0 0 0 0 0 0 0 0 0 0 0 0 0 0 0 0 0 0 0 0 0 0 0 0 0 0 0 0 0 0 0 0 data 5 0x0 0x0 0x9 0x1 0x0 oops 0 methods 0
ciMethodData com/android/tools/r8/graph/M2 a (Lcom/android/tools/r8/graph/M2;)Z 2 716298 orig 80 0 0 0 0 0 0 0 0 0 0 0 0 0 0 0 0 0 0 0 0 0 0 0 0 0 0 0 0 0 0 0 0 0 0 0 0 0 0 0 0 0 0 0 0 0 0 0 0 0 0 0 0 0 0 0 0 0 0 0 0 0 0 0 0 0 0 0 0 0 0 0 0 0 0 0 0 0 0 0 0 data 14 0x20007 0x9b785 0x20 0x137ef 0x0 0x0 0x0 0x0 0x0 0x0 0x9 0x2 0x0 0x0 oops 0 methods 0
ciMethodData com/android/tools/r8/graph/M2 k0 ()I 2 4498 orig 80 0 0 0 0 0 0 0 0 0 0 0 0 0 0 0 0 0 0 0 0 0 0 0 0 0 0 0 0 0 0 0 0 0 0 0 0 0 0 0 0 0 0 0 0 0 0 0 0 0 0 0 0 0 0 0 0 0 0 0 0 0 0 0 0 0 0 0 0 0 0 0 0 0 0 0 0 0 0 0 0 data 16 0x40005 0x1196 0x0 0x0 0x0 0x0 0x0 0x0 0x0 0x0 0x0 0x0 0x0 0x9 0x1 0x0 oops 0 methods 0
ciMethodData com/android/tools/r8/graph/E2 a ()Lcom/android/tools/r8/graph/L2; 2 144277 orig 80 0 0 0 0 0 0 0 0 0 0 0 0 0 0 0 0 0 0 0 0 0 0 0 0 0 0 0 0 0 0 0 0 0 0 0 0 0 0 0 0 0 0 0 0 0 0 0 0 0 0 0 0 0 0 0 0 0 0 0 0 0 0 0 0 0 0 0 0 0 0 0 0 0 0 0 0 0 0 0 0 data 16 0x40005 0x0 0x0 0x1ec8de18870 0x233dc 0x0 0x0 0x0 0x0 0x0 0x0 0x0 0x0 0x9 0x1 0x0 oops 1 3 com/android/tools/r8/graph/B2 methods 0
ciMethodData com/android/tools/r8/graph/H2 d0 ()Lcom/android/tools/r8/graph/H2; 2 13987 orig 80 0 0 0 0 0 0 0 0 0 0 0 0 0 0 0 0 0 0 0 0 0 0 0 0 0 0 0 0 0 0 0 0 0 0 0 0 0 0 0 0 0 0 0 0 0 0 0 0 0 0 0 0 0 0 0 0 0 0 0 0 0 0 0 0 0 0 0 0 0 0 0 0 0 0 0 0 0 0 0 0 data 5 0x0 0x0 0x9 0x1 0x0 oops 0 methods 0
ciMethodData com/android/tools/r8/graph/E2 b ()Lcom/android/tools/r8/graph/I2; 2 105184 orig 80 0 0 0 0 0 0 0 0 0 0 0 0 0 0 0 0 0 0 0 0 0 0 0 0 0 0 0 0 0 0 0 0 0 0 0 0 0 0 0 0 0 0 0 0 0 0 0 0 0 0 0 0 0 0 0 0 0 0 0 0 0 0 0 0 0 0 0 0 0 0 0 0 0 0 0 0 0 0 0 0 data 16 0x40005 0x0 0x0 0x1ec8de18870 0x19ad5 0x0 0x0 0x0 0x0 0x0 0x0 0x0 0x0 0x9 0x1 0x0 oops 1 3 com/android/tools/r8/graph/B2 methods 0
ciMethodData com/android/tools/r8/graph/G2 <init> ()V 2 178204 orig 80 0 0 0 0 0 0 0 0 0 0 0 0 0 0 0 0 0 0 0 0 0 0 0 0 0 0 0 0 0 0 0 0 0 0 0 0 0 0 0 0 0 0 0 0 0 0 0 0 0 0 0 0 0 0 0 0 0 0 0 0 0 0 0 0 0 0 0 0 0 0 0 0 0 0 0 0 0 0 0 0 data 7 0x10002 0x2b84e 0x0 0x0 0x9 0x1 0x0 oops 0 methods 0
ciMethodData com/android/tools/r8/graph/G2 hashCode ()I 2 82975 orig 80 0 0 0 0 0 0 0 0 0 0 0 0 0 0 0 0 0 0 0 0 0 0 0 0 0 0 0 0 0 0 0 0 0 0 0 0 0 0 0 0 0 0 0 0 0 0 0 0 0 0 0 0 0 0 0 0 0 0 0 0 0 0 0 0 0 0 0 0 0 0 0 0 0 0 0 0 0 0 0 0 data 39 0x20005 0x0 0x0 0x1ec8e954050 0x8ba 0x1ec8e719390 0x13bb7 0x60005 0x0 0x0 0x1ec8e954050 0x8ba 0x1ec8e719390 0x13b94 0x120004 0x0 0x0 0x1ec8c5221c8 0x14489 0x0 0x0 0x150004 0x0 0x0 0x1ec8de189f0 0x14493 0x0 0x0 0x160002 0x144b6 0x0 0x0 0x0 0x0 0x0 0x0 0x9 0x1 0x0 oops 6 3 com/android/tools/r8/graph/E2 5 com/android/tools/r8/graph/F2 10 com/android/tools/r8/graph/E2 12 com/android/tools/r8/graph/F2 17 com/android/tools/r8/graph/L2 24 com/android/tools/r8/graph/I2 methods 0
ciMethodData com/android/tools/r8/graph/G2 equals (Ljava/lang/Object;)Z 2 134426 orig 80 0 0 0 0 0 0 0 0 0 0 0 0 0 0 0 0 0 0 0 0 0 0 0 0 0 0 0 0 0 0 0 0 0 0 0 0 0 0 0 0 0 0 0 0 0 0 0 0 0 0 0 0 0 0 0 0 0 0 0 0 0 0 0 0 0 0 0 0 0 0 0 0 0 0 0 0 0 0 0 0 data 82 0x20007 0x20cd2 0x20 0x0 0x80004 0x0 0x0 0x1ec8e954050 0x20d69 0x0 0x0 0xb0007 0x20d76 0x20 0x0 0x120004 0x0 0x0 0x1ec8e954050 0x20d4b 0x0 0x0 0x160005 0x0 0x0 0x1ec8e954050 0x20d49 0x0 0x0 0x1a0005 0x0 0x0 0x1ec8e954050 0x20d22 0x0 0x0 0x1e0005 0x0 0x0 0x1ec8e954050 0x7bd 0x1ec8e719390 0x20555 0x220005 0x20d31 0x0 0x0 0x0 0x0 0x0 0x270007 0x10ea8 0xb0 0x1019a 0x2b0005 0x0 0x0 0x1ec8e954050 0x28 0x1ec8e719390 0x10170 0x2f0005 0x101a3 0x0 0x0 0x0 0x0 0x0 0x340007 0x92 0x20 0x100ea 0x0 0x0 0x0 0x0 0x0 0x0 0x9 0x2 0x0 0x0 oops 8 7 com/android/tools/r8/graph/E2 18 com/android/tools/r8/graph/E2 25 com/android/tools/r8/graph/E2 32 com/android/tools/r8/graph/E2 39 com/android/tools/r8/graph/E2 41 com/android/tools/r8/graph/F2 57 com/android/tools/r8/graph/E2 59 com/android/tools/r8/graph/F2 methods 0
ciMethodData com/android/tools/r8/graph/H2 e0 ()Z 2 12013 orig 80 0 0 0 0 0 0 0 0 0 0 0 0 236 1 0 0 0 0 0 0 0 0 0 0 0 0 0 0 0 0 0 0 0 0 0 0 0 0 0 0 0 0 0 0 0 0 0 0 0 0 0 0 0 0 0 0 0 0 0 0 0 0 0 0 0 0 0 0 0 0 0 0 0 0 0 0 0 0 0 0 data 4 0x0 0x9 0x1 0x0 oops 0 methods 0
ciMethod com/android/tools/r8/synthesis/t e ()Z 0 0 1 0 -1
ciMethod com/android/tools/r8/synthesis/t d ()Lcom/android/tools/r8/graph/E0; 0 0 1 0 -1
ciMethod com/android/tools/r8/internal/qK x2 ()Lcom/android/tools/r8/internal/PK; 0 0 1 0 -1
ciMethod com/android/tools/r8/internal/TE j ()Z 608 0 304 0 -1
ciMethod com/android/tools/r8/internal/TE l ()Lcom/android/tools/r8/internal/U60; 0 0 1 0 -1
ciMethod com/android/tools/r8/internal/ME c1 ()Lcom/android/tools/r8/internal/ME; 274 0 137 0 0
ciMethod com/android/tools/r8/internal/ME f1 ()Z 4124 0 703472 0 88
ciMethod com/android/tools/r8/internal/ME d ()Lcom/android/tools/r8/internal/zx0; 266 0 133 0 0
ciMethod com/android/tools/r8/internal/ME d (Lcom/android/tools/r8/internal/zx0;)Lcom/android/tools/r8/internal/zx0; 5036 0 263604 0 -1
ciMethod com/android/tools/r8/internal/ME B ()Lcom/android/tools/r8/internal/F4; 326 0 3422 0 -1
ciMethod com/android/tools/r8/internal/ME e0 ()Lcom/android/tools/r8/internal/zK; 302 0 151 0 -1
ciMethod com/android/tools/r8/internal/ME f0 ()Lcom/android/tools/r8/internal/AK; 0 0 1 0 -1
ciMethod com/android/tools/r8/internal/ME c0 ()Lcom/android/tools/r8/internal/tK; 0 0 1 0 -1
ciMethod com/android/tools/r8/internal/ME S1 ()Z 754 0 377 0 -1
ciMethod com/android/tools/r8/internal/ME i0 ()Lcom/android/tools/r8/internal/KK; 342 0 171 0 -1
ciMethod com/android/tools/r8/internal/ME j0 ()Lcom/android/tools/r8/internal/MK; 0 0 1 0 -1
ciMethod com/android/tools/r8/internal/ME U1 ()Z 0 0 1 0 -1
ciMethod com/android/tools/r8/internal/ME a (Lcom/android/tools/r8/graph/y;)Lcom/android/tools/r8/internal/mv0; 0 0 1 0 -1
ciMethod com/android/tools/r8/internal/zK B2 ()Lcom/android/tools/r8/graph/B2; 290 0 145 0 -1
ciMethod com/android/tools/r8/internal/zK b (Lcom/android/tools/r8/graph/y;)Lcom/android/tools/r8/graph/c5; 0 0 1 0 -1
ciMethod com/android/tools/r8/internal/zK f (Lcom/android/tools/r8/graph/y;Lcom/android/tools/r8/graph/K5;)Lcom/android/tools/r8/graph/c5; 2560 0 128112 0 0
ciMethod com/android/tools/r8/internal/zK e (Lcom/android/tools/r8/graph/y;Lcom/android/tools/r8/graph/K5;)Lcom/android/tools/r8/graph/H0; 2562 0 127719 0 0
ciMethod com/android/tools/r8/internal/e20 h ()Lcom/android/tools/r8/internal/e20; 1024 0 211572 0 -1
ciMethod com/android/tools/r8/internal/e20 e ()Z 1024 0 57179 0 -1
ciMethod com/android/tools/r8/internal/e20 d ()Z 916 0 6833 0 -1
ciMethod com/android/tools/r8/internal/e20 a (Lcom/android/tools/r8/internal/e20;)Lcom/android/tools/r8/internal/e20; 4182 0 7782 0 -1
ciMethod com/android/tools/r8/internal/AK D2 ()Lcom/android/tools/r8/internal/zx0; 1024 0 32460 0 -1
ciMethod com/android/tools/r8/synthesis/N d ()Lcom/android/tools/r8/graph/E0; 276 0 128 0 0
ciMethodData com/android/tools/r8/graph/y f ()Lcom/android/tools/r8/graph/h; 2 160736 orig 80 0 0 0 0 0 0 0 0 0 0 0 0 236 1 0 0 0 0 0 0 0 0 0 0 0 0 0 0 0 0 0 0 0 0 0 0 0 0 0 0 0 0 0 0 0 0 0 0 0 0 0 0 0 0 0 0 0 0 0 0 0 0 0 0 0 0 0 0 0 0 0 0 0 0 0 0 0 0 0 0 data 40 0x30007 0x27454 0xf8 0x0 0xa0005 0x0 0x0 0x0 0x0 0x0 0x0 0xd0007 0x0 0xa0 0x0 0x110005 0x0 0x0 0x0 0x0 0x0 0x0 0x140007 0x0 0x38 0x0 0x170003 0x0 0x28 0x1e0002 0x0 0x0 0x0 0x0 0x0 0x0 0x0 0x9 0x1 0x0 oops 0 methods 0
ciMethodData com/android/tools/r8/graph/h h ()Z 2 32792 orig 80 0 0 0 0 0 0 0 0 0 0 0 0 236 1 0 0 0 0 0 0 0 0 0 0 0 0 0 0 0 0 0 0 0 0 0 0 0 0 0 0 0 0 0 0 0 0 0 0 0 0 0 0 0 0 0 0 0 0 0 0 0 0 0 0 0 0 0 0 0 0 0 0 0 0 0 0 0 0 0 0 data 20 0x30007 0x8036 0x58 0x0 0x70005 0x0 0x0 0x0 0x0 0x0 0x0 0x0 0x0 0x0 0x0 0x0 0x0 0x9 0x1 0x0 oops 0 methods 0
ciMethod com/android/tools/r8/graph/D4 <init> (Lcom/android/tools/r8/graph/v2;Lcom/android/tools/r8/graph/j1;)V 926 0 71735 0 0
ciMethod com/android/tools/r8/graph/D4 K ()Lcom/android/tools/r8/graph/v2; 1024 0 75796 0 0
ciMethod com/android/tools/r8/graph/D4 getHolder ()Lcom/android/tools/r8/graph/E0; 5074 0 77773 0 128
ciMethodData com/android/tools/r8/graph/j1 L0 ()V 2 1017454 orig 80 0 0 0 0 0 0 0 0 0 0 0 0 236 1 0 0 0 0 0 0 0 0 0 0 0 0 0 0 0 0 0 0 0 0 0 0 0 0 0 0 0 0 0 0 0 0 0 0 0 0 0 0 0 0 0 0 0 0 0 0 0 0 0 0 0 0 0 0 0 0 0 0 0 0 0 0 0 0 0 0 data 20 0x30007 0xf9088 0x68 0x0 0xa0007 0x0 0x38 0x0 0xd0003 0x0 0x28 0x140002 0x0 0x0 0x0 0x0 0x0 0x9 0x1 0x0 oops 0 methods 0
ciMethodData com/android/tools/r8/graph/K5 <init> (Lcom/android/tools/r8/graph/H2;Lcom/android/tools/r8/graph/j1;)V 2 81045 orig 80 0 0 0 0 0 0 0 0 0 0 0 0 236 1 0 0 0 0 0 0 0 0 0 0 0 0 0 0 0 0 0 0 0 0 0 0 0 0 0 0 0 0 0 0 0 0 0 0 0 0 0 0 0 0 0 0 0 0 0 0 0 0 0 0 0 0 0 0 0 0 0 0 0 0 0 0 0 0 0 0 data 9 0x30002 0x13cf0 0x0 0x0 0x9 0x3 0x6 0x0 0x0 oops 0 methods 0
ciMethodData com/android/tools/r8/graph/H0 <init> (Lcom/android/tools/r8/graph/E0;Lcom/android/tools/r8/graph/j1;)V 2 41414 orig 80 0 0 0 0 0 0 0 0 0 0 0 0 236 1 0 0 0 0 0 0 0 0 0 0 0 0 0 0 0 0 0 0 0 0 0 0 0 0 0 0 0 0 0 0 0 0 0 0 0 0 0 0 0 0 0 0 0 0 0 0 0 0 0 0 0 0 0 0 0 0 0 0 0 0 0 0 0 0 0 0 data 101 0x30002 0xa1d5 0xb0007 0xa1d2 0x110 0x0 0x100005 0x0 0x0 0x0 0x0 0x0 0x0 0x140004 0x0 0x0 0x0 0x0 0x0 0x0 0x180004 0x0 0x0 0x0 0x0 0x0 0x0 0x1b0007 0x0 0x38 0x0 0x1e0003 0x0 0x28 0x250002 0x0 0x2a0007 0xa1ce 0xd8 0x0 0x2e0005 0x0 0x0 0x0 0x0 0x0 0x0 0x320004 0x0 0x0 0x0 0x0 0x0 0x0 0x350007 0x0 0x38 0x0 0x380003 0x0 0x28 0x3f0002 0x0 0x440007 0xa1cf 0xd8 0x0 0x480005 0x0 0x0 0x0 0x0 0x0 0x0 0x4c0004 0x0 0x0 0x0 0x0 0x0 0x0 0x4f0007 0x0 0x38 0x0 0x520003 0x0 0x28 0x590002 0x0 0x0 0x0 0x0 0x0 0x0 0x0 0x9 0x3 0x6 0x0 0x0 oops 0 methods 0
ciMethodData com/android/tools/r8/graph/G0 p ()Lcom/android/tools/r8/graph/M2; 2 551418 orig 80 0 0 0 0 0 0 0 0 0 0 0 0 236 1 0 0 0 0 0 0 0 0 0 0 0 0 0 0 0 0 0 0 0 0 0 0 0 0 0 0 0 0 0 0 0 0 0 0 0 0 0 0 0 0 0 0 0 0 0 0 0 0 0 0 0 0 0 0 0 0 0 0 0 0 0 0 0 0 0 0 data 7 0x0 0x0 0x0 0x0 0x9 0x1 0x0 oops 0 methods 0
ciMethodData com/android/tools/r8/graph/G0 <init> (Lcom/android/tools/r8/graph/E0;Lcom/android/tools/r8/graph/h1;)V 2 41391 orig 80 0 0 0 0 0 0 0 0 0 0 0 0 236 1 0 0 0 0 0 0 0 0 0 0 0 0 0 0 0 0 0 0 0 0 0 0 0 0 0 0 0 0 0 0 0 0 0 0 0 0 0 0 0 0 0 0 0 0 0 0 0 0 0 0 0 0 0 0 0 0 0 0 0 0 0 0 0 0 0 0 data 59 0x10002 0xa1b2 0x90007 0xa1b5 0x68 0x0 0xd0007 0x0 0x38 0x0 0x100003 0x0 0x28 0x170002 0x0 0x1c0007 0xa1b2 0x68 0x0 0x200007 0x0 0x38 0x0 0x230003 0x0 0x28 0x2a0002 0x0 0x2f0007 0xa1b4 0xa0 0x0 0x370005 0x0 0x0 0x0 0x0 0x0 0x0 0x3a0007 0x0 0x38 0x0 0x3d0003 0x0 0x28 0x440002 0x0 0x0 0x0 0x0 0x0 0x0 0x0 0x9 0x3 0x6 0x0 0x0 oops 0 methods 0
ciMethod com/android/tools/r8/internal/RY b (Lcom/android/tools/r8/internal/sB;)Lcom/android/tools/r8/internal/De; 26078 749908 29233 0 -1
ciMethod com/android/tools/r8/graph/h3 a ()Lcom/android/tools/r8/graph/W5; 0 0 1 0 -1
ciMethod com/android/tools/r8/graph/W5 <init> (Lcom/android/tools/r8/graph/H0;Lcom/android/tools/r8/graph/c5$c;)V 1024 0 38976 0 -1
ciMethod com/android/tools/r8/graph/W5 a ()Lcom/android/tools/r8/graph/W5; 1024 0 7231 0 80
ciMethod com/android/tools/r8/graph/f6 <init> (Lcom/android/tools/r8/graph/c5$c;)V 1948 0 16738 0 -1
ciMethod com/android/tools/r8/internal/F4 w2 ()Lcom/android/tools/r8/internal/zx0; 0 0 1 0 -1
ciMethod com/android/tools/r8/internal/F4 v2 ()Z 0 0 1 0 -1
ciMethod com/android/tools/r8/internal/zx0 s ()Lcom/android/tools/r8/graph/j0; 4126 0 537607 0 104
ciMethod com/android/tools/r8/internal/zx0 z ()Z 6866 0 339960 0 96
ciMethod com/android/tools/r8/internal/zx0 V ()I 1024 0 30449 0 -1
ciMethod com/android/tools/r8/internal/zx0 a ()Lcom/android/tools/r8/ir/optimize/a; 660 146 522 0 -1
ciMethod com/android/tools/r8/internal/zx0 f (Lcom/android/tools/r8/internal/zx0;)V 1024 0 3228 0 -1
ciMethod com/android/tools/r8/internal/zx0 Y ()Lcom/android/tools/r8/internal/Mx0; 4544 0 35404 0 -1
ciMethod com/android/tools/r8/internal/zx0 M ()Z 6800 0 47247 0 -1
ciMethod com/android/tools/r8/internal/zx0 u ()Lcom/android/tools/r8/internal/mv0; 274 0 137 0 -1
ciMethod com/android/tools/r8/internal/zx0 a (Lcom/android/tools/r8/graph/y;)Lcom/android/tools/r8/internal/It; 0 0 1 0 -1
ciMethod com/android/tools/r8/internal/zx0 a (Lcom/android/tools/r8/internal/Mx0;)V 0 0 1 0 -1
ciMethod com/android/tools/r8/internal/U60 d (Lcom/android/tools/r8/graph/y;)Lcom/android/tools/r8/internal/mv0; 66 132 32 0 -1
ciMethod com/android/tools/r8/graph/c5$c a (Lcom/android/tools/r8/graph/y;Lcom/android/tools/r8/internal/zK;Lcom/android/tools/r8/graph/K5;)Lcom/android/tools/r8/graph/h3; 1024 0 55507 0 -1
ciMethod com/android/tools/r8/graph/c5$c o ()Lcom/android/tools/r8/graph/c5$c; 279410 0 140243 0 80
ciMethod com/android/tools/r8/graph/c5$c a (Lcom/android/tools/r8/graph/y;Lcom/android/tools/r8/internal/AK;Lcom/android/tools/r8/internal/It;Lcom/android/tools/r8/graph/K5;)Lcom/android/tools/r8/graph/h3; 1024 0 39308 0 -1
ciMethod com/android/tools/r8/graph/c5 w ()Z 978 0 489 0 -1
ciMethod com/android/tools/r8/graph/c5 o ()Lcom/android/tools/r8/graph/c5$c; 0 0 1 0 -1
ciMethod com/android/tools/r8/graph/c5 a (Lcom/android/tools/r8/graph/E0;Lcom/android/tools/r8/graph/E0;Lcom/android/tools/r8/graph/j1;)Lcom/android/tools/r8/graph/c5$c; 4338 0 143526 0 1640
ciMethod  @bci com/android/tools/r8/graph/h c (Lcom/android/tools/r8/graph/M2;)Lcom/android/tools/r8/graph/E0; 23 <appendix> member <vmtarget> ; <init> (Lcom/android/tools/r8/graph/x0;)V 1698 0 119456 0 0
ciMethod  @bci com/android/tools/r8/graph/h c (Lcom/android/tools/r8/graph/M2;)Lcom/android/tools/r8/graph/E0; 23 <appendix> member <vmtarget> ; apply (Ljava/lang/Object;)Ljava/lang/Object; 5124 0 46189 0 632
ciMethod com/android/tools/r8/graph/W <init> ()V 1024 0 41120 0 0
ciMethod com/android/tools/r8/graph/W a (Lcom/android/tools/r8/graph/H2;)Lcom/android/tools/r8/graph/W; 1024 0 11592 0 0
ciMethod com/android/tools/r8/graph/W a (Lcom/android/tools/r8/graph/v2;)Lcom/android/tools/r8/graph/W; 1768 0 28552 0 0
ciMethod com/android/tools/r8/graph/W a ()Lcom/android/tools/r8/graph/b0; 5274 0 41268 0 144
ciMethod  @bci com/android/tools/r8/graph/z4 f (Lcom/android/tools/r8/graph/M2;)Lcom/android/tools/r8/graph/b0; 28 <appendix> member <vmtarget> ; <init> (Lcom/android/tools/r8/graph/W;)V 1028 0 41408 0 0
ciMethod  @bci com/android/tools/r8/graph/z4 f (Lcom/android/tools/r8/graph/M2;)Lcom/android/tools/r8/graph/b0; 28 <appendix> member <vmtarget> ; accept (Ljava/lang/Object;)V 4244 0 30153 0 0
ciMethod  @bci com/android/tools/r8/graph/z4 f (Lcom/android/tools/r8/graph/M2;)Lcom/android/tools/r8/graph/b0; 60 <appendix> member <vmtarget> ; <init> (Lcom/android/tools/r8/graph/W;)V 1026 0 41399 0 0
ciMethod  @bci com/android/tools/r8/graph/z4 f (Lcom/android/tools/r8/graph/M2;)Lcom/android/tools/r8/graph/b0; 60 <appendix> member <vmtarget> ; accept (Ljava/lang/Object;)V 4936 0 13510 0 0
ciMethod  @bci com/android/tools/r8/graph/z4 f (Lcom/android/tools/r8/graph/M2;)Lcom/android/tools/r8/graph/b0; 101 <appendix> member <vmtarget> ; <init> (Lcom/android/tools/r8/graph/W;)V 1026 0 28514 0 0
ciMethod com/android/tools/r8/graph/F2 <init> (Lcom/android/tools/r8/graph/I2;Lcom/android/tools/r8/graph/L2;)V 514 0 153689 0 0
ciMethod com/android/tools/r8/graph/F2 a ()Lcom/android/tools/r8/graph/L2; 376 0 188 0 0
ciMethod com/android/tools/r8/graph/F2 b ()Lcom/android/tools/r8/graph/I2; 268 0 134 0 0
ciMethodData com/android/tools/r8/graph/B2 a (Lcom/android/tools/r8/graph/I2;Lcom/android/tools/r8/graph/L2;)Z 2 184824 orig 80 0 0 0 0 0 0 0 0 0 0 0 0 236 1 0 0 0 0 0 0 0 0 0 0 0 0 0 0 0 0 0 0 0 0 0 0 0 0 0 8 0 0 0 0 0 0 0 0 0 0 0 0 0 0 0 0 0 0 0 0 0 0 0 0 0 0 0 0 0 0 0 0 0 0 0 0 0 0 0 0 data 33 0x50005 0x2d1fe 0x0 0x0 0x0 0x0 0x0 0x80000006000a0007 0x2aad9 0x78 0x2742 0x120005 0x2742 0x0 0x0 0x0 0x0 0x0 0x170007 0x1492 0x20 0x12b3 0x0 0x0 0x0 0x0 0x0 0x0 0x9 0x3 0x0 0x0 0x0 oops 0 methods 0
ciMethodData com/android/tools/r8/graph/E0 b (Lcom/android/tools/r8/graph/B2;)Lcom/android/tools/r8/graph/j1; 2 53742 orig 80 1 0 0 0 0 0 0 0 0 0 0 0 236 1 0 0 0 0 0 0 0 0 0 0 0 0 0 0 0 0 0 0 0 0 0 0 0 0 0 0 0 0 0 0 0 0 0 0 0 0 0 0 0 0 0 0 0 0 0 0 0 0 0 0 0 0 0 0 0 0 0 0 0 0 0 0 0 0 0 0 data 31 0x90005 0x0 0x0 0x1ec8de18870 0xd1fc 0x0 0x0 0xd0005 0x0 0x0 0x1ec8de18870 0xd1ff 0x0 0x0 0x120005 0x0 0x0 0x1ec8c522678 0x7e5b 0x1ec8c522728 0x53aa 0x0 0x0 0x0 0x0 0x0 0x0 0x9 0x2 0x0 0x0 oops 4 3 com/android/tools/r8/graph/B2 10 com/android/tools/r8/graph/B2 17 com/android/tools/r8/graph/P4 19 com/android/tools/r8/graph/S4 methods 0
ciMethodData com/android/tools/r8/graph/P4 a (Lcom/android/tools/r8/graph/I2;Lcom/android/tools/r8/graph/L2;)Lcom/android/tools/r8/graph/j1; 2 27288 orig 80 1 0 0 0 0 0 0 0 0 0 0 0 236 1 0 0 0 0 0 0 0 0 0 0 0 0 0 0 0 0 0 0 0 0 0 0 0 0 0 0 0 0 0 0 0 0 0 0 0 0 0 0 0 0 0 0 0 0 0 0 0 0 0 0 0 0 0 0 0 0 0 0 0 0 0 0 0 0 0 0 data 82 0x100007 0x6864 0x118 0xbf3d 0x1a0005 0x0 0x0 0x1ec46a33750 0xbf4f 0x0 0x0 0x1d0004 0x0 0x0 0x1ec8de18870 0xbf45 0x0 0x0 0x220005 0xbf49 0x0 0x0 0x0 0x0 0x0 0x250007 0xbced 0x38 0x263 0x280003 0x264 0x30 0x2e0003 0xbcef 0xffffffffffffff00 0x360007 0x264 0x120 0x6829 0x470007 0x5818 0x100 0x19b51 0x510005 0x0 0x0 0x1ec46a33750 0x19b54 0x0 0x0 0x540004 0x0 0x0 0x1ec8de18870 0x19b47 0x0 0x0 0x590005 0x19b48 0x0 0x0 0x0 0x0 0x0 0x5c0007 0x18afd 0x20 0x104b 0x650003 0x18b08 0xffffffffffffff18 0x0 0x0 0x0 0x0 0x0 0x0 0x9 0x3 0x0 0x0 0x0 oops 4 7 com/android/tools/r8/graph/j1 14 com/android/tools/r8/graph/B2 46 com/android/tools/r8/graph/j1 53 com/android/tools/r8/graph/B2 methods 0
ciMethodData com/android/tools/r8/graph/S4 a (Lcom/android/tools/r8/graph/I2;Lcom/android/tools/r8/graph/L2;)Lcom/android/tools/r8/graph/j1; 2 153307 orig 80 1 0 0 0 0 0 0 0 0 0 0 0 236 1 0 0 0 0 0 0 4 0 0 0 0 0 0 0 0 0 0 0 0 0 0 0 0 0 0 0 0 0 0 0 0 0 0 0 0 0 0 0 0 0 0 0 0 0 0 0 0 0 0 0 0 0 0 0 0 0 0 0 0 0 0 0 0 0 0 0 data 27 0xc0002 0x25782 0x8000000400130005 0x0 0x0 0x1ec8e719a60 0x2561f 0x1ec8e719b10 0x5 0x180104 0x0 0x0 0x1ec46a33750 0x1ed14 0x0 0x0 0x0 0x0 0x0 0x0 0x0 0x0 0x9 0x3 0x0 0x0 0x0 oops 3 5 com/android/tools/r8/internal/d40 7 com/android/tools/r8/internal/U30 12 com/android/tools/r8/graph/j1 methods 0
ciMethodData com/android/tools/r8/graph/F2 <init> (Lcom/android/tools/r8/graph/I2;Lcom/android/tools/r8/graph/L2;)V 2 153432 orig 80 0 0 0 0 0 0 0 0 0 0 0 0 236 1 0 0 0 0 0 0 0 0 0 0 0 0 0 0 0 0 0 0 0 0 0 0 0 0 0 0 0 0 0 0 0 0 0 0 0 0 0 0 0 0 0 0 0 0 0 0 0 0 0 0 0 0 0 0 0 0 0 0 0 0 0 0 0 0 0 0 data 11 0x30002 0x25737 0x0 0x0 0x0 0x0 0x9 0x3 0x6 0x0 0x0 oops 0 methods 0
ciMethodData com/android/tools/r8/internal/d40 get (Ljava/lang/Object;)Ljava/lang/Object; 2 80648 orig 80 2 0 0 0 0 0 0 0 0 0 0 0 236 1 0 0 0 0 0 0 4 0 0 0 0 0 0 0 0 0 0 0 0 1 0 0 0 0 0 0 0 0 0 0 0 0 0 0 0 0 0 0 0 0 0 0 0 0 0 0 0 0 0 0 0 0 0 0 0 0 0 0 0 0 0 0 0 0 0 0 data 59 0x10007 0x13b00 0x40 0x0 0x80007 0x0 0x20 0x0 0x80000004001e0005 0x0 0x0 0x1ec8e719390 0x13abf 0x1ec8ee20608 0x3f 0x210002 0x13af6 0x2f0007 0x122ac 0x20 0x18c2 0x370005 0x0 0x0 0x1ec8e719390 0x12243 0x1ec8ee20608 0x3f 0x3a0007 0x650b 0x20 0xbea4 0x530007 0xe57c 0x20 0x211f 0x5b0005 0x0 0x0 0x1ec8e719390 0xe55b 0x1ec8ee20608 0x18 0x5e0007 0xa1cc 0xffffffffffffffa8 0x441e 0x0 0x0 0x0 0x0 0x0 0x0 0x0 0x0 0x9 0x2 0x0 0xffffffffffffffff oops 6 11 com/android/tools/r8/graph/F2 13 com/android/tools/r8/graph/m1 24 com/android/tools/r8/graph/F2 26 com/android/tools/r8/graph/m1 39 com/android/tools/r8/graph/F2 41 com/android/tools/r8/graph/m1 methods 0
ciMethod com/android/tools/r8/graph/n5 <init> (Lcom/android/tools/r8/graph/E0;Lcom/android/tools/r8/graph/v2;Lcom/android/tools/r8/graph/j1;)V 942 0 74070 0 -1
ciMethod com/android/tools/r8/graph/o5 <init> (Lcom/android/tools/r8/graph/E0;Lcom/android/tools/r8/graph/H2;Lcom/android/tools/r8/graph/j1;)V 1024 0 68427 0 -1
ciMethodData com/android/tools/r8/internal/rd a (Lcom/android/tools/r8/graph/M2;)Lcom/android/tools/r8/graph/E0; 2 102608 orig 80 0 0 0 0 0 0 0 0 0 0 0 0 0 0 0 0 0 0 0 0 0 0 0 0 0 0 0 0 0 0 0 0 0 0 0 0 0 0 0 0 0 0 0 0 0 0 0 0 0 0 0 0 0 0 0 0 0 0 0 0 0 0 0 0 0 0 0 0 0 0 0 0 0 0 0 0 0 0 0 0 data 125 0x40005 0x19121 0x0 0x0 0x0 0x0 0x0 0x70007 0x955b 0x120 0xfdd1 0xf0005 0x0 0x0 0x1ec46256ac8 0xfdc6 0x0 0x0 0x140104 0x0 0x0 0x1ec8e582278 0x2db1 0x0 0x0 0x190007 0x2db3 0x20 0xcfd8 0x1f0005 0x0 0x0 0x1ec8e582278 0x2db3 0x0 0x0 0x240004 0x0 0x0 0x1ec8e582278 0x2db2 0x0 0x0 0x2d0005 0x0 0x0 0x1ec46256ac8 0x955d 0x0 0x0 0x320104 0x0 0x0 0x1ec8e5455e0 0x9067 0x0 0x0 0x370007 0x4e6 0x90 0x9069 0x3b0005 0x0 0x0 0x1ec8e5455e0 0x9066 0x0 0x0 0x400104 0x0 0x0 0x1ec46890468 0x66f4 0x0 0x0 0x4d000a 0x4e8 0x5 0x0 0x1ec8df7a528 0x1 0x1ec8de18bb0 0x1ec8e545690 0x520005 0x0 0x0 0x1ec46256ac8 0x4e8 0x0 0x0 0x570004 0x0 0x0 0x1ec8e5455e0 0x4e8 0x0 0x0 0x5e0007 0x4e8 0x20 0x0 0x640005 0x0 0x0 0x1ec8e5455e0 0x4e8 0x0 0x0 0x690104 0x0 0x0 0x1ec46890468 0xff 0x0 0x0 0x0 0x0 0x0 0x0 0x0 0x0 0x9 0x2 0x0 0xffffffffffffffff oops 15 14 java/util/concurrent/ConcurrentHashMap 21 com/android/tools/r8/graph/H2 32 com/android/tools/r8/graph/H2 39 com/android/tools/r8/graph/H2 46 java/util/concurrent/ConcurrentHashMap 53 com/android/tools/r8/internal/qd 64 com/android/tools/r8/internal/qd 71 com/android/tools/r8/graph/v2 79 com/android/tools/r8/internal/AS 81 com/android/tools/r8/graph/M2 82  @bci com/android/tools/r8/internal/rd a (Lcom/android/tools/r8/graph/M2;)Lcom/android/tools/r8/graph/E0; 77 <appendix> member <vmtarget> ; 86 java/util/concurrent/ConcurrentHashMap 93 com/android/tools/r8/internal/qd 104 com/android/tools/r8/internal/qd 111 com/android/tools/r8/graph/v2 methods 0
ciMethodData com/android/tools/r8/graph/K5 getHolder ()Lcom/android/tools/r8/graph/H2; 2 658681 orig 80 0 0 0 0 0 0 0 0 0 0 0 0 0 0 0 0 0 0 0 0 0 0 0 0 0 0 0 0 0 0 0 0 0 0 0 0 0 0 0 0 0 0 0 0 0 0 0 0 0 0 0 0 0 0 0 0 0 0 0 0 0 0 0 0 0 0 0 0 0 0 0 0 0 0 0 0 0 0 0 0 data 36 0x80007 0xa1056 0xa0 0x0 0xc0005 0x0 0x0 0x0 0x0 0x0 0x0 0xf0007 0x0 0x38 0x0 0x120003 0x0 0x28 0x190002 0x0 0x1e0005 0x0 0x0 0x1ec8e582278 0xa0c59 0x0 0x0 0x0 0x0 0x0 0x0 0x0 0x0 0x9 0x1 0x0 oops 1 23 com/android/tools/r8/graph/H2 methods 0
ciMethodData com/android/tools/r8/graph/W <init> ()V 2 40608 orig 80 0 0 0 0 0 0 0 0 0 0 0 0 0 0 0 0 0 0 0 0 0 0 0 0 0 0 0 0 0 0 0 0 0 0 0 0 0 0 0 0 0 0 0 0 0 0 0 0 0 0 0 0 0 0 0 0 0 0 0 0 0 0 0 0 0 0 0 0 0 0 0 0 0 0 0 0 0 0 0 0 data 7 0x10002 0x9f0e 0x0 0x0 0x9 0x1 0x0 oops 0 methods 0
ciMethodData com/android/tools/r8/synthesis/E a (Ljava/util/function/Function;Lcom/android/tools/r8/graph/M2;)Lcom/android/tools/r8/graph/b0; 2 45249 orig 80 1 0 0 0 1 0 0 0 0 0 0 0 0 0 0 0 0 0 0 0 7 0 0 0 0 0 0 0 0 0 0 0 0 0 0 0 0 3 0 0 0 0 0 0 0 0 0 0 0 0 0 0 0 0 0 0 0 0 0 0 0 0 0 0 0 0 0 0 0 0 0 0 0 0 0 0 0 0 0 0 data 179 0xc0005 0x0 0x0 0x1ec46256ac8 0xb0fb 0x0 0x0 0x80000004000f0104 0x0 0x0 0x1ec8ce3b600 0x1 0x1ec8ce3b6b0 0x3 0x150007 0xb0df 0x240 0x7 0x80000004001b0005 0x0 0x0 0x1ec8ce3b600 0x4 0x1ec8ce3b6b0 0x7 0x290007 0xb 0xd8 0x0 0x2d0005 0x0 0x0 0x0 0x0 0x0 0x0 0x320005 0x0 0x0 0x0 0x0 0x0 0x0 0x350007 0x0 0x38 0x0 0x380003 0x0 0x28 0x3f0002 0x0 0x450007 0xb 0x110 0x0 0x4a0005 0x0 0x0 0x0 0x0 0x0 0x0 0x4e0004 0x0 0x0 0x0 0x0 0x0 0x0 0x530004 0x0 0x0 0x0 0x0 0x0 0x0 0x560007 0x0 0x38 0x0 0x590003 0x0 0x28 0x600002 0x0 0x650007 0xb0a6 0x220 0xb 0x6e0007 0xb 0x68 0x0 0x720007 0x0 0x38 0x0 0x750003 0x0 0x28 0x7c0002 0x0 0x820007 0xb 0x198 0x0 0x870005 0x0 0x0 0x0 0x0 0x0 0x0 0x8c0004 0x0 0x0 0x0 0x0 0x0 0x0 0x8f0005 0x0 0x0 0x0 0x0 0x0 0x0 0x940007 0x0 0xd0 0x0 0x980005 0x0 0x0 0x0 0x0 0x0 0x0 0x9b0007 0x0 0x38 0x0 0x9e0003 0x0 0x58 0xa6000a 0x0 0x3 0x0 0x0 0x0 0xab0002 0x0 0xb30005 0x0 0x0 0x1ec46dff978 0xa917 0x1ec8ce3b760 0x7cd 0xb80004 0x0 0x0 0x1ec8e582278 0x35c1 0x1ec46890468 0x7b98 0x800000020015000d 0x1ec46dfcf88 0x800000020015000d 0x1ec46dfdb48 0x800000020015000d 0x1ec46dff2b8 0x9 0x3 0x0 0x0 0x0 oops 9 3 java/util/concurrent/ConcurrentHashMap 10 com/android/tools/r8/synthesis/W 12 com/android/tools/r8/synthesis/N 21 com/android/tools/r8/synthesis/W 23 com/android/tools/r8/synthesis/N 157  @bci com/android/tools/r8/graph/h c (Lcom/android/tools/r8/graph/M2;)Lcom/android/tools/r8/graph/E0; 23 <appendix> member <vmtarget> ; 159  @bci com/android/tools/r8/graph/h f (Lcom/android/tools/r8/graph/M2;)Lcom/android/tools/r8/graph/b0; 23 <appendix> member <vmtarget> ; 164 com/android/tools/r8/graph/H2 166 com/android/tools/r8/graph/v2 methods 3 169 com/android/tools/r8/graph/h g (Lcom/android/tools/r8/graph/M2;)Lcom/android/tools/r8/graph/E0; 171 com/android/tools/r8/graph/h c (Lcom/android/tools/r8/graph/M2;)Lcom/android/tools/r8/graph/E0; 173 com/android/tools/r8/synthesis/E a (Ljava/util/function/Function;Lcom/android/tools/r8/graph/M2;)Lcom/android/tools/r8/graph/b0;
ciMethodData com/android/tools/r8/graph/z4 f (Lcom/android/tools/r8/graph/M2;)Lcom/android/tools/r8/graph/b0; 2 40733 orig 80 0 0 0 0 0 0 0 0 0 0 0 0 0 0 0 0 0 0 0 0 0 0 0 0 0 0 0 0 0 0 0 0 0 0 0 0 0 0 0 0 0 0 0 0 0 0 0 0 0 0 0 0 0 0 0 0 0 0 0 0 0 0 0 0 0 0 0 0 0 0 0 0 0 0 0 0 0 0 0 0 data 188 0x60002 0x9f1a 0xe0007 0x0 0x118 0x9ef0 0x130005 0x9ef5 0x0 0x0 0x0 0x0 0x0 0x160104 0x0 0x0 0x1ec46890468 0x6d60 0x0 0x0 0x1c000a 0x9ec8 0x3 0x0 0x1ec8df7a1f0 0x1ec8d80c520 0x230007 0x31e8 0x58 0x6dcb 0x290005 0x0 0x0 0x1ec8d80c520 0x6dca 0x0 0x0 0x330005 0x9f85 0x0 0x0 0x0 0x0 0x0 0x360104 0x0 0x0 0x1ec8e582278 0x31d3 0x0 0x0 0x3c000a 0x9f3d 0x3 0x0 0x1ec8df7a1f0 0x1ec8d80c5d0 0x430007 0x6dd5 0x70 0x31e3 0x490005 0x0 0x0 0x1ec8d80c5d0 0x31e2 0x0 0x0 0x4e0003 0x31df 0x338 0x570007 0x0 0x130 0x6dcc 0x5c0005 0x6dcd 0x0 0x0 0x0 0x0 0x0 0x5f0104 0x0 0x0 0x0 0x0 0x0 0x0 0x65000a 0x6da6 0x3 0x0 0x1ec8df7a1f0 0x1ec8d80c680 0x6c0007 0x6dd4 0x70 0x0 0x720005 0x0 0x0 0x0 0x0 0x0 0x0 0x770003 0x0 0x18 0x820007 0x6dd5 0x1f0 0x0 0x860007 0x0 0x130 0x0 0x8b0005 0x0 0x0 0x0 0x0 0x0 0x0 0x900004 0x0 0x0 0x0 0x0 0x0 0x0 0x96000a 0x0 0x3 0x0 0x0 0x0 0x9c0007 0x0 0x110 0x0 0xa10005 0x0 0x0 0x0 0x0 0x0 0x0 0xa60003 0x0 0xb8 0xac0007 0x0 0xa0 0x0 0xb10005 0x0 0x0 0x0 0x0 0x0 0x0 0xb60007 0x0 0x38 0x0 0xb90003 0x0 0x28 0xc00002 0x0 0xc50005 0x9f5e 0x0 0x0 0x0 0x0 0x0 0x0 0x0 0x0 0x0 0x0 0x0 0x9 0x2 0x0 0x0 oops 10 16 com/android/tools/r8/graph/v2 24 com/android/tools/r8/graph/W 25  @bci com/android/tools/r8/graph/z4 f (Lcom/android/tools/r8/graph/M2;)Lcom/android/tools/r8/graph/b0; 28 <appendix> member <vmtarget> ; 33  @bci com/android/tools/r8/graph/z4 f (Lcom/android/tools/r8/graph/M2;)Lcom/android/tools/r8/graph/b0; 28 <appendix> member <vmtarget> ; 47 com/android/tools/r8/graph/H2 55 com/android/tools/r8/graph/W 56  @bci com/android/tools/r8/graph/z4 f (Lcom/android/tools/r8/graph/M2;)Lcom/android/tools/r8/graph/b0; 60 <appendix> member <vmtarget> ; 64  @bci com/android/tools/r8/graph/z4 f (Lcom/android/tools/r8/graph/M2;)Lcom/android/tools/r8/graph/b0; 60 <appendix> member <vmtarget> ; 93 com/android/tools/r8/graph/W 94  @bci com/android/tools/r8/graph/z4 f (Lcom/android/tools/r8/graph/M2;)Lcom/android/tools/r8/graph/b0; 101 <appendix> member <vmtarget> ; methods 0
ciMethodData  @bci com/android/tools/r8/graph/h c (Lcom/android/tools/r8/graph/M2;)Lcom/android/tools/r8/graph/E0; 23 <appendix> member <vmtarget> ; apply (Ljava/lang/Object;)Ljava/lang/Object; 2 43627 orig 80 0 0 0 0 0 0 0 0 0 0 0 0 0 0 0 0 0 0 0 0 0 0 0 0 0 0 0 0 0 0 0 0 0 0 0 0 0 0 0 0 0 0 0 0 0 0 0 0 0 0 0 0 0 0 0 0 0 0 0 0 0 0 0 0 0 0 0 0 0 0 0 0 0 0 0 0 0 0 0 0 data 24 0x50004 0x0 0x0 0x1ec8de18bb0 0xaa79 0x0 0x0 0x80005 0x0 0x0 0x1ec46dff8c8 0xaa7c 0x0 0x0 0x0 0x0 0x0 0x0 0x0 0x0 0x9 0x2 0x0 0x0 oops 2 3 com/android/tools/r8/graph/M2 10 com/android/tools/r8/graph/z4 methods 0
ciMethodData  @bci com/android/tools/r8/graph/h c (Lcom/android/tools/r8/graph/M2;)Lcom/android/tools/r8/graph/E0; 23 <appendix> member <vmtarget> ; <init> (Lcom/android/tools/r8/graph/x0;)V 2 118607 orig 80 0 0 0 0 0 0 0 0 0 0 0 0 0 0 0 0 0 0 0 0 0 0 0 0 0 0 0 0 0 0 0 0 0 0 0 0 0 0 0 0 0 0 0 0 0 0 0 0 0 0 0 0 0 0 0 0 0 0 0 0 0 0 0 0 0 0 0 0 0 0 0 0 0 0 0 0 0 0 0 0 data 10 0x10002 0x1d07d 0x0 0x0 0x0 0x0 0x9 0x2 0x6 0x0 oops 0 methods 0
ciMethodData com/android/tools/r8/graph/h c (Lcom/android/tools/r8/graph/M2;)Lcom/android/tools/r8/graph/E0; 2 117603 orig 80 2 0 0 0 0 0 0 0 0 0 0 0 0 0 0 0 0 0 0 0 0 0 0 0 0 0 0 0 0 0 0 0 0 0 0 0 0 0 0 0 0 0 0 0 0 0 0 0 0 0 0 0 0 0 0 0 0 0 0 0 0 0 0 0 0 0 0 0 0 0 0 0 0 0 0 0 0 0 0 0 data 43 0x30007 0x1cb62 0x58 0x0 0x70005 0x0 0x0 0x0 0x0 0x0 0x0 0x130002 0x1cb0d 0x17000a 0x1cae5 0x3 0x0 0x1ec46dff8c8 0x1ec46dff978 0x1d0005 0x1d06c 0x0 0x0 0x0 0x0 0x0 0x200005 0x4 0x0 0x1ec46890468 0x1544c 0x1ec8e582278 0x7ccc 0x0 0x0 0x0 0x0 0x0 0x0 0x9 0x2 0x0 0x0 oops 4 17 com/android/tools/r8/graph/z4 18  @bci com/android/tools/r8/graph/h c (Lcom/android/tools/r8/graph/M2;)Lcom/android/tools/r8/graph/E0; 23 <appendix> member <vmtarget> ; 29 com/android/tools/r8/graph/v2 31 com/android/tools/r8/graph/H2 methods 0
ciMethodData  @bci com/android/tools/r8/graph/z4 f (Lcom/android/tools/r8/graph/M2;)Lcom/android/tools/r8/graph/b0; 28 <appendix> member <vmtarget> ; <init> (Lcom/android/tools/r8/graph/W;)V 2 40894 orig 80 0 0 0 0 0 0 0 0 0 0 0 0 0 0 0 0 0 0 0 0 0 0 0 0 0 0 0 0 0 0 0 0 0 0 0 0 0 0 0 0 0 0 0 0 0 0 0 0 0 0 0 0 0 0 0 0 0 0 0 0 0 0 0 0 0 0 0 0 0 0 0 0 0 0 0 0 0 0 0 0 data 10 0x10002 0x9fbf 0x0 0x0 0x0 0x0 0x9 0x2 0x6 0x0 oops 0 methods 0
ciMethodData  @bci com/android/tools/r8/graph/z4 f (Lcom/android/tools/r8/graph/M2;)Lcom/android/tools/r8/graph/b0; 60 <appendix> member <vmtarget> ; <init> (Lcom/android/tools/r8/graph/W;)V 2 40886 orig 80 0 0 0 0 0 0 0 0 0 0 0 0 0 0 0 0 0 0 0 0 0 0 0 0 0 0 0 0 0 0 0 0 0 0 0 0 0 0 0 0 0 0 0 0 0 0 0 0 0 0 0 0 0 0 0 0 0 0 0 0 0 0 0 0 0 0 0 0 0 0 0 0 0 0 0 0 0 0 0 0 data 10 0x10002 0x9fb4 0x0 0x0 0x0 0x0 0x9 0x2 0x6 0x0 oops 0 methods 0
ciMethodData com/android/tools/r8/graph/W a ()Lcom/android/tools/r8/graph/b0; 2 38631 orig 80 0 0 0 0 0 0 0 0 0 0 0 0 0 0 0 0 0 0 0 0 0 0 0 0 0 0 0 0 0 0 0 0 0 0 0 0 0 0 0 0 0 0 0 0 0 0 0 0 0 0 0 0 0 0 0 0 0 0 0 0 0 0 0 0 0 0 0 0 0 0 0 0 0 0 0 0 0 0 0 0 data 90 0x60007 0x2f4a 0x40 0x67f1 0xd0007 0x67ff 0x20 0x2 0x150007 0x2f49 0x20 0x67fe 0x210007 0x0 0x20 0x2f4b 0x270005 0x0 0x0 0x0 0x0 0x0 0x0 0x2c0007 0x0 0x68 0x0 0x380005 0x0 0x0 0x0 0x0 0x0 0x0 0x430002 0x0 0x4a0007 0x0 0x110 0x0 0x510004 0x0 0x0 0x0 0x0 0x0 0x0 0x550005 0x0 0x0 0x0 0x0 0x0 0x0 0x590004 0x0 0x0 0x0 0x0 0x0 0x0 0x5c0007 0x0 0x38 0x0 0x5f0003 0x0 0x28 0x660002 0x0 0x730005 0x0 0x0 0x0 0x0 0x0 0x0 0x7e0002 0x0 0x0 0x0 0x0 0x0 0x0 0x0 0x0 0x0 0x9 0x1 0x0 oops 0 methods 0
ciMethodData com/android/tools/r8/graph/h g (Lcom/android/tools/r8/graph/M2;)Lcom/android/tools/r8/graph/E0; 2 238220 orig 80 3 0 0 0 0 0 0 0 0 0 0 0 0 0 0 0 0 0 0 0 0 0 0 0 0 0 0 0 0 0 0 0 0 0 0 0 0 0 0 0 0 0 0 0 0 0 0 0 0 0 0 0 0 0 0 0 0 0 0 0 0 0 0 0 0 0 0 0 0 0 0 0 0 0 0 0 0 0 0 0 data 17 0x20005 0x3a325 0x0 0x0 0x0 0x0 0x0 0x0 0x0 0x0 0x0 0x0 0x0 0x9 0x2 0x0 0x0 oops 0 methods 0
ciMethodData  @bci com/android/tools/r8/graph/z4 f (Lcom/android/tools/r8/graph/M2;)Lcom/android/tools/r8/graph/b0; 101 <appendix> member <vmtarget> ; <init> (Lcom/android/tools/r8/graph/W;)V 2 28001 orig 80 0 0 0 0 0 0 0 0 0 0 0 0 0 0 0 0 0 0 0 0 0 0 0 0 0 0 0 0 0 0 0 0 0 0 0 0 0 0 0 0 0 0 0 0 0 0 0 0 0 0 0 0 0 0 0 0 0 0 0 0 0 0 0 0 0 0 0 0 0 0 0 0 0 0 0 0 0 0 0 0 data 10 0x10002 0x6d5b 0x0 0x0 0x0 0x0 0x9 0x2 0x6 0x0 oops 0 methods 0
ciMethodData com/android/tools/r8/graph/W a (Lcom/android/tools/r8/graph/v2;)Lcom/android/tools/r8/graph/W; 2 27668 orig 80 0 0 0 0 0 0 0 0 0 0 0 0 0 0 0 0 0 0 0 0 0 0 0 0 0 0 0 0 0 0 0 0 0 0 0 0 0 0 0 0 0 0 0 0 0 0 0 0 0 0 0 0 0 0 0 0 0 0 0 0 0 0 0 0 0 0 0 0 0 0 0 0 0 0 0 0 0 0 0 0 data 23 0x30007 0x6c15 0x68 0x0 0xa0007 0x0 0x38 0x0 0xd0003 0x0 0x28 0x140002 0x0 0x0 0x0 0x0 0x0 0x0 0x0 0x9 0x2 0x0 0x0 oops 0 methods 0
ciMethodData  @bci com/android/tools/r8/graph/z4 f (Lcom/android/tools/r8/graph/M2;)Lcom/android/tools/r8/graph/b0; 28 <appendix> member <vmtarget> ; accept (Ljava/lang/Object;)V 2 28031 orig 80 0 0 0 0 0 0 0 0 0 0 0 0 0 0 0 0 0 0 0 0 0 0 0 0 0 0 0 0 0 0 0 0 0 0 0 0 0 0 0 0 0 0 0 0 0 0 0 0 0 0 0 0 0 0 0 0 0 0 0 0 0 0 0 0 0 0 0 0 0 0 0 0 0 0 0 0 0 0 0 0 data 24 0x50004 0x0 0x0 0x1ec46890468 0x6d83 0x0 0x0 0x80005 0x6d85 0x0 0x0 0x0 0x0 0x0 0x0 0x0 0x0 0x0 0x0 0x0 0x9 0x2 0x0 0x0 oops 1 3 com/android/tools/r8/graph/v2 methods 0
ciMethodData com/android/tools/r8/graph/y g (Lcom/android/tools/r8/graph/M2;)Lcom/android/tools/r8/graph/E0; 2 273668 orig 80 0 0 0 0 0 0 0 0 0 0 0 0 236 1 0 0 0 0 0 0 0 0 0 0 0 0 0 0 0 0 0 0 0 0 0 0 0 0 0 0 0 0 0 0 0 0 0 0 0 0 0 0 0 0 0 0 0 0 0 0 0 0 0 0 0 0 0 0 0 0 0 0 0 0 0 0 0 0 0 0 data 24 0x10005 0x0 0x0 0x1ec46a37608 0x42d1e 0x0 0x0 0x50005 0x0 0x0 0x1ec8e580340 0x42cdd 0x0 0x0 0x0 0x0 0x0 0x0 0x0 0x0 0x9 0x2 0x0 0x0 oops 2 3 com/android/tools/r8/graph/y 10 com/android/tools/r8/graph/h methods 0
ciMethodData com/android/tools/r8/graph/v2 G ()Lcom/android/tools/r8/graph/v2; 1 702 orig 80 0 0 0 0 0 0 0 0 0 0 0 0 0 0 0 0 0 0 0 0 0 0 0 0 0 0 0 0 0 0 0 0 0 0 0 0 0 0 0 0 0 0 0 0 0 0 0 0 0 0 0 0 0 0 0 0 0 0 0 0 0 0 0 0 0 0 0 0 0 0 0 0 0 0 0 0 0 0 0 0 data 5 0x0 0x0 0x9 0x1 0x0 oops 0 methods 0
ciMethodData  @bci com/android/tools/r8/graph/z4 f (Lcom/android/tools/r8/graph/M2;)Lcom/android/tools/r8/graph/b0; 60 <appendix> member <vmtarget> ; accept (Ljava/lang/Object;)V 2 11042 orig 80 0 0 0 0 0 0 0 0 0 0 0 0 0 0 0 0 0 0 0 0 0 0 0 0 0 0 0 0 0 0 0 0 0 0 0 0 0 0 0 0 0 0 0 0 0 0 0 0 0 0 0 0 0 0 0 0 0 0 0 0 0 0 0 0 0 0 0 0 0 0 0 0 0 0 0 0 0 0 0 0 data 24 0x50004 0x0 0x0 0x1ec8e582278 0x2b4a 0x0 0x0 0x80005 0x2b4b 0x0 0x0 0x0 0x0 0x0 0x0 0x0 0x0 0x0 0x0 0x0 0x9 0x2 0x0 0x0 oops 1 3 com/android/tools/r8/graph/H2 methods 0
ciMethodData com/android/tools/r8/graph/W a (Lcom/android/tools/r8/graph/H2;)Lcom/android/tools/r8/graph/W; 2 11080 orig 80 0 0 0 0 0 0 0 0 0 0 0 0 0 0 0 0 0 0 0 0 0 0 0 0 0 0 0 0 0 0 0 0 0 0 0 0 0 0 0 0 0 0 0 0 0 0 0 0 0 0 0 0 0 0 0 0 0 0 0 0 0 0 0 0 0 0 0 0 0 0 0 0 0 0 0 0 0 0 0 0 data 23 0x30007 0x2b4a 0x68 0x0 0xa0007 0x0 0x38 0x0 0xd0003 0x0 0x28 0x140002 0x0 0x0 0x0 0x0 0x0 0x0 0x0 0x9 0x2 0x0 0x0 oops 0 methods 0
ciMethodData com/android/tools/r8/graph/c5 a (Lcom/android/tools/r8/graph/E0;Lcom/android/tools/r8/graph/E0;Lcom/android/tools/r8/graph/j1;)Lcom/android/tools/r8/graph/c5$c; 2 141357 orig 80 0 0 0 0 0 0 0 0 0 0 0 0 0 0 0 0 0 0 0 0 0 0 0 0 0 0 0 0 0 0 0 0 0 0 0 0 0 0 0 0 0 0 0 0 0 0 0 0 0 0 0 0 0 0 0 0 0 0 0 0 0 0 0 0 0 0 0 0 0 0 0 0 0 0 0 0 0 0 0 0 data 80 0x10005 0x0 0x0 0x1ec8e582278 0x10a84 0x1ec46890468 0x12125 0x40007 0x10a60 0x68 0x120eb 0xc0005 0x0 0x0 0x1ec46890468 0x120eb 0x0 0x0 0x120002 0x120a9 0x170004 0xfffffffffffef590 0x0 0x1ec8e582278 0x11b 0x0 0x0 0x1a0007 0x10a37 0x68 0x0 0x220005 0x0 0x0 0x0 0x0 0x0 0x0 0x280002 0x0 0x2f0007 0x10a69 0xa0 0x0 0x330005 0x0 0x0 0x0 0x0 0x0 0x0 0x360007 0x0 0x38 0x0 0x390003 0x0 0x28 0x400002 0x0 0x490005 0x0 0x0 0x1ec8e582278 0x10a5d 0x0 0x0 0x4f0002 0x10a6f 0x0 0x0 0x0 0x0 0x0 0x0 0x9 0x3 0xffffffffffffffff 0xffffffffffffffff 0xffffffffffffffff oops 5 3 com/android/tools/r8/graph/H2 5 com/android/tools/r8/graph/v2 14 com/android/tools/r8/graph/v2 23 com/android/tools/r8/graph/H2 63 com/android/tools/r8/graph/H2 methods 0
ciMethodData com/android/tools/r8/graph/H0 a (Lcom/android/tools/r8/graph/E0;Lcom/android/tools/r8/graph/j1;)Lcom/android/tools/r8/graph/H0; 2 139924 orig 80 0 0 0 0 0 0 0 0 0 0 0 0 0 0 0 0 0 0 0 0 0 0 0 0 0 0 0 0 0 0 0 0 0 0 0 0 0 0 0 0 0 0 0 0 0 0 0 0 0 0 0 0 0 0 0 0 0 0 0 0 0 0 0 0 0 0 0 0 0 0 0 0 0 0 0 0 0 0 0 0 data 79 0x10005 0x0 0x0 0x1ec8e582278 0x10f9d 0x1ec46890468 0x11798 0x40007 0x117a6 0x68 0x10f7f 0xc0005 0x0 0x0 0x1ec8e582278 0x10f82 0x0 0x0 0x100002 0x10f94 0x150005 0x0 0x0 0x1ec46890468 0x117ba 0x0 0x0 0x180007 0x0 0x68 0x11791 0x200005 0x0 0x0 0x1ec46890468 0x117bc 0x0 0x0 0x240002 0x1179a 0x2b0007 0x0 0xa0 0x0 0x2f0004 0x0 0x0 0x0 0x0 0x0 0x0 0x320007 0x0 0x38 0x0 0x350003 0x0 0x28 0x3c0002 0x0 0x450005 0x0 0x0 0x0 0x0 0x0 0x0 0x490002 0x0 0x0 0x0 0x0 0x0 0x0 0x0 0x9 0x2 0xffffffffffffffff 0xffffffffffffffff oops 5 3 com/android/tools/r8/graph/H2 5 com/android/tools/r8/graph/v2 14 com/android/tools/r8/graph/H2 23 com/android/tools/r8/graph/v2 34 com/android/tools/r8/graph/v2 methods 0
ciMethodData com/android/tools/r8/graph/c5$c o ()Lcom/android/tools/r8/graph/c5$c; 1 538 orig 80 0 0 0 0 0 0 0 0 0 0 0 0 0 0 0 0 0 0 0 0 0 0 0 0 0 0 0 0 0 0 0 0 0 0 0 0 0 0 0 0 0 0 0 0 0 0 0 0 0 0 0 0 0 0 0 0 0 0 0 0 0 0 0 0 0 0 0 0 0 0 0 0 0 0 0 0 0 0 0 0 data 5 0x0 0x0 0x9 0x1 0x0 oops 0 methods 0
ciMethodData com/android/tools/r8/graph/D4 <init> (Lcom/android/tools/r8/graph/v2;Lcom/android/tools/r8/graph/j1;)V 2 71272 orig 80 0 0 0 0 0 0 0 0 0 0 0 0 236 1 0 0 0 0 0 0 0 0 0 0 0 0 0 0 0 0 0 0 0 0 0 0 0 0 0 0 0 0 0 0 0 0 0 0 0 0 0 0 0 0 0 0 0 0 0 0 0 0 0 0 0 0 0 0 0 0 0 0 0 0 0 0 0 0 0 0 data 9 0x30002 0x1168d 0x0 0x0 0x9 0x3 0x0 0x0 0x0 oops 0 methods 0
ciMethodData com/android/tools/r8/graph/D4 getHolder ()Lcom/android/tools/r8/graph/E0; 2 75236 orig 80 0 0 0 0 0 0 0 0 0 0 0 0 0 0 0 0 0 0 0 0 0 0 0 0 0 0 0 0 0 0 0 0 0 0 0 0 0 0 0 0 0 0 0 0 0 0 0 0 0 0 0 0 0 0 0 0 0 0 0 0 0 0 0 0 0 0 0 0 0 0 0 0 0 0 0 0 0 0 0 0 data 16 0x10005 0x12630 0x0 0x0 0x0 0x0 0x0 0x0 0x0 0x0 0x0 0x0 0x0 0x9 0x1 0x0 oops 0 methods 0
ciMethodData com/android/tools/r8/graph/D4 K ()Lcom/android/tools/r8/graph/v2; 2 75284 orig 80 0 0 0 0 0 0 0 0 0 0 0 0 0 0 0 0 0 0 0 0 0 0 0 0 0 0 0 0 0 0 0 0 0 0 0 0 0 0 0 0 0 0 0 0 0 0 0 0 0 0 0 0 0 0 0 0 0 0 0 0 0 0 0 0 0 0 0 0 0 0 0 0 0 0 0 0 0 0 0 0 data 36 0x80007 0x12632 0xa0 0x0 0xc0005 0x0 0x0 0x0 0x0 0x0 0x0 0xf0007 0x0 0x38 0x0 0x120003 0x0 0x28 0x190002 0x0 0x1e0005 0x0 0x0 0x1ec46890468 0x12634 0x0 0x0 0x0 0x0 0x0 0x0 0x0 0x0 0x9 0x1 0x0 oops 1 23 com/android/tools/r8/graph/v2 methods 0
ciMethodData com/android/tools/r8/graph/E0 a (Lcom/android/tools/r8/graph/B2;)Lcom/android/tools/r8/graph/H0; 2 77051 orig 80 0 0 0 0 0 0 0 0 0 0 0 0 0 0 0 0 0 0 0 0 0 0 0 0 0 0 0 0 0 0 0 0 0 0 0 0 0 0 0 0 0 0 0 0 0 0 0 0 0 0 0 0 0 0 0 0 0 0 0 0 0 0 0 0 0 0 0 0 0 0 0 0 0 0 0 0 0 0 0 0 data 37 0x90005 0x0 0x0 0x1ec8de18870 0x12d21 0x0 0x0 0xd0005 0x0 0x0 0x1ec8de18870 0x12d1a 0x0 0x0 0x120005 0x1 0x0 0x1ec8c522678 0x8459 0x1ec8c522728 0xa91b 0x170007 0x97cb 0x30 0x9501 0x1c0002 0x9504 0x0 0x0 0x0 0x0 0x0 0x0 0x9 0x2 0x0 0x0 oops 4 3 com/android/tools/r8/graph/B2 10 com/android/tools/r8/graph/B2 17 com/android/tools/r8/graph/P4 19 com/android/tools/r8/graph/S4 methods 0
ciMethod com/android/tools/r8/internal/Y5 k ()Lcom/android/tools/r8/internal/PE; 264 0 132 0 0
ciMethod com/android/tools/r8/internal/Y5 G ()Lcom/android/tools/r8/internal/a6; 6252 0 464099 0 1224
ciMethod com/android/tools/r8/internal/PE size ()I 282 0 141 0 0
ciMethod com/android/tools/r8/internal/PE j (I)Lcom/android/tools/r8/internal/ME; 4324 0 139194 0 224
ciMethod com/android/tools/r8/internal/a6 hasNext ()Z 4622 0 358844 0 88
ciMethod com/android/tools/r8/internal/a6 a ()Lcom/android/tools/r8/internal/ME; 4690 0 81008 0 520
ciMethod com/android/tools/r8/internal/a6 next ()Ljava/lang/Object; 4552 0 468817 0 520
ciMethod com/android/tools/r8/internal/a6 <init> (Lcom/android/tools/r8/internal/Y5;I)V 4102 0 203239 0 1168
ciMethod com/android/tools/r8/internal/a6 <init> (Lcom/android/tools/r8/internal/Y5;Lcom/android/tools/r8/internal/ME;)V 4388 0 37852 0 968
ciMethod com/android/tools/r8/internal/sB j ()Lcom/android/tools/r8/graph/K5; 418 0 209 0 0
ciMethod com/android/tools/r8/internal/sB b (Ljava/util/Collection;)V 1536 0 49268 0 -1
ciMethod com/android/tools/r8/internal/sB v ()Lcom/android/tools/r8/internal/b6; 5610 0 317777 0 0
ciMethod com/android/tools/r8/internal/sB y ()V 1024 1490 47696 0 -1
ciMethod com/android/tools/r8/internal/sB a (Lcom/android/tools/r8/internal/nB;Lcom/android/tools/r8/ir/optimize/a;)Z 4322 26406 17203 0 -1
ciMethod com/android/tools/r8/internal/sB o ()Ljava/util/Set; 0 0 1 0 -1
ciMethod com/android/tools/r8/ir/optimize/a <init> ()V 1026 0 119434 0 0
ciMethod com/android/tools/r8/ir/optimize/a iterator ()Ljava/util/Iterator; 1024 0 29502 0 0
ciMethod com/android/tools/r8/internal/b6 <init> (Lcom/android/tools/r8/internal/sB;)V 1612 0 314623 0 0
ciMethod com/android/tools/r8/internal/b6 hasNext ()Z 37068 0 409816 0 160
ciMethod com/android/tools/r8/internal/b6 next ()Ljava/lang/Object; 5134 0 500926 0 960
ciMethod com/android/tools/r8/internal/iv0 <init> (Lcom/android/tools/r8/graph/y;Lcom/android/tools/r8/internal/sB;Z)V 1280 0 44551 0 0
ciMethod com/android/tools/r8/internal/iv0 a ()V 1280 320 44913 0 0
ciMethod com/android/tools/r8/internal/iv0 a (Ljava/util/function/Consumer;)V 1024 0 38275 0 -1
ciMethod com/android/tools/r8/internal/iv0 a (Ljava/lang/Iterable;I)V 1024 0 29290 0 0
ciMethod com/android/tools/r8/internal/iv0 a (Lcom/android/tools/r8/internal/zx0;)V 124 0 60 0 -1
ciMethod com/android/tools/r8/internal/iv0 a (Lcom/android/tools/r8/internal/zx0;Lcom/android/tools/r8/internal/mv0;)V 2048 14 105991 0 -1
ciMethod com/android/tools/r8/internal/bz0 a (Ljava/lang/Object;)Z 1234 0 1617 0 -1
ciMethod com/android/tools/r8/internal/bz0 b ()Z 6684 0 452623 0 -1
ciMethod com/android/tools/r8/internal/bz0 c ()Ljava/lang/Object; 48918 0 296370 0 -1
ciMethod com/android/tools/r8/internal/bz0 <init> (Ljava/util/Set;)V 578 0 253428 0 0
ciMethod com/android/tools/r8/internal/bz0 <init> (I)V 4380 0 255143 0 0
ciMethod com/android/tools/r8/ir/optimize/r <init> (Lcom/android/tools/r8/graph/y;Lcom/android/tools/r8/internal/sB;)V 1280 0 44569 0 0
ciMethod com/android/tools/r8/ir/optimize/r a (Lcom/android/tools/r8/internal/F4;Lcom/android/tools/r8/internal/a6;Ljava/util/Set;Ljava/util/function/Consumer;)V 0 0 1 0 -1
ciMethodData com/android/tools/r8/internal/a6 hasNext ()Z 2 356533 orig 80 0 0 0 0 0 0 0 0 0 0 0 0 0 0 0 0 0 0 0 0 0 0 0 0 0 0 0 0 0 0 0 0 0 0 0 0 0 0 0 0 0 0 0 0 0 0 0 0 0 0 0 0 0 0 0 0 0 0 0 0 0 0 0 0 0 0 0 0 0 0 0 0 0 0 0 0 0 0 0 0 data 13 0x40007 0x684a 0x20 0x50a64 0x0 0x0 0x0 0x0 0x0 0x0 0x9 0x1 0x0 oops 0 methods 0
ciMethodData com/android/tools/r8/internal/a6 next ()Ljava/lang/Object; 2 466543 orig 80 0 0 0 0 0 0 0 0 0 0 0 0 0 0 0 0 0 0 0 0 0 0 0 0 0 0 0 0 0 0 0 0 0 0 0 0 0 0 0 0 0 0 0 0 0 0 0 0 0 0 0 0 0 0 0 0 0 0 0 0 0 0 0 0 0 0 0 0 0 0 0 0 0 0 0 0 0 0 0 0 data 16 0x10005 0x7225b 0x0 0x0 0x0 0x0 0x0 0x0 0x0 0x0 0x0 0x0 0x0 0x9 0x1 0x0 oops 0 methods 0
ciMethodData com/android/tools/r8/internal/a6 a ()Lcom/android/tools/r8/internal/ME; 2 78663 orig 80 0 0 0 0 0 0 0 0 0 0 0 0 0 0 0 0 0 0 0 0 0 0 0 0 0 0 0 0 0 0 0 0 0 0 0 0 0 0 0 0 0 0 0 0 0 0 0 0 0 0 0 0 0 0 0 0 0 0 0 0 0 0 0 0 0 0 0 0 0 0 0 0 0 0 0 0 0 0 0 0 data 34 0x60007 0x0 0xb8 0x13366 0xc0007 0x13368 0x98 0x0 0x170007 0x0 0x38 0x0 0x1a0003 0x0 0x58 0x22000a 0x0 0x3 0x0 0x0 0x0 0x270002 0x0 0x3e0002 0x0 0x0 0x0 0x0 0x0 0x0 0x0 0x9 0x1 0x6 oops 0 methods 0
ciMethodData com/android/tools/r8/internal/b6 hasNext ()Z 2 391282 orig 80 0 0 0 0 0 0 0 0 0 0 0 0 236 1 0 0 0 0 0 0 0 0 0 0 0 0 0 0 0 0 0 0 0 0 0 0 0 0 0 0 0 0 0 0 0 0 0 0 0 0 0 0 0 0 0 0 0 0 0 0 0 0 0 0 0 0 0 0 0 0 0 0 0 0 0 0 0 0 0 0 data 16 0x40005 0x0 0x0 0x1ec8dc8ee80 0x5fafa 0x0 0x0 0x0 0x0 0x0 0x0 0x0 0x0 0x9 0x1 0x0 oops 1 3 java/util/LinkedList$ListItr methods 0
ciMethodData com/android/tools/r8/internal/b6 next ()Ljava/lang/Object; 2 498359 orig 80 0 0 0 0 0 0 0 0 0 0 0 0 236 1 0 0 0 0 0 0 0 0 0 0 0 0 0 0 0 0 0 0 0 0 0 0 0 0 0 0 0 0 0 0 0 0 0 0 0 0 0 0 0 0 0 0 0 0 0 0 0 0 0 0 0 0 0 0 0 0 0 0 0 0 0 0 0 0 0 0 data 23 0x40005 0x0 0x0 0x1ec8dc8ee80 0x79b3b 0x0 0x0 0x90004 0x0 0x0 0x1ec46a33120 0x79ad3 0x0 0x0 0x0 0x0 0x0 0x0 0x0 0x0 0x9 0x1 0x0 oops 2 3 java/util/LinkedList$ListItr 10 com/android/tools/r8/internal/Y5 methods 0
ciMethodData com/android/tools/r8/internal/Y5 G ()Lcom/android/tools/r8/internal/a6; 2 461820 orig 80 0 0 0 0 0 0 0 0 0 0 0 0 236 1 0 0 0 0 0 0 0 0 0 0 0 0 0 0 0 0 0 0 0 0 0 0 0 0 0 0 0 0 0 0 0 0 0 0 0 0 0 0 0 0 0 0 0 0 0 0 0 0 0 0 0 0 0 0 0 0 0 0 0 0 0 0 0 0 0 0 data 8 0x60002 0x70cc4 0x0 0x0 0x0 0x9 0x1 0x0 oops 0 methods 0
ciMethodData com/android/tools/r8/internal/a6 <init> (Lcom/android/tools/r8/internal/Y5;I)V 2 201188 orig 80 1 0 0 0 0 0 0 0 0 0 0 0 236 1 0 0 0 0 0 0 0 0 0 0 0 0 0 0 0 0 0 0 0 0 0 0 0 0 0 0 0 0 0 0 0 0 0 0 0 0 0 0 0 0 0 0 0 0 0 0 0 0 0 0 0 0 0 0 0 0 0 0 0 0 0 0 0 0 0 0 data 41 0x50005 0x0 0x0 0x1ec8d9454d8 0x31301 0x0 0x0 0x80007 0x2c7be 0x38 0x4b92 0xd0003 0x4bb9 0x88 0x110005 0x0 0x0 0x1ec46a33120 0x2c783 0x0 0x0 0x150005 0x0 0x0 0x1ec8d9454d8 0x2c77d 0x0 0x0 0x1c0002 0x31264 0x0 0x0 0x0 0x0 0x0 0x0 0x9 0x3 0x0 0x0 0x0 oops 3 3 com/android/tools/r8/internal/PE 17 com/android/tools/r8/internal/Y5 24 com/android/tools/r8/internal/PE methods 0
ciMethod  @bci com/android/tools/r8/internal/iv0 a (Ljava/lang/Iterable;I)V 35 <appendix> member <vmtarget> ; <init> (Lcom/android/tools/r8/internal/iv0;)V 1024 0 29504 0 0
ciMethod  @bci com/android/tools/r8/internal/iv0 a (Ljava/lang/Iterable;I)V 35 <appendix> member <vmtarget> ; accept (Ljava/lang/Object;)V 124 0 60 0 0
ciMethodData com/android/tools/r8/internal/ME f1 ()Z 2 701912 orig 80 0 0 0 0 0 0 0 0 0 0 0 0 236 1 0 0 0 0 0 0 0 0 0 0 0 0 0 0 0 0 0 0 0 0 0 0 0 0 0 0 0 0 0 0 0 0 0 0 0 0 0 0 0 0 0 0 0 0 0 0 0 0 0 0 0 0 0 0 0 0 0 0 0 0 0 0 0 0 0 0 data 13 0x40007 0x56e6d 0x20 0x54be4 0x0 0x0 0x0 0x0 0x0 0x0 0x9 0x1 0x0 oops 0 methods 0
ciMethodData com/android/tools/r8/internal/zx0 s ()Lcom/android/tools/r8/graph/j0; 2 535574 orig 80 0 0 0 0 0 0 0 0 0 0 0 0 236 1 0 0 0 0 0 0 0 0 0 0 0 0 0 0 0 0 0 0 0 0 0 0 0 0 0 0 0 0 0 0 0 0 0 0 0 0 0 0 0 0 0 0 0 0 0 0 0 0 0 0 0 0 0 0 0 0 0 0 0 0 0 0 0 0 0 0 data 13 0x60007 0x4da3d 0x20 0x354a0 0x0 0x0 0x0 0x0 0x0 0x0 0x9 0x1 0x0 oops 0 methods 0
ciMethodData com/android/tools/r8/internal/zx0 z ()Z 2 337312 orig 80 0 0 0 0 0 0 0 0 0 0 0 0 236 1 0 0 0 0 0 0 0 0 0 0 0 0 0 0 0 0 0 0 0 0 0 0 0 0 0 0 0 0 0 0 0 0 0 0 0 0 0 0 0 0 0 0 0 0 0 0 0 0 0 0 0 0 0 0 0 0 0 0 0 0 0 0 0 0 0 0 data 20 0x10005 0x52619 0x0 0x0 0x0 0x0 0x0 0x40007 0x2ede7 0x20 0x238f4 0x0 0x0 0x0 0x0 0x0 0x0 0x9 0x1 0x0 oops 0 methods 0
ciMethodData com/android/tools/r8/internal/bz0 <init> (I)V 2 252954 orig 80 0 0 0 0 0 0 0 0 0 0 0 0 236 1 0 0 0 0 0 0 0 0 0 0 0 0 0 0 0 0 0 0 0 0 0 0 0 0 0 0 0 0 0 0 0 0 0 0 0 0 0 0 0 0 0 0 0 0 0 0 0 0 0 0 0 0 0 0 0 0 0 0 0 0 0 0 0 0 0 0 data 23 0x20007 0x3dca7 0x48 0x0 0xa0002 0x0 0xd0003 0x0 0x28 0x100002 0x3dca1 0x160002 0x3dd1a 0x0 0x0 0x0 0x0 0x0 0x0 0x9 0x2 0x0 0x0 oops 0 methods 0
ciMethodData com/android/tools/r8/internal/bz0 <init> (Ljava/util/Set;)V 2 253171 orig 80 0 0 0 0 0 0 0 0 0 0 0 0 236 1 0 0 0 0 0 0 0 0 0 0 0 0 0 0 0 0 0 0 0 0 0 0 0 0 0 0 0 0 0 0 0 0 0 0 0 0 0 0 0 0 0 0 0 0 0 0 0 0 0 0 0 0 0 0 0 0 0 0 0 0 0 0 0 0 0 0 data 12 0x30002 0x3dd3b 0xb0002 0x3dcdc 0x0 0x0 0x0 0x0 0x9 0x2 0x6 0x0 oops 0 methods 0
ciMethodData com/android/tools/r8/internal/a6 <init> (Lcom/android/tools/r8/internal/Y5;Lcom/android/tools/r8/internal/ME;)V 2 35658 orig 80 0 0 0 0 0 0 0 0 0 0 0 0 236 1 0 0 0 0 0 0 0 0 0 0 0 0 0 0 0 0 0 0 0 0 0 0 0 0 0 0 0 0 0 0 0 0 0 0 0 0 0 0 0 0 0 0 0 0 0 0 0 0 0 0 0 0 0 0 0 0 0 0 0 0 0 0 0 0 0 0 data 34 0x60002 0x8b53 0xc0005 0x0 0x0 0x1ec46a33120 0x8b42 0x0 0x0 0x120007 0x8097 0x38 0xabd 0x170003 0xabd 0x50 0x1b0005 0x10e0 0x0 0x1ec46a93ae0 0x4442 0x1ec46a93b90 0x2bb1 0x0 0x0 0x0 0x0 0x0 0x0 0x9 0x3 0x0 0x0 0x0 oops 3 5 com/android/tools/r8/internal/Y5 19 com/android/tools/r8/internal/mj 21 com/android/tools/r8/internal/m3 methods 0
ciMethodData com/android/tools/r8/internal/PE j (I)Lcom/android/tools/r8/internal/ME; 2 137032 orig 80 1 0 0 0 1 0 0 0 0 0 0 0 236 1 0 0 0 0 0 0 0 0 0 0 0 0 0 0 0 0 0 0 0 0 0 0 0 0 0 2 0 0 0 0 0 0 0 0 0 0 0 0 0 0 0 0 0 0 0 0 0 0 0 0 0 0 0 0 0 0 0 0 0 0 0 0 0 0 0 0 data 49 0x30007 0x219f6 0xa8 0x0 0x70007 0x0 0x58 0x0 0xf0007 0x0 0x38 0x0 0x120003 0x0 0x48 0x1e000a 0x0 0x1 0x0 0x230002 0x0 0x300007 0x219c4 0x58 0x3a 0x420007 0x3a 0x38 0x0 0x4d0003 0x0 0xffffffffffffffe0 0x80000006005b0007 0x219ba 0x38 0x10 0x660003 0x10 0xffffffffffffffe0 0x0 0x0 0x0 0x0 0x0 0x0 0x9 0x2 0x0 0x0 oops 0 methods 0
ciMethodData com/android/tools/r8/internal/b6 <init> (Lcom/android/tools/r8/internal/sB;)V 2 313825 orig 80 0 0 0 0 0 0 0 0 0 0 0 0 236 1 0 0 0 0 0 0 0 0 0 0 0 0 0 0 0 0 0 0 0 0 0 0 0 0 0 0 0 0 0 0 0 0 0 0 0 0 0 0 0 0 0 0 0 0 0 0 0 0 0 0 0 0 0 0 0 0 0 0 0 0 0 0 0 0 0 0 data 19 0x30002 0x4cf8e 0x90005 0x0 0x0 0x1ec8dc8cc10 0x4cefa 0x0 0x0 0x0 0x0 0x0 0x0 0x0 0x0 0x9 0x2 0x6 0x0 oops 1 5 java/util/LinkedList methods 0
ciMethodData com/android/tools/r8/internal/sB v ()Lcom/android/tools/r8/internal/b6; 2 315029 orig 80 0 0 0 0 0 0 0 0 0 0 0 0 0 0 0 0 0 0 0 0 0 0 0 0 0 0 0 0 0 0 0 0 0 0 0 0 0 0 0 0 0 0 0 0 0 0 0 0 0 0 0 0 0 0 0 0 0 0 0 0 0 0 0 0 0 0 0 0 0 0 0 0 0 0 0 0 0 0 0 0 data 8 0x50002 0x4d0cd 0x0 0x0 0x0 0x9 0x1 0x0 oops 0 methods 0
ciMethodData com/android/tools/r8/ir/optimize/a <init> ()V 2 119627 orig 80 0 0 0 0 0 0 0 0 0 0 0 0 0 0 0 0 0 0 0 0 0 0 0 0 0 0 0 0 0 0 0 0 0 0 0 0 0 0 0 0 0 0 0 0 0 0 0 0 0 0 0 0 0 0 0 0 0 0 0 0 0 0 0 0 0 0 0 0 0 0 0 0 0 0 0 0 0 0 0 0 data 13 0x20002 0x1d360 0x60002 0x1d368 0x0 0x0 0x0 0x0 0x0 0x0 0x9 0x1 0x6 oops 0 methods 0
ciMethod com/android/tools/r8/internal/U30 d (Ljava/lang/Object;)Lcom/android/tools/r8/internal/G30; 158 262 72 0 0
ciMethod com/android/tools/r8/internal/U30 get (Ljava/lang/Object;)Ljava/lang/Object; 10 0 5 0 0
ciMethodData com/android/tools/r8/internal/iv0 <init> (Lcom/android/tools/r8/graph/y;Lcom/android/tools/r8/internal/sB;Z)V 2 43937 orig 80 0 0 0 0 0 0 0 0 0 0 0 0 0 0 0 0 0 0 0 0 0 0 0 0 0 0 0 0 0 0 0 0 0 0 0 0 0 0 0 0 0 0 0 0 0 0 0 0 0 0 0 0 0 0 0 0 0 0 0 0 0 0 0 0 0 0 0 0 0 0 0 0 0 0 0 0 0 0 0 0 data 16 0x50002 0xabaf 0x160002 0xabb8 0x280002 0xaba9 0x0 0x0 0x0 0x0 0x9 0x4 0x1e 0x0 0x0 0x0 oops 0 methods 0
ciMethodData com/android/tools/r8/graph/c5$c a (Lcom/android/tools/r8/graph/y;Lcom/android/tools/r8/internal/zK;Lcom/android/tools/r8/graph/K5;)Lcom/android/tools/r8/graph/h3; 2 55361 orig 80 0 0 0 0 0 0 0 0 0 0 0 0 0 0 0 0 0 0 0 0 0 0 0 0 0 0 0 0 0 0 0 0 0 0 0 0 0 0 0 0 0 0 0 0 0 0 0 0 0 0 0 0 0 0 0 0 0 0 0 0 0 0 0 0 0 0 0 0 0 0 0 0 0 0 0 0 0 0 0 0 data 833 0x10005 0x4104 0x0 0x1ec8c842248 0x123f 0x1ec46a33490 0x8509 0x40005 0xd83b 0x0 0x0 0x0 0x0 0x0 0xa0007 0x123f 0x1078 0xc601 0x110007 0x0 0x1048 0xc602 0x170007 0x2d69 0x6b8 0x98a4 0x1d0007 0xf 0x2e8 0x9895 0x230007 0x9894 0xf8 0x0 0x270004 0x0 0x0 0x0 0x0 0x0 0x0 0x2a0007 0x0 0xa0 0x0 0x2e0005 0x0 0x0 0x0 0x0 0x0 0x0 0x310007 0x0 0x38 0x0 0x340003 0x0 0x28 0x3b0002 0x0 0x410005 0x0 0x0 0x1ec46a33490 0x850b 0x1ec8cb9ee88 0x138f 0x450005 0x0 0x0 0x1ec46a37608 0x9891 0x0 0x0 0x480005 0x0 0x0 0x1ec8e580340 0x9890 0x0 0x0 0x4b0007 0x9892 0xe0 0x0 0x4f0005 0x0 0x0 0x0 0x0 0x0 0x0 0x530005 0x0 0x0 0x0 0x0 0x0 0x0 0x560005 0x0 0x0 0x0 0x0 0x0 0x0 0x5b0003 0x0 0x28 0x5e0002 0x988f 0x690005 0x9890 0x0 0x0 0x0 0x0 0x0 0x6f0005 0x0 0x0 0x1ec8cb9c9b0 0xf 0x0 0x0 0x760005 0x0 0x0 0x1ec46a37608 0xf 0x0 0x0 0x790005 0x0 0x0 0x1ec8e580340 0xf 0x0 0x0 0x7c0007 0xf 0x2c8 0x0 0x800007 0x0 0x2a8 0x0 0x840005 0x0 0x0 0x0 0x0 0x0 0x0 0x890005 0x0 0x0 0x0 0x0 0x0 0x0 0x8c0004 0x0 0x0 0x0 0x0 0x0 0x0 0x930005 0x0 0x0 0x0 0x0 0x0 0x0 0x990005 0x0 0x0 0x0 0x0 0x0 0x0 0x9e0005 0x0 0x0 0x0 0x0 0x0 0x0 0xa40005 0x0 0x0 0x0 0x0 0x0 0x0 0xa70007 0x0 0x100 0x0 0xaf0005 0x0 0x0 0x0 0x0 0x0 0x0 0xb20004 0x0 0x0 0x0 0x0 0x0 0x0 0xb60005 0x0 0x0 0x0 0x0 0x0 0x0 0xbb0005 0x0 0x0 0x0 0x0 0x0 0x0 0xc20007 0xf 0x30 0x0 0xcc0002 0x0 0xd50002 0xf 0xdb0005 0x0 0x0 0x1ec46a33540 0x2d69 0x0 0x0 0xde0005 0x0 0x0 0x1ec46a33540 0x2d69 0x0 0x0 0xe20005 0x0 0x0 0x1ec46a37608 0x2d69 0x0 0x0 0xe50005 0x0 0x0 0x1ec8e580340 0x2d68 0x0 0x0 0xe80007 0x2d68 0x440 0x0 0xec0005 0x0 0x0 0x0 0x0 0x0 0x0 0xf10005 0x0 0x0 0x0 0x0 0x0 0x0 0xf40004 0x0 0x0 0x0 0x0 0x0 0x0 0xfa0005 0x0 0x0 0x0 0x0 0x0 0x0 0x1010007 0x0 0x750 0x0 0x1050005 0x0 0x0 0x0 0x0 0x0 0x0 0x1090005 0x0 0x0 0x0 0x0 0x0 0x0 0x10c0005 0x0 0x0 0x0 0x0 0x0 0x0 0x10f0007 0x0 0x38 0x0 0x1140003 0x0 0x180 0x1180005 0x0 0x0 0x0 0x0 0x0 0x0 0x1240005 0x0 0x0 0x0 0x0 0x0 0x0 0x1290007 0x0 0x48 0x0 0x12e0002 0x0 0x1320003 0x0 0x18 0x1380007 0x0 0xffffffffffffff30 0x0 0x13c0005 0x0 0x0 0x0 0x0 0x0 0x0 0x13f0005 0x0 0x0 0x0 0x0 0x0 0x0 0x1420007 0x0 0xfffffffffffffea0 0x0 0x1460007 0x0 0x38 0x0 0x1490003 0x0 0x4c8 0x14f0007 0x0 0x4b0 0x0 0x1540005 0x0 0x0 0x0 0x0 0x0 0x0 0x1570007 0x0 0x38 0x0 0x15a0003 0x0 0x438 0x1610002 0x0 0x16a0005 0x0 0x0 0x1ec46a37608 0x2d68 0x0 0x0 0x1720007 0x0 0x120 0x2d69 0x1770005 0x0 0x0 0x1ec8e582278 0x1726 0x1ec46890468 0x1643 0x17a0007 0x1644 0x78 0x1726 0x18e0005 0x0 0x0 0x1ec46a331d0 0x1726 0x0 0x0 0x1930007 0x1726 0x70 0x0 0x1990005 0x1643 0x0 0x0 0x0 0x0 0x0 0x19d0003 0x1645 0x2d0 0x1a20005 0x0 0x0 0x1ec46a37608 0x1726 0x0 0x0 0x1a50005 0x1726 0x0 0x0 0x0 0x0 0x0 0x1a90005 0x0 0x0 0x1ec8de18870 0x1726 0x0 0x0 0x1ad0005 0x0 0x0 0x1ec46a336a0 0x1726 0x0 0x0 0x1b00005 0x1726 0x0 0x0 0x0 0x0 0x0 0x1b30007 0x1726 0x38 0x0 0x1b80003 0x0 0x180 0x1bc0005 0x1726 0x0 0x0 0x0 0x0 0x0 0x1c80005 0x0 0x0 0x1ec8c522678 0xb79 0x1ec8c522728 0xbad 0x1cd0007 0x0 0x48 0x1726 0x1d20002 0x1726 0x1d60003 0x1726 0x18 0x1dc0007 0x0 0xffffffffffffff30 0x1726 0x1e00005 0x0 0x0 0x1ec46a336a0 0x1726 0x0 0x0 0x1e30005 0x0 0x0 0x1ec8c844098 0x1726 0x0 0x0 0x1e60007 0x0 0xfffffffffffffea0 0x1726 0x1ea0007 0x0 0x30 0x2d6b 0x1f30002 0x2d6b 0x1fc0002 0x0 0x2050002 0x0 0x20b0005 0x0 0x0 0x1ec8c842248 0x123f 0x0 0x0 0x20e0005 0x0 0x0 0x1ec8c842248 0x123f 0x0 0x0 0x2120005 0x0 0x0 0x1ec46a37608 0x123f 0x0 0x0 0x2150005 0x0 0x0 0x1ec8e580340 0x123f 0x0 0x0 0x2180007 0x123f 0x4b0 0x0 0x21c0005 0x0 0x0 0x0 0x0 0x0 0x0 0x2220005 0x0 0x0 0x0 0x0 0x0 0x0 0x2250004 0x0 0x0 0x0 0x0 0x0 0x0 0x22c0005 0x0 0x0 0x0 0x0 0x0 0x0 0x2340007 0x0 0x668 0x0 0x2390005 0x0 0x0 0x0 0x0 0x0 0x0 0x23c0005 0x0 0x0 0x0 0x0 0x0 0x0 0x2400005 0x0 0x0 0x0 0x0 0x0 0x0 0x2440005 0x0 0x0 0x0 0x0 0x0 0x0 0x2470005 0x0 0x0 0x0 0x0 0x0 0x0 0x24a0007 0x0 0x38 0x0 0x24f0003 0x0 0x180 0x2530005 0x0 0x0 0x0 0x0 0x0 0x0 0x25f0005 0x0 0x0 0x0 0x0 0x0 0x0 0x2640007 0x0 0x48 0x0 0x2690002 0x0 0x26d0003 0x0 0x18 0x2730007 0x0 0xffffffffffffff30 0x0 0x2770005 0x0 0x0 0x0 0x0 0x0 0x0 0x27a0005 0x0 0x0 0x0 0x0 0x0 0x0 0x27d0007 0x0 0xfffffffffffffea0 0x0 0x2810007 0x0 0x38 0x0 0x2840003 0x0 0x370 0x28a0007 0x0 0x358 0x0 0x2900005 0x0 0x0 0x0 0x0 0x0 0x0 0x2930007 0x0 0x38 0x0 0x2960003 0x0 0x2e0 0x29d0002 0x0 0x2a30005 0x0 0x0 0x1ec46a37608 0x123f 0x0 0x0 0x2a60005 0x123f 0x0 0x0 0x0 0x0 0x0 0x2aa0005 0x0 0x0 0x1ec8de18870 0x123f 0x0 0x0 0x2ae0005 0x0 0x0 0x1ec46a336a0 0x123f 0x0 0x0 0x2b10005 0x123f 0x0 0x0 0x0 0x0 0x0 0x2b40007 0x1239 0x38 0x6 0x2bc0003 0x6 0x180 0x2c00005 0x1239 0x0 0x0 0x0 0x0 0x0 0x2cc0005 0x0 0x0 0x1ec8c522678 0x860 0x1ec8c522728 0x9d9 0x2d10007 0x0 0x48 0x1239 0x2d60002 0x1239 0x2da0003 0x1239 0x18 0x2e00007 0x0 0xffffffffffffff30 0x1239 0x2e40005 0x0 0x0 0x1ec46a336a0 0x1239 0x0 0x0 0x2e70005 0x0 0x0 0x1ec8c844098 0x1239 0x0 0x0 0x2ea0007 0x0 0xfffffffffffffea0 0x1239 0x2f20007 0x6 0x30 0x1239 0x2fc0002 0x1239 0x3050002 0x6 0x0 0x0 0x0 0x0 0x0 0x0 0x0 0x0 0x0 0x0 0x0 0x0 0x0 0x9 0x4 0x0 0x0 0x0 0x0 oops 35 3 com/android/tools/r8/internal/tK 5 com/android/tools/r8/internal/RK 64 com/android/tools/r8/internal/RK 66 com/android/tools/r8/internal/xK 71 com/android/tools/r8/graph/y 78 com/android/tools/r8/graph/h 122 com/android/tools/r8/internal/MK 129 com/android/tools/r8/graph/y 136 com/android/tools/r8/graph/h 240 com/android/tools/r8/internal/KK 247 com/android/tools/r8/internal/KK 254 com/android/tools/r8/graph/y 261 com/android/tools/r8/graph/h 404 com/android/tools/r8/graph/y 415 com/android/tools/r8/graph/H2 417 com/android/tools/r8/graph/v2 426 java/util/Collections$SetFromMap 447 com/android/tools/r8/graph/y 461 com/android/tools/r8/graph/B2 468 com/android/tools/r8/graph/K5 496 com/android/tools/r8/graph/P4 498 com/android/tools/r8/graph/S4 516 com/android/tools/r8/graph/K5 523 com/android/tools/r8/graph/O4 544 com/android/tools/r8/internal/tK 551 com/android/tools/r8/internal/tK 558 com/android/tools/r8/graph/y 565 com/android/tools/r8/graph/h 722 com/android/tools/r8/graph/y 736 com/android/tools/r8/graph/B2 743 com/android/tools/r8/graph/K5 771 com/android/tools/r8/graph/P4 773 com/android/tools/r8/graph/S4 791 com/android/tools/r8/graph/K5 798 com/android/tools/r8/graph/O4 methods 0
ciMethodData com/android/tools/r8/internal/iv0 a ()V 2 44286 orig 80 0 0 0 0 0 0 0 0 0 0 0 0 0 0 0 0 0 0 0 0 0 0 0 0 0 0 0 0 0 0 0 0 0 0 0 0 0 0 0 0 0 0 0 0 0 0 0 0 0 0 0 0 0 0 0 0 0 0 0 0 0 0 0 0 0 0 0 0 0 0 0 0 0 0 0 0 0 0 0 0 data 148 0x40005 0x0 0x0 0x1ec90029950 0x11d74 0x0 0x0 0x70007 0xad02 0x420 0x7074 0x100005 0x0 0x0 0x1ec90029950 0x7074 0x0 0x0 0x190005 0x0 0x0 0x1ec46a331d0 0x7073 0x0 0x0 0x1f0004 0x0 0x0 0x1ec8de16ab0 0x57ee 0x1ec8e8581b0 0x1868 0x250005 0x20 0x0 0x1ec8de16ab0 0x57ee 0x1ec8e8581b0 0x1868 0x290005 0x20 0x0 0x1ec8de16ab0 0x57ee 0x1ec8e8581b0 0x1868 0x2e0007 0x57ee 0xa8 0x1887 0x320005 0x0 0x0 0x1ec8e8581b0 0x1868 0x1ec8e8578c0 0x20 0x3b0005 0x0 0x0 0x1ec8e8581b0 0x1868 0x1ec8e8578c0 0x20 0x3f0003 0x1888 0x50 0x4a0005 0x1134 0x0 0x1ec8e858260 0x3e18 0x1ec8e858310 0x8a0 0x540007 0x7073 0xc0 0x0 0x5b0007 0x0 0xa0 0x0 0x5f0005 0x0 0x0 0x0 0x0 0x0 0x0 0x620007 0x0 0x38 0x0 0x650003 0x0 0x28 0x6c0002 0x0 0x720007 0x7074 0xf8 0x0 0x760005 0x0 0x0 0x0 0x0 0x0 0x0 0x790007 0x0 0xa0 0x0 0x7d0005 0x0 0x0 0x0 0x0 0x0 0x0 0x800007 0x0 0x38 0x0 0x830003 0x0 0x28 0x8a0002 0x0 0x910005 0x7074 0x0 0x0 0x0 0x0 0x0 0x940003 0x7076 0xfffffffffffffbc0 0x0 0x0 0x0 0x0 0x0 0x0 0x9 0x1 0x0 oops 15 3 com/android/tools/r8/internal/bz0 14 com/android/tools/r8/internal/bz0 21 java/util/Collections$SetFromMap 28 com/android/tools/r8/internal/zx0 30 com/android/tools/r8/internal/V60 35 com/android/tools/r8/internal/zx0 37 com/android/tools/r8/internal/V60 42 com/android/tools/r8/internal/zx0 44 com/android/tools/r8/internal/V60 53 com/android/tools/r8/internal/V60 55 com/android/tools/r8/internal/U60 60 com/android/tools/r8/internal/V60 62 com/android/tools/r8/internal/U60 70 com/android/tools/r8/internal/jj 72 com/android/tools/r8/internal/Q3 methods 0
ciMethodData com/android/tools/r8/ir/optimize/r <init> (Lcom/android/tools/r8/graph/y;Lcom/android/tools/r8/internal/sB;)V 2 43955 orig 80 0 0 0 0 0 0 0 0 0 0 0 0 0 0 0 0 0 0 0 0 0 0 0 0 0 0 0 0 0 0 0 0 0 0 0 0 0 0 0 0 0 0 0 0 0 0 0 0 0 0 0 0 0 0 0 0 0 0 0 0 0 0 0 0 0 0 0 0 0 0 0 0 0 0 0 0 0 0 0 0 data 15 0x60002 0xabb6 0x90002 0xabc0 0x0 0x0 0x0 0x0 0x0 0x0 0x9 0x3 0xe 0x0 0x0 oops 0 methods 0
ciMethodData com/android/tools/r8/internal/RY b (Lcom/android/tools/r8/internal/sB;)Lcom/android/tools/r8/internal/De; 2 16194 orig 80 1 0 0 0 0 0 0 0 0 0 0 0 0 0 0 0 0 0 0 0 0 0 0 0 0 0 0 0 0 0 0 0 0 0 0 0 0 0 0 0 0 0 0 0 0 0 0 0 0 0 0 0 0 0 0 0 0 0 0 0 0 0 0 0 0 0 0 0 0 0 0 0 0 0 0 0 0 0 0 0 data 583 0x50002 0x3f43 0xa0005 0x0 0x0 0x1ec46a31c08 0x3f4f 0x0 0x0 0x1c0002 0x3f50 0x250005 0x0 0x0 0x1ec46a33070 0x16456 0x0 0x0 0x2a0007 0x3f66 0xe20 0x1252d 0x310005 0x0 0x0 0x1ec46a33070 0x1253b 0x0 0x0 0x360004 0x0 0x0 0x1ec46a33120 0x1d2c 0x0 0x0 0x3c0005 0x0 0x0 0x1ec46a331d0 0x1252e 0x0 0x0 0x410007 0x12532 0x38 0x0 0x440003 0x0 0xfffffffffffffee0 0x490005 0x0 0x0 0x1ec46a33120 0x12531 0x0 0x0 0x500005 0x0 0x0 0x1ec46a33280 0x6ec44 0x0 0x0 0x550007 0x1250e 0xfffffffffffffe58 0x5c952 0x5a0005 0x0 0x0 0x1ec46a33280 0x5c973 0x0 0x0 0x5f0004 0x0 0x0 0x1ec46a33330 0x6a6c 0x1ec46a333e0 0x93f9 0x620005 0x4cc64 0x0 0x1ec46a33330 0x6a6d 0x1ec46a333e0 0x93fa 0x680007 0x4f392 0xffffffffffffff00 0xd6db 0x6d0005 0x42db 0x0 0x1ec46a33490 0x5e42 0x1ec46a33540 0x360f 0x700007 0x4e1c 0xfffffffffffffea8 0x88f1 0x750005 0x19ee 0x0 0x1ec46a33490 0x4913 0x1ec46a33540 0x260f 0x780005 0x88f3 0x0 0x0 0x0 0x0 0x0 0x7b0007 0x7874 0x38 0x1087 0x7e0003 0x1088 0xfffffffffffffdf8 0x8a0005 0x0 0x0 0x1ec46a31c08 0x7875 0x0 0x0 0x900005 0x7874 0x0 0x0 0x0 0x0 0x0 0x960007 0x2259 0x38 0x5633 0x990003 0x5634 0xfffffffffffffd50 0x9e0005 0x0 0x0 0x1ec46a335f0 0x1ad2 0x1ec46a336a0 0x789 0xa10004 0x0 0x0 0x1ec46a33750 0x225b 0x0 0x0 0xa50005 0x225b 0x0 0x0 0x0 0x0 0x0 0xae0005 0x0 0x0 0x1ec46a33800 0x225c 0x0 0x0 0xb10007 0x0 0x38 0x225b 0xb40003 0x225b 0xfffffffffffffc38 0xb90005 0x0 0x0 0x0 0x0 0x0 0x0 0xbf0007 0x0 0xfffffffffffffbe8 0x0 0xc50005 0x0 0x0 0x0 0x0 0x0 0x0 0xcf0002 0x0 0xda0002 0x0 0xdf0005 0x0 0x0 0x0 0x0 0x0 0x0 0xe20007 0x0 0x70 0x0 0xe70005 0x0 0x0 0x0 0x0 0x0 0x0 0xf80003 0x0 0xc0 0xfd0007 0x0 0x70 0x0 0x1020005 0x0 0x0 0x0 0x0 0x0 0x0 0x10a0003 0x0 0x50 0x10f0005 0x0 0x0 0x0 0x0 0x0 0x0 0x1260002 0x0 0x1310002 0x0 0x1390005 0x0 0x0 0x0 0x0 0x0 0x0 0x13c0007 0x0 0x70 0x0 0x1480005 0x0 0x0 0x0 0x0 0x0 0x0 0x14b0003 0x0 0x50 0x1520005 0x0 0x0 0x0 0x0 0x0 0x0 0x1550007 0x0 0x38 0x0 0x1580003 0x0 0xfffffffffffff900 0x1630005 0x0 0x0 0x0 0x0 0x0 0x0 0x1660004 0x0 0x0 0x0 0x0 0x0 0x0 0x16b0005 0x0 0x0 0x0 0x0 0x0 0x0 0x1730007 0x0 0x90 0x0 0x17a0005 0x0 0x0 0x0 0x0 0x0 0x0 0x17d0005 0x0 0x0 0x0 0x0 0x0 0x0 0x1820005 0x0 0x0 0x0 0x0 0x0 0x0 0x1880005 0x0 0x0 0x0 0x0 0x0 0x0 0x1930005 0x0 0x0 0x0 0x0 0x0 0x0 0x1960007 0x0 0x38 0x0 0x1990003 0x0 0xfffffffffffff6e8 0x19e0005 0x0 0x0 0x0 0x0 0x0 0x0 0x1a30005 0x0 0x0 0x0 0x0 0x0 0x0 0x1a60005 0x0 0x0 0x0 0x0 0x0 0x0 0x1a90007 0x0 0x38 0x0 0x1b00003 0x0 0x50 0x1b50005 0x0 0x0 0x0 0x0 0x0 0x0 0x1bb0005 0x0 0x0 0x0 0x0 0x0 0x0 0x1be0007 0x0 0x38 0x0 0x1c40003 0x0 0x18 0x1d60005 0x0 0x0 0x0 0x0 0x0 0x0 0x1da0005 0x0 0x0 0x0 0x0 0x0 0x0 0x1e40005 0x0 0x0 0x0 0x0 0x0 0x0 0x1e90007 0x0 0x170 0x0 0x1fa0002 0x0 0x201000a 0x0 0x5 0x0 0x0 0x1 0x0 0x0 0x2090005 0x0 0x0 0x0 0x0 0x0 0x0 0x20e0005 0x0 0x0 0x0 0x0 0x0 0x0 0x2120005 0x0 0x0 0x0 0x0 0x0 0x0 0x2150007 0x0 0x58 0x0 0x21a0005 0x0 0x0 0x0 0x0 0x0 0x0 0x2240003 0x0 0xfffffffffffff330 0x22e0002 0x3f62 0x2310005 0x0 0x0 0x1ec46a331d0 0x3f6d 0x0 0x0 0x2360007 0x3f6c 0x168 0x0 0x23d0005 0x0 0x0 0x0 0x0 0x0 0x0 0x2420005 0x0 0x0 0x0 0x0 0x0 0x0 0x2490007 0x0 0x130 0x0 0x24d0005 0x0 0x0 0x0 0x0 0x0 0x0 0x2500005 0x0 0x0 0x0 0x0 0x0 0x0 0x2550007 0x0 0x38 0x0 0x2580003 0x0 0x80 0x25f0002 0x0 0x2640007 0x3f68 0x58 0x0 0x26a0005 0x0 0x0 0x0 0x0 0x0 0x0 0x2720002 0x3f6a 0x2780005 0x3f68 0x0 0x0 0x0 0x0 0x0 0x27c0005 0x3f69 0x0 0x0 0x0 0x0 0x0 0x27f0007 0x3f62 0x58 0x0 0x2830005 0x0 0x0 0x0 0x0 0x0 0x0 0x2870007 0x3f65 0x20 0x0 0x0 0x0 0x0 0x0 0x0 0x0 0x0 0x0 0x0 0x0 0x0 0x0 0x0 0x9 0x2 0x0 0x0 oops 22 5 com/android/tools/r8/internal/sB 14 com/android/tools/r8/internal/b6 25 com/android/tools/r8/internal/b6 32 com/android/tools/r8/internal/Y5 39 java/util/Collections$SetFromMap 53 com/android/tools/r8/internal/Y5 60 com/android/tools/r8/internal/a6 71 com/android/tools/r8/internal/a6 78 com/android/tools/r8/internal/wh 80 com/android/tools/r8/internal/Oz 85 com/android/tools/r8/internal/wh 87 com/android/tools/r8/internal/Oz 96 com/android/tools/r8/internal/RK 98 com/android/tools/r8/internal/KK 107 com/android/tools/r8/internal/RK 109 com/android/tools/r8/internal/KK 128 com/android/tools/r8/internal/sB 149 com/android/tools/r8/graph/D4 151 com/android/tools/r8/graph/K5 156 com/android/tools/r8/graph/j1 170 com/android/tools/r8/internal/Kj 475 java/util/Collections$SetFromMap methods 0
ciMethodData com/android/tools/r8/internal/zK f (Lcom/android/tools/r8/graph/y;Lcom/android/tools/r8/graph/K5;)Lcom/android/tools/r8/graph/c5; 2 126832 orig 80 0 0 0 0 0 0 0 0 0 0 0 0 0 0 0 0 0 0 0 0 0 0 0 0 0 0 0 0 0 0 0 0 0 0 0 0 0 0 0 1 0 0 0 0 0 0 0 0 0 0 0 0 0 0 0 0 0 0 0 0 0 0 0 0 0 0 0 0 0 0 0 0 0 0 0 0 0 0 0 0 data 140 0x10005 0x0 0x0 0x1ec46a37608 0x1ef79 0x0 0x0 0x40005 0x0 0x0 0x1ec8e580340 0x1ef75 0x0 0x0 0x70007 0x1ef6a 0x90 0x0 0xc0005 0x0 0x0 0x0 0x0 0x0 0x0 0xf0005 0x0 0x0 0x0 0x0 0x0 0x0 0x170005 0x0 0x0 0x1ec8de18870 0x1ef69 0x0 0x0 0x1b0005 0x0 0x0 0x1ec46a336a0 0x1ef5e 0x0 0x0 0x1e0005 0x1ef56 0x0 0x0 0x0 0x0 0x0 0x210007 0x19a92 0xc0 0x54eb 0x250005 0x54eb 0x0 0x0 0x0 0x0 0x0 0x2e0005 0x54ea 0x0 0x0 0x0 0x0 0x0 0x330007 0xbdb 0x30 0x4916 0x390002 0x4916 0x450005 0x0 0x0 0x1ec8de18870 0x1a663 0x0 0x0 0x4d0005 0x0 0x0 0x1ec46a331d0 0x1a664 0x0 0x0 0x520007 0x134a5 0x130 0x71f7 0x5a0005 0x0 0x0 0x1ec46a37608 0x71f6 0x0 0x0 0x8000000600610007 0xa 0xd8 0x71f4 0x650005 0x0 0x0 0x1ec46a335f0 0x71f4 0x0 0x0 0x6a0005 0x0 0x0 0x1ec46a335f0 0x71f3 0x0 0x0 0x6d0004 0x0 0x0 0x1ec46a33750 0x71f3 0x0 0x0 0x700002 0x71f2 0x0 0x0 0x0 0x0 0x0 0x0 0x9 0x3 0x0 0x0 0x0 oops 10 3 com/android/tools/r8/graph/y 10 com/android/tools/r8/graph/h 35 com/android/tools/r8/graph/B2 42 com/android/tools/r8/graph/K5 80 com/android/tools/r8/graph/B2 87 java/util/Collections$SetFromMap 98 com/android/tools/r8/graph/y 109 com/android/tools/r8/graph/D4 116 com/android/tools/r8/graph/D4 123 com/android/tools/r8/graph/j1 methods 0
ciMethodData  @bci com/android/tools/r8/internal/iv0 a (Ljava/lang/Iterable;I)V 35 <appendix> member <vmtarget> ; <init> (Lcom/android/tools/r8/internal/iv0;)V 2 28992 orig 80 0 0 0 0 0 0 0 0 0 0 0 0 0 0 0 0 0 0 0 0 0 0 0 0 0 0 0 0 0 0 0 0 0 0 0 0 0 0 0 0 0 0 0 0 0 0 0 0 0 0 0 0 0 0 0 0 0 0 0 0 0 0 0 0 0 0 0 0 0 0 0 0 0 0 0 0 0 0 0 0 data 10 0x10002 0x714b 0x0 0x0 0x0 0x0 0x9 0x2 0x6 0x0 oops 0 methods 0
ciMethodData com/android/tools/r8/internal/zK e (Lcom/android/tools/r8/graph/y;Lcom/android/tools/r8/graph/K5;)Lcom/android/tools/r8/graph/H0; 2 126746 orig 80 0 0 0 0 0 0 0 0 0 0 0 0 0 0 0 0 0 0 0 0 0 0 0 0 0 0 0 0 0 0 0 0 0 0 0 0 0 0 0 0 0 0 0 0 0 0 0 0 0 0 0 0 0 0 0 0 0 0 0 0 0 0 0 0 0 0 0 0 0 0 0 0 0 0 0 0 0 0 0 0 data 61 0x30005 0x1ef82 0x0 0x0 0x0 0x0 0x0 0x80005 0x4917 0x0 0x1ec8d17e158 0x134ae 0x1ec8d17e208 0x71f0 0xb0007 0x134aa 0x120 0xbaf5 0xf0005 0x0 0x0 0x1ec8d17e208 0x71f0 0x1ec8d17e2b8 0x4915 0x150005 0xbaf9 0x0 0x0 0x0 0x0 0x0 0x1a0004 0xffffffffffffc776 0x0 0x1ec8d17d8b0 0x827c 0x1ec8d17e368 0x111 0x1d0007 0x388a 0x58 0x827d 0x210005 0x0 0x0 0x1ec8d17d8b0 0x827d 0x0 0x0 0x0 0x0 0x0 0x0 0x0 0x0 0x9 0x3 0x0 0x0 0x0 oops 7 10 com/android/tools/r8/graph/p5 12 com/android/tools/r8/graph/n5 21 com/android/tools/r8/graph/n5 23 com/android/tools/r8/graph/o5 35 com/android/tools/r8/graph/W5 37 com/android/tools/r8/graph/f6 46 com/android/tools/r8/graph/W5 methods 0
ciMethodData com/android/tools/r8/internal/iv0 a (Ljava/lang/Iterable;I)V 2 28999 orig 80 0 0 0 0 0 0 0 0 0 0 0 0 0 0 0 0 0 0 0 0 0 0 0 0 0 0 0 0 0 0 0 0 0 0 0 0 0 0 0 0 0 0 0 0 0 0 0 0 0 0 0 0 0 0 0 0 0 0 0 0 0 0 0 0 0 0 0 0 0 0 0 0 0 0 0 0 0 0 0 0 data 51 0x80007 0x714b 0xa0 0x0 0xf0005 0x0 0x0 0x0 0x0 0x0 0x0 0x120007 0x0 0x38 0x0 0x150003 0x0 0x28 0x1c0002 0x0 0x23000a 0x7149 0x3 0x0 0x1ec46a37408 0x1ec8c133058 0x280005 0x0 0x0 0x1ec46a381a0 0x714c 0x0 0x0 0x2d0005 0x7142 0x0 0x0 0x0 0x0 0x0 0x0 0x0 0x0 0x0 0x0 0x0 0x9 0x3 0x0 0x0 0x0 oops 3 24 com/android/tools/r8/internal/iv0 25  @bci com/android/tools/r8/internal/iv0 a (Ljava/lang/Iterable;I)V 35 <appendix> member <vmtarget> ; 29 com/android/tools/r8/ir/optimize/a methods 0
ciMethodData com/android/tools/r8/ir/optimize/a iterator ()Ljava/util/Iterator; 2 28990 orig 80 0 0 0 0 0 0 0 0 0 0 0 0 0 0 0 0 0 0 0 0 0 0 0 0 0 0 0 0 0 0 0 0 0 0 0 0 0 0 0 0 0 0 0 0 0 0 0 0 0 0 0 0 0 0 0 0 0 0 0 0 0 0 0 0 0 0 0 0 0 0 0 0 0 0 0 0 0 0 0 0 data 16 0x40005 0x0 0x0 0x1ec46a331d0 0x7147 0x0 0x0 0x0 0x0 0x0 0x0 0x0 0x0 0x9 0x1 0x0 oops 1 3 java/util/Collections$SetFromMap methods 0
ciMethodData com/android/tools/r8/internal/iv0 a (Ljava/util/function/Consumer;)V 2 37993 orig 80 0 0 0 0 0 0 0 0 0 0 0 0 0 0 0 0 0 0 0 0 0 0 0 0 0 0 0 0 0 0 0 0 0 0 0 0 0 0 0 0 0 0 0 0 0 0 0 0 0 0 0 0 0 0 0 0 0 0 0 0 0 0 0 0 0 0 0 0 0 0 0 0 0 0 0 0 0 0 0 0 data 436 0x2 0x949a 0xd0005 0x0 0x0 0x1ec46a331d0 0x94a3 0x0 0x0 0x120007 0x0 0x38 0x94a6 0x170003 0x94a6 0xb50 0x240005 0x0 0x0 0x0 0x0 0x0 0x0 0x2b0005 0x0 0x0 0x0 0x0 0x0 0x0 0x300007 0x0 0xa90 0x0 0x350005 0x0 0x0 0x0 0x0 0x0 0x0 0x3a0004 0x0 0x0 0x0 0x0 0x0 0x0 0x3d0005 0x0 0x0 0x0 0x0 0x0 0x0 0x440005 0x0 0x0 0x0 0x0 0x0 0x0 0x490007 0x0 0xfffffffffffffec8 0x0 0x4e0005 0x0 0x0 0x0 0x0 0x0 0x0 0x530004 0x0 0x0 0x0 0x0 0x0 0x0 0x5a0005 0x0 0x0 0x0 0x0 0x0 0x0 0x5e0004 0x0 0x0 0x0 0x0 0x0 0x0 0x610007 0x0 0xfffffffffffffec8 0x0 0x670005 0x0 0x0 0x0 0x0 0x0 0x0 0x710005 0x0 0x0 0x0 0x0 0x0 0x0 0x760007 0x0 0x38 0x0 0x7c0003 0x0 0x7c8 0x810005 0x0 0x0 0x0 0x0 0x0 0x0 0x840005 0x0 0x0 0x0 0x0 0x0 0x0 0x870007 0x0 0x48 0x0 0x900002 0x0 0x960003 0x0 0x710 0x9b0005 0x0 0x0 0x0 0x0 0x0 0x0 0x9e0007 0x0 0x2d8 0x0 0xa60005 0x0 0x0 0x0 0x0 0x0 0x0 0xa90005 0x0 0x0 0x0 0x0 0x0 0x0 0xaf0005 0x0 0x0 0x0 0x0 0x0 0x0 0xb20005 0x0 0x0 0x0 0x0 0x0 0x0 0xbd0005 0x0 0x0 0x0 0x0 0x0 0x0 0xc00007 0x0 0x1a0 0x0 0xc60007 0x0 0xfffffffffffffda0 0x0 0xce0005 0x0 0x0 0x0 0x0 0x0 0x0 0xd30005 0x0 0x0 0x0 0x0 0x0 0x0 0xd60005 0x0 0x0 0x0 0x0 0x0 0x0 0xd90005 0x0 0x0 0x0 0x0 0x0 0x0 0xdf0005 0x0 0x0 0x0 0x0 0x0 0x0 0xe40007 0x0 0x38 0x0 0xe70003 0x0 0xfffffffffffffc48 0xee0002 0x0 0xf70005 0x0 0x0 0x0 0x0 0x0 0x0 0xfa0005 0x0 0x0 0x0 0x0 0x0 0x0 0xfd0007 0x0 0x368 0x0 0x1020005 0x0 0x0 0x0 0x0 0x0 0x0 0x1050005 0x0 0x0 0x0 0x0 0x0 0x0 0x1080007 0x0 0x2d8 0x0 0x10d0005 0x0 0x0 0x0 0x0 0x0 0x0 0x1100005 0x0 0x0 0x0 0x0 0x0 0x0 0x1130005 0x0 0x0 0x0 0x0 0x0 0x0 0x1160007 0x0 0x210 0x0 0x11b0005 0x0 0x0 0x0 0x0 0x0 0x0 0x11e0005 0x0 0x0 0x0 0x0 0x0 0x0 0x1210005 0x0 0x0 0x0 0x0 0x0 0x0 0x1240005 0x0 0x0 0x0 0x0 0x0 0x0 0x1270007 0x0 0x110 0x0 0x12d0007 0x0 0xd8 0x0 0x1350005 0x0 0x0 0x0 0x0 0x0 0x0 0x1380005 0x0 0x0 0x0 0x0 0x0 0x0 0x13b0007 0x0 0x38 0x0 0x13e0003 0x0 0x28 0x1450002 0x0 0x1580003 0x0 0x28 0x1610002 0x0 0x16e0003 0x0 0xfffffffffffff650 0x1750005 0x0 0x0 0x0 0x0 0x0 0x0 0x17e0007 0x949a 0x128 0x0 0x1860005 0x0 0x0 0x0 0x0 0x0 0x0 0x1900002 0x0 0x1980005 0x0 0x0 0x0 0x0 0x0 0x0 0x19d0005 0x0 0x0 0x0 0x0 0x0 0x0 0x1a00005 0x0 0x0 0x0 0x0 0x0 0x0 0x1a50003 0x0 0xfffffffffffff348 0x1ac0007 0x9473 0x58 0x20 0x1b30005 0x0 0x0 0x1ec46a31c08 0x20 0x0 0x0 0x0 0x0 0x0 0x0 0x0 0x0 0x0 0x0 0x0 0x9 0x2 0x0 0x0 oops 2 5 java/util/Collections$SetFromMap 419 com/android/tools/r8/internal/sB methods 0
ciMethodData com/android/tools/r8/graph/W5 a ()Lcom/android/tools/r8/graph/W5; 2 6719 orig 80 0 0 0 0 0 0 0 0 0 0 0 0 0 0 0 0 0 0 0 0 0 0 0 0 0 0 0 0 0 0 0 0 0 0 0 0 0 0 0 0 0 0 0 0 0 0 0 0 0 0 0 0 0 0 0 0 0 0 0 0 0 0 0 0 0 0 0 0 0 0 0 0 0 0 0 0 0 0 0 0 data 5 0x0 0x0 0x9 0x1 0x0 oops 0 methods 0
ciMethodData com/android/tools/r8/graph/d1 b (Lcom/android/tools/r8/graph/B2;)Lcom/android/tools/r8/graph/H0; 2 29012 orig 80 0 0 0 0 0 0 0 0 0 0 0 0 0 0 0 0 0 0 0 0 0 0 0 0 0 0 0 0 0 0 0 0 0 0 0 0 0 0 0 0 0 0 0 0 0 0 0 0 0 0 0 0 0 0 0 0 0 0 0 0 0 0 0 0 0 0 0 0 0 0 0 0 0 0 0 0 0 0 0 0 data 35 0x20005 0x0 0x0 0x1ec8de18870 0x7155 0x0 0x0 0x50005 0x0 0x0 0x1ec46a37608 0x7155 0x0 0x0 0xc0007 0x0 0x58 0x7159 0x110005 0x7158 0x0 0x0 0x0 0x0 0x0 0x0 0x0 0x0 0x0 0x0 0x0 0x9 0x2 0x0 0x0 oops 2 3 com/android/tools/r8/graph/B2 10 com/android/tools/r8/graph/y methods 0
ciMethodData com/android/tools/r8/internal/bz0 a (Ljava/lang/Object;)Z 2 1025 orig 80 0 0 0 0 0 0 0 0 0 0 0 0 0 0 0 0 0 0 0 0 0 0 0 0 0 0 0 0 0 0 0 0 0 0 0 0 0 0 0 0 0 0 0 0 0 0 0 0 0 0 0 0 0 0 0 0 0 0 0 0 0 0 0 0 0 0 0 0 0 0 0 0 0 0 0 0 0 0 0 0 data 28 0x50005 0x0 0x0 0x1ec46a331d0 0x402 0x0 0x0 0xa0007 0xc0 0x58 0x342 0x120005 0x0 0x0 0x1ec9002cd40 0x342 0x0 0x0 0x0 0x0 0x0 0x0 0x0 0x0 0x9 0x2 0x0 0xffffffffffffffff oops 2 3 java/util/Collections$SetFromMap 14 java/util/ArrayDeque methods 0
compile com/android/tools/r8/internal/RY b (Lcom/android/tools/r8/internal/sB;)Lcom/android/tools/r8/internal/De; -1 4 inline 263 0 -1 0 com/android/tools/r8/internal/RY b (Lcom/android/tools/r8/internal/sB;)Lcom/android/tools/r8/internal/De; 1 5 0 com/android/tools/r8/internal/Em0 c ()Ljava/util/Set; 2 0 0 com/android/tools/r8/internal/Gl0 a ()Ljava/util/Set; 3 4 0 java/util/IdentityHashMap <init> ()V 4 1 0 java/util/AbstractMap <init> ()V 5 1 0 java/lang/Object <init> ()V 4 7 0 java/util/IdentityHashMap init (I)V 3 7 0 java/util/Collections newSetFromMap (Ljava/util/Map;)Ljava/util/Set; 4 1 0 java/util/IdentityHashMap isEmpty ()Z 4 25 0 java/util/Collections$SetFromMap <init> (Ljava/util/Map;)V 5 1 0 java/util/AbstractSet <init> ()V 6 1 0 java/util/AbstractCollection <init> ()V 7 1 0 java/lang/Object <init> ()V 5 11 0 java/util/IdentityHashMap keySet ()Ljava/util/Set; 6 14 0 java/util/IdentityHashMap$KeySet <init> (Ljava/util/IdentityHashMap;)V 7 6 0 java/util/AbstractSet <init> ()V 8 1 0 java/util/AbstractCollection <init> ()V 9 1 0 java/lang/Object <init> ()V 1 10 0 com/android/tools/r8/internal/sB v ()Lcom/android/tools/r8/internal/b6; 2 5 0 com/android/tools/r8/internal/b6 <init> (Lcom/android/tools/r8/internal/sB;)V 3 3 0 java/lang/Object <init> ()V 3 9 0 java/util/AbstractList listIterator ()Ljava/util/ListIterator; 4 2 0 java/util/LinkedList listIterator (I)Ljava/util/ListIterator; 5 2 0 java/util/LinkedList checkPositionIndex (I)V 6 2 0 java/util/LinkedList isPositionIndex (I)Z 5 11 0 java/util/LinkedList$ListItr <init> (Ljava/util/LinkedList;I)V 6 6 0 java/lang/Object <init> ()V 6 35 0 java/util/LinkedList node (I)Ljava/util/LinkedList$Node; 1 28 0 com/android/tools/r8/internal/iv0 <init> (Lcom/android/tools/r8/graph/y;Lcom/android/tools/r8/internal/sB;Z)V 2 5 0 java/lang/Object <init> ()V 2 22 0 com/android/tools/r8/internal/bz0 <init> (I)V 3 16 0 com/android/tools/r8/internal/Em0 c ()Ljava/util/Set; 4 0 0 com/android/tools/r8/internal/Gl0 a ()Ljava/util/Set; 5 4 0 java/util/IdentityHashMap <init> ()V 6 1 0 java/util/AbstractMap <init> ()V 7 1 0 java/lang/Object <init> ()V 6 7 0 java/util/IdentityHashMap init (I)V 5 7 0 java/util/Collections newSetFromMap (Ljava/util/Map;)Ljava/util/Set; 6 1 0 java/util/IdentityHashMap isEmpty ()Z 6 25 0 java/util/Collections$SetFromMap <init> (Ljava/util/Map;)V 7 1 0 java/util/AbstractSet <init> ()V 8 1 0 java/util/AbstractCollection <init> ()V 9 1 0 java/lang/Object <init> ()V 7 11 0 java/util/IdentityHashMap keySet ()Ljava/util/Set; 8 14 0 java/util/IdentityHashMap$KeySet <init> (Ljava/util/IdentityHashMap;)V 9 6 0 java/util/AbstractSet <init> ()V 10 1 0 java/util/AbstractCollection <init> ()V 11 1 0 java/lang/Object <init> ()V 3 22 0 com/android/tools/r8/internal/bz0 <init> (Ljava/util/Set;)V 4 3 0 java/lang/Object <init> ()V 4 11 0 java/util/ArrayDeque <init> ()V 5 1 0 java/util/AbstractCollection <init> ()V 6 1 0 java/lang/Object <init> ()V 2 40 0 com/android/tools/r8/ir/optimize/r <init> (Lcom/android/tools/r8/graph/y;Lcom/android/tools/r8/internal/sB;)V 3 6 0 java/lang/Object <init> ()V 3 9 0 com/android/tools/r8/internal/Em0 c ()Ljava/util/Set; 4 0 0 com/android/tools/r8/internal/Gl0 a ()Ljava/util/Set; 5 4 0 java/util/IdentityHashMap <init> ()V 6 1 0 java/util/AbstractMap <init> ()V 7 1 0 java/lang/Object <init> ()V 6 7 0 java/util/IdentityHashMap init (I)V 5 7 0 java/util/Collections newSetFromMap (Ljava/util/Map;)Ljava/util/Set; 6 1 0 java/util/IdentityHashMap isEmpty ()Z 6 25 0 java/util/Collections$SetFromMap <init> (Ljava/util/Map;)V 7 1 0 java/util/AbstractSet <init> ()V 8 1 0 java/util/AbstractCollection <init> ()V 9 1 0 java/lang/Object <init> ()V 7 11 0 java/util/IdentityHashMap keySet ()Ljava/util/Set; 8 14 0 java/util/IdentityHashMap$KeySet <init> (Ljava/util/IdentityHashMap;)V 9 6 0 java/util/AbstractSet <init> ()V 10 1 0 java/util/AbstractCollection <init> ()V 11 1 0 java/lang/Object <init> ()V 1 37 0 com/android/tools/r8/internal/b6 hasNext ()Z 2 4 0 java/util/LinkedList$ListItr hasNext ()Z 1 49 0 com/android/tools/r8/internal/b6 next ()Ljava/lang/Object; 2 4 0 java/util/LinkedList$ListItr next ()Ljava/lang/Object; 3 1 0 java/util/LinkedList$ListItr checkForComodification ()V 3 5 0 java/util/LinkedList$ListItr hasNext ()Z 1 60 0 java/util/Collections$SetFromMap contains (Ljava/lang/Object;)Z 1 73 0 com/android/tools/r8/internal/Y5 G ()Lcom/android/tools/r8/internal/a6; 2 6 0 com/android/tools/r8/internal/a6 <init> (Lcom/android/tools/r8/internal/Y5;I)V 3 5 0 com/android/tools/r8/internal/PE size ()I 3 17 0 com/android/tools/r8/internal/Y5 k ()Lcom/android/tools/r8/internal/PE; 3 21 0 com/android/tools/r8/internal/PE j (I)Lcom/android/tools/r8/internal/ME; 3 28 0 com/android/tools/r8/internal/a6 <init> (Lcom/android/tools/r8/internal/Y5;Lcom/android/tools/r8/internal/ME;)V 4 6 0 java/lang/Object <init> ()V 4 12 0 com/android/tools/r8/internal/Y5 k ()Lcom/android/tools/r8/internal/PE; 4 27 0 com/android/tools/r8/internal/ME c1 ()Lcom/android/tools/r8/internal/ME; 1 80 0 com/android/tools/r8/internal/a6 hasNext ()Z 1 90 0 com/android/tools/r8/internal/a6 next ()Ljava/lang/Object; 2 1 0 com/android/tools/r8/internal/a6 a ()Lcom/android/tools/r8/internal/ME; 1 109 0 com/android/tools/r8/internal/ME f1 ()Z 1 117 0 com/android/tools/r8/internal/ME d ()Lcom/android/tools/r8/internal/zx0; 1 120 0 com/android/tools/r8/internal/zx0 z ()Z 2 1 0 com/android/tools/r8/internal/zx0 s ()Lcom/android/tools/r8/graph/j0; 1 138 0 com/android/tools/r8/internal/sB j ()Lcom/android/tools/r8/graph/K5; 1 144 0 com/android/tools/r8/internal/zK e (Lcom/android/tools/r8/graph/y;Lcom/android/tools/r8/graph/K5;)Lcom/android/tools/r8/graph/H0; 2 3 0 com/android/tools/r8/internal/zK f (Lcom/android/tools/r8/graph/y;Lcom/android/tools/r8/graph/K5;)Lcom/android/tools/r8/graph/c5; 3 1 0 com/android/tools/r8/graph/y f ()Lcom/android/tools/r8/graph/h; 3 4 0 com/android/tools/r8/graph/h h ()Z 3 23 0 com/android/tools/r8/graph/w2 s0 ()Lcom/android/tools/r8/graph/M2; 3 27 0 com/android/tools/r8/graph/G0 p ()Lcom/android/tools/r8/graph/M2; 3 30 0 com/android/tools/r8/graph/M2 a (Lcom/android/tools/r8/graph/M2;)Z 3 37 0 com/android/tools/r8/graph/K5 getHolder ()Lcom/android/tools/r8/graph/H2; 4 30 0 com/android/tools/r8/graph/H2 d0 ()Lcom/android/tools/r8/graph/H2; 3 46 0 com/android/tools/r8/graph/E0 b (Lcom/android/tools/r8/graph/B2;)Lcom/android/tools/r8/graph/j1; 4 9 0 com/android/tools/r8/graph/B2 y0 ()Lcom/android/tools/r8/graph/I2; 4 13 0 com/android/tools/r8/graph/w2 t0 ()Lcom/android/tools/r8/graph/L2; 4 18 0 com/android/tools/r8/graph/P4 a (Lcom/android/tools/r8/graph/I2;Lcom/android/tools/r8/graph/L2;)Lcom/android/tools/r8/graph/j1; 5 26 0 com/android/tools/r8/graph/h1 E0 ()Lcom/android/tools/r8/graph/w2; 5 34 0 com/android/tools/r8/graph/B2 a (Lcom/android/tools/r8/graph/I2;Lcom/android/tools/r8/graph/L2;)Z 5 81 0 com/android/tools/r8/graph/h1 E0 ()Lcom/android/tools/r8/graph/w2; 5 89 0 com/android/tools/r8/graph/B2 a (Lcom/android/tools/r8/graph/I2;Lcom/android/tools/r8/graph/L2;)Z 4 18 0 com/android/tools/r8/graph/S4 a (Lcom/android/tools/r8/graph/I2;Lcom/android/tools/r8/graph/L2;)Lcom/android/tools/r8/graph/j1; 5 12 0 com/android/tools/r8/graph/F2 <init> (Lcom/android/tools/r8/graph/I2;Lcom/android/tools/r8/graph/L2;)V 6 3 0 com/android/tools/r8/graph/G2 <init> ()V 7 1 0 java/lang/Object <init> ()V 5 19 0 com/android/tools/r8/internal/d40 get (Ljava/lang/Object;)Ljava/lang/Object; 6 30 0 com/android/tools/r8/graph/G2 hashCode ()I 7 2 0 com/android/tools/r8/graph/F2 a ()Lcom/android/tools/r8/graph/L2; 7 6 0 com/android/tools/r8/graph/F2 b ()Lcom/android/tools/r8/graph/I2; 7 22 0 java/util/Objects hash ([Ljava/lang/Object;)I 8 1 0 java/util/Arrays hashCode ([Ljava/lang/Object;)I 6 33 0 com/android/tools/r8/internal/wA a (I)I 6 55 0 com/android/tools/r8/graph/G2 equals (Ljava/lang/Object;)Z 7 22 0 com/android/tools/r8/graph/E2 a ()Lcom/android/tools/r8/graph/L2; 8 4 0 com/android/tools/r8/graph/w2 t0 ()Lcom/android/tools/r8/graph/L2; 7 26 0 com/android/tools/r8/graph/E2 b ()Lcom/android/tools/r8/graph/I2; 8 4 0 com/android/tools/r8/graph/B2 y0 ()Lcom/android/tools/r8/graph/I2; 7 30 0 com/android/tools/r8/graph/F2 a ()Lcom/android/tools/r8/graph/L2; 7 43 0 com/android/tools/r8/graph/F2 b ()Lcom/android/tools/r8/graph/I2; 6 91 0 com/android/tools/r8/graph/G2 equals (Ljava/lang/Object;)Z 7 22 0 com/android/tools/r8/graph/E2 a ()Lcom/android/tools/r8/graph/L2; 8 4 0 com/android/tools/r8/graph/w2 t0 ()Lcom/android/tools/r8/graph/L2; 7 26 0 com/android/tools/r8/graph/E2 b ()Lcom/android/tools/r8/graph/I2; 8 4 0 com/android/tools/r8/graph/B2 y0 ()Lcom/android/tools/r8/graph/I2; 7 30 0 com/android/tools/r8/graph/F2 a ()Lcom/android/tools/r8/graph/L2; 7 43 0 com/android/tools/r8/graph/F2 b ()Lcom/android/tools/r8/graph/I2; 5 19 0 com/android/tools/r8/internal/U30 get (Ljava/lang/Object;)Ljava/lang/Object; 3 69 0 com/android/tools/r8/graph/w2 s0 ()Lcom/android/tools/r8/graph/M2; 3 77 0 java/util/Collections$SetFromMap contains (Ljava/lang/Object;)Z 3 90 0 com/android/tools/r8/graph/d1 b (Lcom/android/tools/r8/graph/B2;)Lcom/android/tools/r8/graph/H0; 4 2 0 com/android/tools/r8/graph/w2 s0 ()Lcom/android/tools/r8/graph/M2; 4 5 0 com/android/tools/r8/graph/y g (Lcom/android/tools/r8/graph/M2;)Lcom/android/tools/r8/graph/E0; 5 1 0 com/android/tools/r8/graph/y f ()Lcom/android/tools/r8/graph/h; 5 5 0 com/android/tools/r8/graph/h g (Lcom/android/tools/r8/graph/M2;)Lcom/android/tools/r8/graph/E0; 6 2 0 com/android/tools/r8/graph/h c (Lcom/android/tools/r8/graph/M2;)Lcom/android/tools/r8/graph/E0; 7 19 0 java/util/Objects requireNonNull (Ljava/lang/Object;)Ljava/lang/Object; 7 23 0 java/lang/invoke/Invokers$Holder linkToTargetMethod (Ljava/lang/Object;Ljava/lang/Object;)Ljava/lang/Object; 8 5 0 java/lang/invoke/DirectMethodHandle$Holder newInvokeSpecial (Ljava/lang/Object;Ljava/lang/Object;)Ljava/lang/Object; 9 1 0 java/lang/invoke/DirectMethodHandle allocateInstance (Ljava/lang/Object;)Ljava/lang/Object; 9 6 0 java/lang/invoke/DirectMethodHandle constructorMethod (Ljava/lang/Object;)Ljava/lang/Object; 9 16 0  @bci com/android/tools/r8/graph/h c (Lcom/android/tools/r8/graph/M2;)Lcom/android/tools/r8/graph/E0; 23 <appendix> member <vmtarget> ; <init> (Lcom/android/tools/r8/graph/x0;)V 10 1 0 java/lang/Object <init> ()V 7 29 0 com/android/tools/r8/synthesis/E a (Ljava/util/function/Function;Lcom/android/tools/r8/graph/M2;)Lcom/android/tools/r8/graph/b0; 8 12 0 java/util/concurrent/ConcurrentHashMap get (Ljava/lang/Object;)Ljava/lang/Object; 9 1 0 com/android/tools/r8/graph/E hashCode ()I 10 11 0 com/android/tools/r8/graph/M2 k0 ()I 11 4 0 com/android/tools/r8/graph/E hashCode ()I 9 4 0 java/util/concurrent/ConcurrentHashMap spread (I)I 9 34 0 java/util/concurrent/ConcurrentHashMap tabAt ([Ljava/util/concurrent/ConcurrentHashMap$Node;I)Ljava/util/concurrent/ConcurrentHashMap$Node; 9 73 0 com/android/tools/r8/graph/E equals (Ljava/lang/Object;)Z 10 7 0 com/android/tools/r8/graph/M2 c (Ljava/lang/Object;)Z 11 18 0 com/android/tools/r8/graph/E equals (Ljava/lang/Object;)Z 12 7 0 com/android/tools/r8/graph/L2 c (Ljava/lang/Object;)Z 9 93 0 java/util/concurrent/ConcurrentHashMap$ReservationNode find (ILjava/lang/Object;)Ljava/util/concurrent/ConcurrentHashMap$Node; 9 149 0 com/android/tools/r8/graph/E equals (Ljava/lang/Object;)Z 10 7 0 com/android/tools/r8/graph/M2 c (Ljava/lang/Object;)Z 11 18 0 com/android/tools/r8/graph/E equals (Ljava/lang/Object;)Z 12 7 0 com/android/tools/r8/graph/L2 c (Ljava/lang/Object;)Z 8 27 0 com/android/tools/r8/synthesis/n d ()Lcom/android/tools/r8/graph/E0; 8 179 0  @bci com/android/tools/r8/graph/h c (Lcom/android/tools/r8/graph/M2;)Lcom/android/tools/r8/graph/E0; 23 <appendix> member <vmtarget> ; apply (Ljava/lang/Object;)Ljava/lang/Object; 9 8 0 com/android/tools/r8/graph/z4 f (Lcom/android/tools/r8/graph/M2;)Lcom/android/tools/r8/graph/b0; 10 6 0 com/android/tools/r8/graph/W <init> ()V 11 1 0 java/lang/Object <init> ()V 10 28 0 java/lang/invoke/Invokers$Holder linkToTargetMethod (Ljava/lang/Object;Ljava/lang/Object;)Ljava/lang/Object; 11 5 0 java/lang/invoke/DirectMethodHandle$Holder newInvokeSpecial (Ljava/lang/Object;Ljava/lang/Object;)Ljava/lang/Object; 12 1 0 java/lang/invoke/DirectMethodHandle allocateInstance (Ljava/lang/Object;)Ljava/lang/Object; 12 6 0 java/lang/invoke/DirectMethodHandle constructorMethod (Ljava/lang/Object;)Ljava/lang/Object; 12 16 0  @bci com/android/tools/r8/graph/z4 f (Lcom/android/tools/r8/graph/M2;)Lcom/android/tools/r8/graph/b0; 28 <appendix> member <vmtarget> ; <init> (Lcom/android/tools/r8/graph/W;)V 13 1 0 java/lang/Object <init> ()V 10 41 0  @bci com/android/tools/r8/graph/z4 f (Lcom/android/tools/r8/graph/M2;)Lcom/android/tools/r8/graph/b0; 28 <appendix> member <vmtarget> ; accept (Ljava/lang/Object;)V 11 8 0 com/android/tools/r8/graph/W a (Lcom/android/tools/r8/graph/v2;)Lcom/android/tools/r8/graph/W; 10 60 0 java/lang/invoke/Invokers$Holder linkToTargetMethod (Ljava/lang/Object;Ljava/lang/Object;)Ljava/lang/Object; 11 5 0 java/lang/invoke/DirectMethodHandle$Holder newInvokeSpecial (Ljava/lang/Object;Ljava/lang/Object;)Ljava/lang/Object; 12 1 0 java/lang/invoke/DirectMethodHandle allocateInstance (Ljava/lang/Object;)Ljava/lang/Object; 12 6 0 java/lang/invoke/DirectMethodHandle constructorMethod (Ljava/lang/Object;)Ljava/lang/Object; 12 16 0  @bci com/android/tools/r8/graph/z4 f (Lcom/android/tools/r8/graph/M2;)Lcom/android/tools/r8/graph/b0; 60 <appendix> member <vmtarget> ; <init> (Lcom/android/tools/r8/graph/W;)V 13 1 0 java/lang/Object <init> ()V 10 73 0  @bci com/android/tools/r8/graph/z4 f (Lcom/android/tools/r8/graph/M2;)Lcom/android/tools/r8/graph/b0; 60 <appendix> member <vmtarget> ; accept (Ljava/lang/Object;)V 11 8 0 com/android/tools/r8/graph/W a (Lcom/android/tools/r8/graph/H2;)Lcom/android/tools/r8/graph/W; 10 101 0 java/lang/invoke/Invokers$Holder linkToTargetMethod (Ljava/lang/Object;Ljava/lang/Object;)Ljava/lang/Object; 11 5 0 java/lang/invoke/DirectMethodHandle$Holder newInvokeSpecial (Ljava/lang/Object;Ljava/lang/Object;)Ljava/lang/Object; 12 1 0 java/lang/invoke/DirectMethodHandle allocateInstance (Ljava/lang/Object;)Ljava/lang/Object; 12 6 0 java/lang/invoke/DirectMethodHandle constructorMethod (Ljava/lang/Object;)Ljava/lang/Object; 12 16 0  @bci com/android/tools/r8/graph/z4 f (Lcom/android/tools/r8/graph/M2;)Lcom/android/tools/r8/graph/b0; 101 <appendix> member <vmtarget> ; <init> (Lcom/android/tools/r8/graph/W;)V 13 1 0 java/lang/Object <init> ()V 10 197 0 com/android/tools/r8/graph/W a ()Lcom/android/tools/r8/graph/b0; 4 17 0 com/android/tools/r8/graph/E0 a (Lcom/android/tools/r8/graph/B2;)Lcom/android/tools/r8/graph/H0; 5 9 0 com/android/tools/r8/graph/B2 y0 ()Lcom/android/tools/r8/graph/I2; 5 13 0 com/android/tools/r8/graph/w2 t0 ()Lcom/android/tools/r8/graph/L2; 5 28 0 com/android/tools/r8/graph/H0 a (Lcom/android/tools/r8/graph/E0;Lcom/android/tools/r8/graph/j1;)Lcom/android/tools/r8/graph/H0; 6 1 0 com/android/tools/r8/graph/b1 e0 ()Z 6 1 0 com/android/tools/r8/graph/H2 e0 ()Z 6 12 0 com/android/tools/r8/graph/H2 d0 ()Lcom/android/tools/r8/graph/H2; 6 16 0 com/android/tools/r8/graph/K5 <init> (Lcom/android/tools/r8/graph/H2;Lcom/android/tools/r8/graph/j1;)V 7 3 0 com/android/tools/r8/graph/H0 <init> (Lcom/android/tools/r8/graph/E0;Lcom/android/tools/r8/graph/j1;)V 8 3 0 com/android/tools/r8/graph/G0 <init> (Lcom/android/tools/r8/graph/E0;Lcom/android/tools/r8/graph/h1;)V 9 1 0 java/lang/Object <init> ()V 6 21 0 com/android/tools/r8/graph/v2 f0 ()Z 6 32 0 com/android/tools/r8/graph/v2 G ()Lcom/android/tools/r8/graph/v2; 6 36 0 com/android/tools/r8/graph/D4 <init> (Lcom/android/tools/r8/graph/v2;Lcom/android/tools/r8/graph/j1;)V 7 3 0 com/android/tools/r8/graph/H0 <init> (Lcom/android/tools/r8/graph/E0;Lcom/android/tools/r8/graph/j1;)V 8 3 0 com/android/tools/r8/graph/G0 <init> (Lcom/android/tools/r8/graph/E0;Lcom/android/tools/r8/graph/h1;)V 9 1 0 java/lang/Object <init> ()V 3 101 0 com/android/tools/r8/graph/D4 getHolder ()Lcom/android/tools/r8/graph/E0; 4 1 0 com/android/tools/r8/graph/D4 K ()Lcom/android/tools/r8/graph/v2; 5 30 0 com/android/tools/r8/graph/v2 G ()Lcom/android/tools/r8/graph/v2; 3 106 0 com/android/tools/r8/graph/G0 d ()Lcom/android/tools/r8/graph/h1; 2 15 0 com/android/tools/r8/graph/c5$c o ()Lcom/android/tools/r8/graph/c5$c; 2 33 0 com/android/tools/r8/graph/W5 a ()Lcom/android/tools/r8/graph/W5; 1 158 0 com/android/tools/r8/graph/G0 d ()Lcom/android/tools/r8/graph/h1; 1 165 0 com/android/tools/r8/graph/j1 L0 ()V 1 174 0 com/android/tools/r8/internal/Kj G ()Z 1 558 0 com/android/tools/r8/ir/optimize/a <init> ()V 2 2 0 com/android/tools/r8/internal/Em0 c ()Ljava/util/Set; 3 0 0 com/android/tools/r8/internal/Gl0 a ()Ljava/util/Set; 4 4 0 java/util/IdentityHashMap <init> ()V 5 1 0 java/util/AbstractMap <init> ()V 6 1 0 java/lang/Object <init> ()V 5 7 0 java/util/IdentityHashMap init (I)V 4 7 0 java/util/Collections newSetFromMap (Ljava/util/Map;)Ljava/util/Set; 5 1 0 java/util/IdentityHashMap isEmpty ()Z 5 25 0 java/util/Collections$SetFromMap <init> (Ljava/util/Map;)V 6 1 0 java/util/AbstractSet <init> ()V 7 1 0 java/util/AbstractCollection <init> ()V 8 1 0 java/lang/Object <init> ()V 6 11 0 java/util/IdentityHashMap keySet ()Ljava/util/Set; 7 14 0 java/util/IdentityHashMap$KeySet <init> (Ljava/util/IdentityHashMap;)V 8 6 0 java/util/AbstractSet <init> ()V 9 1 0 java/util/AbstractCollection <init> ()V 10 1 0 java/lang/Object <init> ()V 2 6 0 java/lang/Object <init> ()V 1 561 0 java/util/Collections$SetFromMap isEmpty ()Z 1 626 0 com/android/tools/r8/internal/hi b ()Ljava/util/function/Consumer; 2 0 0 java/lang/invoke/Invokers$Holder linkToTargetMethod (Ljava/lang/Object;)Ljava/lang/Object; 3 4 0  @bci com/android/tools/r8/internal/Gj a (Lcom/android/tools/r8/internal/Gr0;Lcom/android/tools/r8/internal/AA;Lcom/android/tools/r8/internal/Fr0;)V 1 <appendix> form vmentry <vmtarget> ; invoke (Ljava/lang/Object;)Ljava/lang/Object; 1 632 0 com/android/tools/r8/internal/iv0 a (Ljava/lang/Iterable;I)V 2 35 0 java/lang/invoke/Invokers$Holder linkToTargetMethod (Ljava/lang/Object;Ljava/lang/Object;)Ljava/lang/Object; 3 5 0 java/lang/invoke/DirectMethodHandle$Holder newInvokeSpecial (Ljava/lang/Object;Ljava/lang/Object;)Ljava/lang/Object; 4 1 0 java/lang/invoke/DirectMethodHandle allocateInstance (Ljava/lang/Object;)Ljava/lang/Object; 4 6 0 java/lang/invoke/DirectMethodHandle constructorMethod (Ljava/lang/Object;)Ljava/lang/Object; 4 16 0  @bci com/android/tools/r8/internal/iv0 a (Ljava/lang/Iterable;I)V 35 <appendix> member <vmtarget> ; <init> (Lcom/android/tools/r8/internal/iv0;)V 5 1 0 java/lang/Object <init> ()V 2 40 0 java/lang/Iterable forEach (Ljava/util/function/Consumer;)V 3 1 0 java/util/Objects requireNonNull (Ljava/lang/Object;)Ljava/lang/Object; 3 6 0 com/android/tools/r8/ir/optimize/a iterator ()Ljava/util/Iterator; 4 4 0 java/util/Collections$SetFromMap iterator ()Ljava/util/Iterator; 5 4 0 java/util/IdentityHashMap$KeySet iterator ()Ljava/util/Iterator; 6 8 0 java/util/IdentityHashMap$KeyIterator <init> (Ljava/util/IdentityHashMap;)V 7 2 0 java/util/IdentityHashMap$IdentityHashMapIterator <init> (Ljava/util/IdentityHashMap;)V 8 6 0 java/lang/Object <init> ()V 3 13 0 java/util/IdentityHashMap$IdentityHashMapIterator hasNext ()Z
